1,cubewall_unscheduled_0519.eso,cubewall_scheduled_0519.eso,
,,,
Date/Time,[1] Surface Outside Face Incident Solar Radiation Rate per Area  (W/m2),[1] Surface Outside Face Incident Solar Radiation Rate per Area  (W/m2),
,SHADER_0,SHADER_0,
Year 1 Jan 01 1:00 AM,0,0,0
Year 1 Jan 01 2:00 AM,0,0,0
Year 1 Jan 01 3:00 AM,0,0,0
Year 1 Jan 01 4:00 AM,0,0,0
Year 1 Jan 01 5:00 AM,0,0,0
Year 1 Jan 01 6:00 AM,0,0,0
Year 1 Jan 01 7:00 AM,0,0,0
Year 1 Jan 01 8:00 AM,6.426755577,6.426755577,0
Year 1 Jan 01 9:00 AM,26.13446744,26.13446744,0
Year 1 Jan 01 10:00 AM,36.53327877,36.53327877,0
Year 1 Jan 01 11:00 AM,44.4932073,44.4932073,0
Year 1 Jan 01 12:00 PM,61.80985519,61.80985519,0
Year 1 Jan 01 1:00 PM,65.98916297,65.98916297,0
Year 1 Jan 01 2:00 PM,58.32241049,58.32241049,0
Year 1 Jan 01 3:00 PM,38.00586784,38.00586784,0
Year 1 Jan 01 4:00 PM,17.47881448,17.47881448,0
Year 1 Jan 01 5:00 PM,2.050766405,2.050766405,0
Year 1 Jan 01 6:00 PM,0,0,0
Year 1 Jan 01 7:00 PM,0,0,0
Year 1 Jan 01 8:00 PM,0,0,0
Year 1 Jan 01 9:00 PM,0,0,0
Year 1 Jan 01 10:00 PM,0,0,0
Year 1 Jan 01 11:00 PM,0,0,0
Year 1 Jan 02 12:00 AM,0,0,0
Year 1 Jan 02 1:00 AM,0,0,0
Year 1 Jan 02 2:00 AM,0,0,0
Year 1 Jan 02 3:00 AM,0,0,0
Year 1 Jan 02 4:00 AM,0,0,0
Year 1 Jan 02 5:00 AM,0,0,0
Year 1 Jan 02 6:00 AM,0,0,0
Year 1 Jan 02 7:00 AM,0,0,0
Year 1 Jan 02 8:00 AM,4.790037789,4.790037789,0
Year 1 Jan 02 9:00 AM,22.33087579,22.33087579,0
Year 1 Jan 02 10:00 AM,46.07886591,46.07886591,0
Year 1 Jan 02 11:00 AM,55.16845374,55.16845374,0
Year 1 Jan 02 12:00 PM,67.47601294,67.47601294,0
Year 1 Jan 02 1:00 PM,69.55228614,69.55228614,0
Year 1 Jan 02 2:00 PM,61.44399447,61.44399447,0
Year 1 Jan 02 3:00 PM,44.21481509,44.21481509,0
Year 1 Jan 02 4:00 PM,20.76301533,20.76301533,0
Year 1 Jan 02 5:00 PM,2.705113776,2.705113776,0
Year 1 Jan 02 6:00 PM,0,0,0
Year 1 Jan 02 7:00 PM,0,0,0
Year 1 Jan 02 8:00 PM,0,0,0
Year 1 Jan 02 9:00 PM,0,0,0
Year 1 Jan 02 10:00 PM,0,0,0
Year 1 Jan 02 11:00 PM,0,0,0
Year 1 Jan 03 12:00 AM,0,0,0
Year 1 Jan 03 1:00 AM,0,0,0
Year 1 Jan 03 2:00 AM,0,0,0
Year 1 Jan 03 3:00 AM,0,0,0
Year 1 Jan 03 4:00 AM,0,0,0
Year 1 Jan 03 5:00 AM,0,0,0
Year 1 Jan 03 6:00 AM,0,0,0
Year 1 Jan 03 7:00 AM,0,0,0
Year 1 Jan 03 8:00 AM,8.784895522,8.784895522,0
Year 1 Jan 03 9:00 AM,33.99594275,33.99594275,0
Year 1 Jan 03 10:00 AM,61.12467578,61.12467578,0
Year 1 Jan 03 11:00 AM,77.34296123,77.34296123,0
Year 1 Jan 03 12:00 PM,80.73415959,80.73415959,0
Year 1 Jan 03 1:00 PM,79.48413774,79.48413774,0
Year 1 Jan 03 2:00 PM,72.60429094,72.60429094,0
Year 1 Jan 03 3:00 PM,52.36947228,52.36947228,0
Year 1 Jan 03 4:00 PM,27.14278522,27.14278522,0
Year 1 Jan 03 5:00 PM,3.573256853,3.573256853,0
Year 1 Jan 03 6:00 PM,0,0,0
Year 1 Jan 03 7:00 PM,0,0,0
Year 1 Jan 03 8:00 PM,0,0,0
Year 1 Jan 03 9:00 PM,0,0,0
Year 1 Jan 03 10:00 PM,0,0,0
Year 1 Jan 03 11:00 PM,0,0,0
Year 1 Jan 04 12:00 AM,0,0,0
Year 1 Jan 04 1:00 AM,0,0,0
Year 1 Jan 04 2:00 AM,0,0,0
Year 1 Jan 04 3:00 AM,0,0,0
Year 1 Jan 04 4:00 AM,0,0,0
Year 1 Jan 04 5:00 AM,0,0,0
Year 1 Jan 04 6:00 AM,0,0,0
Year 1 Jan 04 7:00 AM,0,0,0
Year 1 Jan 04 8:00 AM,8.443832319,8.443832319,0
Year 1 Jan 04 9:00 AM,31.13046207,31.13046207,0
Year 1 Jan 04 10:00 AM,51.09490965,51.09490965,0
Year 1 Jan 04 11:00 AM,68.25324593,68.25324593,0
Year 1 Jan 04 12:00 PM,73.12505937,73.12505937,0
Year 1 Jan 04 1:00 PM,71.6496124,71.6496124,0
Year 1 Jan 04 2:00 PM,59.85698815,59.85698815,0
Year 1 Jan 04 3:00 PM,46.34579863,46.34579863,0
Year 1 Jan 04 4:00 PM,23.0508093,23.0508093,0
Year 1 Jan 04 5:00 PM,3.23218997,3.23218997,0
Year 1 Jan 04 6:00 PM,0,0,0
Year 1 Jan 04 7:00 PM,0,0,0
Year 1 Jan 04 8:00 PM,0,0,0
Year 1 Jan 04 9:00 PM,0,0,0
Year 1 Jan 04 10:00 PM,0,0,0
Year 1 Jan 04 11:00 PM,0,0,0
Year 1 Jan 05 12:00 AM,0,0,0
Year 1 Jan 05 1:00 AM,0,0,0
Year 1 Jan 05 2:00 AM,0,0,0
Year 1 Jan 05 3:00 AM,0,0,0
Year 1 Jan 05 4:00 AM,0,0,0
Year 1 Jan 05 5:00 AM,0,0,0
Year 1 Jan 05 6:00 AM,0,0,0
Year 1 Jan 05 7:00 AM,0,0,0
Year 1 Jan 05 8:00 AM,8.737026165,8.737026165,0
Year 1 Jan 05 9:00 AM,25.69252085,25.69252085,0
Year 1 Jan 05 10:00 AM,32.52071013,32.52071013,0
Year 1 Jan 05 11:00 AM,35.93968536,35.93968536,0
Year 1 Jan 05 12:00 PM,37.5830457,37.5830457,0
Year 1 Jan 05 1:00 PM,38.32910128,38.32910128,0
Year 1 Jan 05 2:00 PM,40.21938755,40.21938755,0
Year 1 Jan 05 3:00 PM,40.58667833,40.58667833,0
Year 1 Jan 05 4:00 PM,23.16309582,23.16309582,0
Year 1 Jan 05 5:00 PM,3.400271496,3.400271496,0
Year 1 Jan 05 6:00 PM,0,0,0
Year 1 Jan 05 7:00 PM,0,0,0
Year 1 Jan 05 8:00 PM,0,0,0
Year 1 Jan 05 9:00 PM,0,0,0
Year 1 Jan 05 10:00 PM,0,0,0
Year 1 Jan 05 11:00 PM,0,0,0
Year 1 Jan 06 12:00 AM,0,0,0
Year 1 Jan 06 1:00 AM,0,0,0
Year 1 Jan 06 2:00 AM,0,0,0
Year 1 Jan 06 3:00 AM,0,0,0
Year 1 Jan 06 4:00 AM,0,0,0
Year 1 Jan 06 5:00 AM,0,0,0
Year 1 Jan 06 6:00 AM,0,0,0
Year 1 Jan 06 7:00 AM,0,0,0
Year 1 Jan 06 8:00 AM,8.367989251,8.367989251,0
Year 1 Jan 06 9:00 AM,27.19277718,27.19277718,0
Year 1 Jan 06 10:00 AM,38.42065806,38.42065806,0
Year 1 Jan 06 11:00 AM,56.37672144,56.37672144,0
Year 1 Jan 06 12:00 PM,65.88298847,65.88298847,0
Year 1 Jan 06 1:00 PM,68.98480359,68.98480359,0
Year 1 Jan 06 2:00 PM,52.88027293,52.88027293,0
Year 1 Jan 06 3:00 PM,46.4408087,46.4408087,0
Year 1 Jan 06 4:00 PM,28.6805048,28.6805048,0
Year 1 Jan 06 5:00 PM,3.980062435,3.980062435,0
Year 1 Jan 06 6:00 PM,0,0,0
Year 1 Jan 06 7:00 PM,0,0,0
Year 1 Jan 06 8:00 PM,0,0,0
Year 1 Jan 06 9:00 PM,0,0,0
Year 1 Jan 06 10:00 PM,0,0,0
Year 1 Jan 06 11:00 PM,0,0,0
Year 1 Jan 07 12:00 AM,0,0,0
Year 1 Jan 07 1:00 AM,0,0,0
Year 1 Jan 07 2:00 AM,0,0,0
Year 1 Jan 07 3:00 AM,0,0,0
Year 1 Jan 07 4:00 AM,0,0,0
Year 1 Jan 07 5:00 AM,0,0,0
Year 1 Jan 07 6:00 AM,0,0,0
Year 1 Jan 07 7:00 AM,0,0,0
Year 1 Jan 07 8:00 AM,7.183013278,7.183013278,0
Year 1 Jan 07 9:00 AM,20.93373869,20.93373869,0
Year 1 Jan 07 10:00 AM,29.42103428,29.42103428,0
Year 1 Jan 07 11:00 AM,33.76375519,33.76375519,0
Year 1 Jan 07 12:00 PM,35.43842091,35.43842091,0
Year 1 Jan 07 1:00 PM,35.22544076,35.22544076,0
Year 1 Jan 07 2:00 PM,32.70156117,32.70156117,0
Year 1 Jan 07 3:00 PM,27.43448395,27.43448395,0
Year 1 Jan 07 4:00 PM,17.9361019,17.9361019,0
Year 1 Jan 07 5:00 PM,4.281815093,4.281815093,0
Year 1 Jan 07 6:00 PM,0,0,0
Year 1 Jan 07 7:00 PM,0,0,0
Year 1 Jan 07 8:00 PM,0,0,0
Year 1 Jan 07 9:00 PM,0,0,0
Year 1 Jan 07 10:00 PM,0,0,0
Year 1 Jan 07 11:00 PM,0,0,0
Year 1 Jan 08 12:00 AM,0,0,0
Year 1 Jan 08 1:00 AM,0,0,0
Year 1 Jan 08 2:00 AM,0,0,0
Year 1 Jan 08 3:00 AM,0,0,0
Year 1 Jan 08 4:00 AM,0,0,0
Year 1 Jan 08 5:00 AM,0,0,0
Year 1 Jan 08 6:00 AM,0,0,0
Year 1 Jan 08 7:00 AM,0,0,0
Year 1 Jan 08 8:00 AM,7.555873262,7.555873262,0
Year 1 Jan 08 9:00 AM,22.11872,22.11872,0
Year 1 Jan 08 10:00 AM,34.453366,34.453366,0
Year 1 Jan 08 11:00 AM,46.46415643,46.46415643,0
Year 1 Jan 08 12:00 PM,60.37372563,60.37372563,0
Year 1 Jan 08 1:00 PM,47.1915619,47.1915619,0
Year 1 Jan 08 2:00 PM,39.54218014,39.54218014,0
Year 1 Jan 08 3:00 PM,27.75285051,27.75285051,0
Year 1 Jan 08 4:00 PM,19.43778552,19.43778552,0
Year 1 Jan 08 5:00 PM,4.554290437,4.554290437,0
Year 1 Jan 08 6:00 PM,0,0,0
Year 1 Jan 08 7:00 PM,0,0,0
Year 1 Jan 08 8:00 PM,0,0,0
Year 1 Jan 08 9:00 PM,0,0,0
Year 1 Jan 08 10:00 PM,0,0,0
Year 1 Jan 08 11:00 PM,0,0,0
Year 1 Jan 09 12:00 AM,0,0,0
Year 1 Jan 09 1:00 AM,0,0,0
Year 1 Jan 09 2:00 AM,0,0,0
Year 1 Jan 09 3:00 AM,0,0,0
Year 1 Jan 09 4:00 AM,0,0,0
Year 1 Jan 09 5:00 AM,0,0,0
Year 1 Jan 09 6:00 AM,0,0,0
Year 1 Jan 09 7:00 AM,0,0,0
Year 1 Jan 09 8:00 AM,8.061506746,8.061506746,0
Year 1 Jan 09 9:00 AM,30.73108387,30.73108387,0
Year 1 Jan 09 10:00 AM,56.57127955,56.57127955,0
Year 1 Jan 09 11:00 AM,74.25048037,74.25048037,0
Year 1 Jan 09 12:00 PM,74.86705031,74.86705031,0
Year 1 Jan 09 1:00 PM,77.93384398,77.93384398,0
Year 1 Jan 09 2:00 PM,62.68196455,62.68196455,0
Year 1 Jan 09 3:00 PM,43.63750719,43.63750719,0
Year 1 Jan 09 4:00 PM,24.5764524,24.5764524,0
Year 1 Jan 09 5:00 PM,4.454203708,4.454203708,0
Year 1 Jan 09 6:00 PM,0,0,0
Year 1 Jan 09 7:00 PM,0,0,0
Year 1 Jan 09 8:00 PM,0,0,0
Year 1 Jan 09 9:00 PM,0,0,0
Year 1 Jan 09 10:00 PM,0,0,0
Year 1 Jan 09 11:00 PM,0,0,0
Year 1 Jan 10 12:00 AM,0,0,0
Year 1 Jan 10 1:00 AM,0,0,0
Year 1 Jan 10 2:00 AM,0,0,0
Year 1 Jan 10 3:00 AM,0,0,0
Year 1 Jan 10 4:00 AM,0,0,0
Year 1 Jan 10 5:00 AM,0,0,0
Year 1 Jan 10 6:00 AM,0,0,0
Year 1 Jan 10 7:00 AM,0,0,0
Year 1 Jan 10 8:00 AM,8.108776395,8.108776395,0
Year 1 Jan 10 9:00 AM,26.04212914,26.04212914,0
Year 1 Jan 10 10:00 AM,35.06606189,35.06606189,0
Year 1 Jan 10 11:00 AM,40.16762205,40.16762205,0
Year 1 Jan 10 12:00 PM,45.6350946,45.6350946,0
Year 1 Jan 10 1:00 PM,45.40786823,45.40786823,0
Year 1 Jan 10 2:00 PM,39.17488631,39.17488631,0
Year 1 Jan 10 3:00 PM,33.3420117,33.3420117,0
Year 1 Jan 10 4:00 PM,22.78505014,22.78505014,0
Year 1 Jan 10 5:00 PM,5.02892979,5.02892979,0
Year 1 Jan 10 6:00 PM,0,0,0
Year 1 Jan 10 7:00 PM,0,0,0
Year 1 Jan 10 8:00 PM,0,0,0
Year 1 Jan 10 9:00 PM,0,0,0
Year 1 Jan 10 10:00 PM,0,0,0
Year 1 Jan 10 11:00 PM,0,0,0
Year 1 Jan 11 12:00 AM,0,0,0
Year 1 Jan 11 1:00 AM,0,0,0
Year 1 Jan 11 2:00 AM,0,0,0
Year 1 Jan 11 3:00 AM,0,0,0
Year 1 Jan 11 4:00 AM,0,0,0
Year 1 Jan 11 5:00 AM,0,0,0
Year 1 Jan 11 6:00 AM,0,0,0
Year 1 Jan 11 7:00 AM,0,0,0
Year 1 Jan 11 8:00 AM,6.042143018,6.042143018,0
Year 1 Jan 11 9:00 AM,26.58690146,26.58690146,0
Year 1 Jan 11 10:00 AM,50.84855928,50.84855928,0
Year 1 Jan 11 11:00 AM,56.34444903,56.34444903,0
Year 1 Jan 11 12:00 PM,60.51135784,60.51135784,0
Year 1 Jan 11 1:00 PM,60.19256438,60.19256438,0
Year 1 Jan 11 2:00 PM,49.88776284,49.88776284,0
Year 1 Jan 11 3:00 PM,30.5098584,30.5098584,0
Year 1 Jan 11 4:00 PM,18.99566921,18.99566921,0
Year 1 Jan 11 5:00 PM,4.712129751,4.712129751,0
Year 1 Jan 11 6:00 PM,0,0,0
Year 1 Jan 11 7:00 PM,0,0,0
Year 1 Jan 11 8:00 PM,0,0,0
Year 1 Jan 11 9:00 PM,0,0,0
Year 1 Jan 11 10:00 PM,0,0,0
Year 1 Jan 11 11:00 PM,0,0,0
Year 1 Jan 12 12:00 AM,0,0,0
Year 1 Jan 12 1:00 AM,0,0,0
Year 1 Jan 12 2:00 AM,0,0,0
Year 1 Jan 12 3:00 AM,0,0,0
Year 1 Jan 12 4:00 AM,0,0,0
Year 1 Jan 12 5:00 AM,0,0,0
Year 1 Jan 12 6:00 AM,0,0,0
Year 1 Jan 12 7:00 AM,0,0,0
Year 1 Jan 12 8:00 AM,8.821826195,8.821826195,0
Year 1 Jan 12 9:00 AM,27.91266708,27.91266708,0
Year 1 Jan 12 10:00 AM,33.67558665,33.67558665,0
Year 1 Jan 12 11:00 AM,49.22329429,49.22329429,0
Year 1 Jan 12 12:00 PM,61.70183864,61.70183864,0
Year 1 Jan 12 1:00 PM,66.0016781,66.0016781,0
Year 1 Jan 12 2:00 PM,61.5424607,61.5424607,0
Year 1 Jan 12 3:00 PM,43.12408302,43.12408302,0
Year 1 Jan 12 4:00 PM,22.19395862,22.19395862,0
Year 1 Jan 12 5:00 PM,3.975205074,3.975205074,0
Year 1 Jan 12 6:00 PM,0,0,0
Year 1 Jan 12 7:00 PM,0,0,0
Year 1 Jan 12 8:00 PM,0,0,0
Year 1 Jan 12 9:00 PM,0,0,0
Year 1 Jan 12 10:00 PM,0,0,0
Year 1 Jan 12 11:00 PM,0,0,0
Year 1 Jan 13 12:00 AM,0,0,0
Year 1 Jan 13 1:00 AM,0,0,0
Year 1 Jan 13 2:00 AM,0,0,0
Year 1 Jan 13 3:00 AM,0,0,0
Year 1 Jan 13 4:00 AM,0,0,0
Year 1 Jan 13 5:00 AM,0,0,0
Year 1 Jan 13 6:00 AM,0,0,0
Year 1 Jan 13 7:00 AM,0,0,0
Year 1 Jan 13 8:00 AM,8.750836438,8.750836438,0
Year 1 Jan 13 9:00 AM,28.29615546,28.29615546,0
Year 1 Jan 13 10:00 AM,38.57700217,38.57700217,0
Year 1 Jan 13 11:00 AM,44.4535814,44.4535814,0
Year 1 Jan 13 12:00 PM,49.10429836,49.10429836,0
Year 1 Jan 13 1:00 PM,59.59756761,59.59756761,0
Year 1 Jan 13 2:00 PM,72.77102105,72.77102105,0
Year 1 Jan 13 3:00 PM,47.93489434,47.93489434,0
Year 1 Jan 13 4:00 PM,13.66952564,13.66952564,0
Year 1 Jan 13 5:00 PM,2.468279578,2.468279578,0
Year 1 Jan 13 6:00 PM,0,0,0
Year 1 Jan 13 7:00 PM,0,0,0
Year 1 Jan 13 8:00 PM,0,0,0
Year 1 Jan 13 9:00 PM,0,0,0
Year 1 Jan 13 10:00 PM,0,0,0
Year 1 Jan 13 11:00 PM,0,0,0
Year 1 Jan 14 12:00 AM,0,0,0
Year 1 Jan 14 1:00 AM,0,0,0
Year 1 Jan 14 2:00 AM,0,0,0
Year 1 Jan 14 3:00 AM,0,0,0
Year 1 Jan 14 4:00 AM,0,0,0
Year 1 Jan 14 5:00 AM,0,0,0
Year 1 Jan 14 6:00 AM,0,0,0
Year 1 Jan 14 7:00 AM,0,0,0
Year 1 Jan 14 8:00 AM,8.113890561,8.113890561,0
Year 1 Jan 14 9:00 AM,31.32218052,31.32218052,0
Year 1 Jan 14 10:00 AM,49.9081531,49.9081531,0
Year 1 Jan 14 11:00 AM,61.54333268,61.54333268,0
Year 1 Jan 14 12:00 PM,71.26534819,71.26534819,0
Year 1 Jan 14 1:00 PM,66.65837056,66.65837056,0
Year 1 Jan 14 2:00 PM,37.18751909,37.18751909,0
Year 1 Jan 14 3:00 PM,30.81880085,30.81880085,0
Year 1 Jan 14 4:00 PM,21.06566026,21.06566026,0
Year 1 Jan 14 5:00 PM,5.540197793,5.540197793,0
Year 1 Jan 14 6:00 PM,0,0,0
Year 1 Jan 14 7:00 PM,0,0,0
Year 1 Jan 14 8:00 PM,0,0,0
Year 1 Jan 14 9:00 PM,0,0,0
Year 1 Jan 14 10:00 PM,0,0,0
Year 1 Jan 14 11:00 PM,0,0,0
Year 1 Jan 15 12:00 AM,0,0,0
Year 1 Jan 15 1:00 AM,0,0,0
Year 1 Jan 15 2:00 AM,0,0,0
Year 1 Jan 15 3:00 AM,0,0,0
Year 1 Jan 15 4:00 AM,0,0,0
Year 1 Jan 15 5:00 AM,0,0,0
Year 1 Jan 15 6:00 AM,0,0,0
Year 1 Jan 15 7:00 AM,0,0,0
Year 1 Jan 15 8:00 AM,8.842458919,8.842458919,0
Year 1 Jan 15 9:00 AM,27.84694967,27.84694967,0
Year 1 Jan 15 10:00 AM,40.70882908,40.70882908,0
Year 1 Jan 15 11:00 AM,44.91014139,44.91014139,0
Year 1 Jan 15 12:00 PM,49.20771341,49.20771341,0
Year 1 Jan 15 1:00 PM,57.96426557,57.96426557,0
Year 1 Jan 15 2:00 PM,54.79340036,54.79340036,0
Year 1 Jan 15 3:00 PM,46.26701416,46.26701416,0
Year 1 Jan 15 4:00 PM,27.89725596,27.89725596,0
Year 1 Jan 15 5:00 PM,5.999987868,5.999987868,0
Year 1 Jan 15 6:00 PM,0,0,0
Year 1 Jan 15 7:00 PM,0,0,0
Year 1 Jan 15 8:00 PM,0,0,0
Year 1 Jan 15 9:00 PM,0,0,0
Year 1 Jan 15 10:00 PM,0,0,0
Year 1 Jan 15 11:00 PM,0,0,0
Year 1 Jan 16 12:00 AM,0,0,0
Year 1 Jan 16 1:00 AM,0,0,0
Year 1 Jan 16 2:00 AM,0,0,0
Year 1 Jan 16 3:00 AM,0,0,0
Year 1 Jan 16 4:00 AM,0,0,0
Year 1 Jan 16 5:00 AM,0,0,0
Year 1 Jan 16 6:00 AM,0,0,0
Year 1 Jan 16 7:00 AM,0,0,0
Year 1 Jan 16 8:00 AM,9.010142292,9.010142292,0
Year 1 Jan 16 9:00 AM,35.55955418,35.55955418,0
Year 1 Jan 16 10:00 AM,54.86563434,54.86563434,0
Year 1 Jan 16 11:00 AM,58.51040067,58.51040067,0
Year 1 Jan 16 12:00 PM,70.65859166,70.65859166,0
Year 1 Jan 16 1:00 PM,58.23404237,58.23404237,0
Year 1 Jan 16 2:00 PM,54.18999781,54.18999781,0
Year 1 Jan 16 3:00 PM,50.35790877,50.35790877,0
Year 1 Jan 16 4:00 PM,28.75301547,28.75301547,0
Year 1 Jan 16 5:00 PM,6.520515074,6.520515074,0
Year 1 Jan 16 6:00 PM,0,0,0
Year 1 Jan 16 7:00 PM,0,0,0
Year 1 Jan 16 8:00 PM,0,0,0
Year 1 Jan 16 9:00 PM,0,0,0
Year 1 Jan 16 10:00 PM,0,0,0
Year 1 Jan 16 11:00 PM,0,0,0
Year 1 Jan 17 12:00 AM,0,0,0
Year 1 Jan 17 1:00 AM,0,0,0
Year 1 Jan 17 2:00 AM,0,0,0
Year 1 Jan 17 3:00 AM,0,0,0
Year 1 Jan 17 4:00 AM,0,0,0
Year 1 Jan 17 5:00 AM,0,0,0
Year 1 Jan 17 6:00 AM,0,0,0
Year 1 Jan 17 7:00 AM,0,0,0
Year 1 Jan 17 8:00 AM,8.599490702,8.599490702,0
Year 1 Jan 17 9:00 AM,23.50475457,23.50475457,0
Year 1 Jan 17 10:00 AM,31.27385502,31.27385502,0
Year 1 Jan 17 11:00 AM,41.10347875,41.10347875,0
Year 1 Jan 17 12:00 PM,44.94125253,44.94125253,0
Year 1 Jan 17 1:00 PM,54.84104554,54.84104554,0
Year 1 Jan 17 2:00 PM,52.96124548,52.96124548,0
Year 1 Jan 17 3:00 PM,40.88483004,40.88483004,0
Year 1 Jan 17 4:00 PM,26.53844584,26.53844584,0
Year 1 Jan 17 5:00 PM,6.678018748,6.678018748,0
Year 1 Jan 17 6:00 PM,0,0,0
Year 1 Jan 17 7:00 PM,0,0,0
Year 1 Jan 17 8:00 PM,0,0,0
Year 1 Jan 17 9:00 PM,0,0,0
Year 1 Jan 17 10:00 PM,0,0,0
Year 1 Jan 17 11:00 PM,0,0,0
Year 1 Jan 18 12:00 AM,0,0,0
Year 1 Jan 18 1:00 AM,0,0,0
Year 1 Jan 18 2:00 AM,0,0,0
Year 1 Jan 18 3:00 AM,0,0,0
Year 1 Jan 18 4:00 AM,0,0,0
Year 1 Jan 18 5:00 AM,0,0,0
Year 1 Jan 18 6:00 AM,0,0,0
Year 1 Jan 18 7:00 AM,0,0,0
Year 1 Jan 18 8:00 AM,5.37066685,5.37066685,0
Year 1 Jan 18 9:00 AM,23.65610877,23.65610877,0
Year 1 Jan 18 10:00 AM,54.12116649,54.12116649,0
Year 1 Jan 18 11:00 AM,66.49030404,66.49030404,0
Year 1 Jan 18 12:00 PM,67.53301325,67.53301325,0
Year 1 Jan 18 1:00 PM,61.41436726,61.41436726,0
Year 1 Jan 18 2:00 PM,53.71206247,53.71206247,0
Year 1 Jan 18 3:00 PM,40.65266115,40.65266115,0
Year 1 Jan 18 4:00 PM,19.00720672,19.00720672,0
Year 1 Jan 18 5:00 PM,4.384657832,4.384657832,0
Year 1 Jan 18 6:00 PM,0,0,0
Year 1 Jan 18 7:00 PM,0,0,0
Year 1 Jan 18 8:00 PM,0,0,0
Year 1 Jan 18 9:00 PM,0,0,0
Year 1 Jan 18 10:00 PM,0,0,0
Year 1 Jan 18 11:00 PM,0,0,0
Year 1 Jan 19 12:00 AM,0,0,0
Year 1 Jan 19 1:00 AM,0,0,0
Year 1 Jan 19 2:00 AM,0,0,0
Year 1 Jan 19 3:00 AM,0,0,0
Year 1 Jan 19 4:00 AM,0,0,0
Year 1 Jan 19 5:00 AM,0,0,0
Year 1 Jan 19 6:00 AM,0,0,0
Year 1 Jan 19 7:00 AM,0,0,0
Year 1 Jan 19 8:00 AM,8.105615985,8.105615985,0
Year 1 Jan 19 9:00 AM,33.4922895,33.4922895,0
Year 1 Jan 19 10:00 AM,53.22635272,53.22635272,0
Year 1 Jan 19 11:00 AM,70.34259952,70.34259952,0
Year 1 Jan 19 12:00 PM,82.8787289,82.8787289,0
Year 1 Jan 19 1:00 PM,82.02839587,82.02839587,0
Year 1 Jan 19 2:00 PM,76.11387702,76.11387702,0
Year 1 Jan 19 3:00 PM,54.0674304,54.0674304,0
Year 1 Jan 19 4:00 PM,31.49789702,31.49789702,0
Year 1 Jan 19 5:00 PM,7.884506239,7.884506239,0
Year 1 Jan 19 6:00 PM,0,0,0
Year 1 Jan 19 7:00 PM,0,0,0
Year 1 Jan 19 8:00 PM,0,0,0
Year 1 Jan 19 9:00 PM,0,0,0
Year 1 Jan 19 10:00 PM,0,0,0
Year 1 Jan 19 11:00 PM,0,0,0
Year 1 Jan 20 12:00 AM,0,0,0
Year 1 Jan 20 1:00 AM,0,0,0
Year 1 Jan 20 2:00 AM,0,0,0
Year 1 Jan 20 3:00 AM,0,0,0
Year 1 Jan 20 4:00 AM,0,0,0
Year 1 Jan 20 5:00 AM,0,0,0
Year 1 Jan 20 6:00 AM,0,0,0
Year 1 Jan 20 7:00 AM,0,0,0
Year 1 Jan 20 8:00 AM,8.805323561,8.805323561,0
Year 1 Jan 20 9:00 AM,32.14760587,32.14760587,0
Year 1 Jan 20 10:00 AM,55.92228326,55.92228326,0
Year 1 Jan 20 11:00 AM,71.21358422,71.21358422,0
Year 1 Jan 20 12:00 PM,79.95235453,79.95235453,0
Year 1 Jan 20 1:00 PM,75.4915391,75.4915391,0
Year 1 Jan 20 2:00 PM,48.37728984,48.37728984,0
Year 1 Jan 20 3:00 PM,33.33587781,33.33587781,0
Year 1 Jan 20 4:00 PM,23.000875,23.000875,0
Year 1 Jan 20 5:00 PM,8.137272569,8.137272569,0
Year 1 Jan 20 6:00 PM,0,0,0
Year 1 Jan 20 7:00 PM,0,0,0
Year 1 Jan 20 8:00 PM,0,0,0
Year 1 Jan 20 9:00 PM,0,0,0
Year 1 Jan 20 10:00 PM,0,0,0
Year 1 Jan 20 11:00 PM,0,0,0
Year 1 Jan 21 12:00 AM,0,0,0
Year 1 Jan 21 1:00 AM,0,0,0
Year 1 Jan 21 2:00 AM,0,0,0
Year 1 Jan 21 3:00 AM,0,0,0
Year 1 Jan 21 4:00 AM,0,0,0
Year 1 Jan 21 5:00 AM,0,0,0
Year 1 Jan 21 6:00 AM,0,0,0
Year 1 Jan 21 7:00 AM,0,0,0
Year 1 Jan 21 8:00 AM,10.6873496,10.6873496,0
Year 1 Jan 21 9:00 AM,34.44075296,34.44075296,0
Year 1 Jan 21 10:00 AM,57.38397182,57.38397182,0
Year 1 Jan 21 11:00 AM,67.60797916,67.60797916,0
Year 1 Jan 21 12:00 PM,72.86110236,72.86110236,0
Year 1 Jan 21 1:00 PM,71.99800614,71.99800614,0
Year 1 Jan 21 2:00 PM,69.5039382,69.5039382,0
Year 1 Jan 21 3:00 PM,41.89034642,41.89034642,0
Year 1 Jan 21 4:00 PM,27.91340051,27.91340051,0
Year 1 Jan 21 5:00 PM,8.247564372,8.247564372,0
Year 1 Jan 21 6:00 PM,0,0,0
Year 1 Jan 21 7:00 PM,0,0,0
Year 1 Jan 21 8:00 PM,0,0,0
Year 1 Jan 21 9:00 PM,0,0,0
Year 1 Jan 21 10:00 PM,0,0,0
Year 1 Jan 21 11:00 PM,0,0,0
Year 1 Jan 22 12:00 AM,0,0,0
Year 1 Jan 22 1:00 AM,0,0,0
Year 1 Jan 22 2:00 AM,0,0,0
Year 1 Jan 22 3:00 AM,0,0,0
Year 1 Jan 22 4:00 AM,0,0,0
Year 1 Jan 22 5:00 AM,0,0,0
Year 1 Jan 22 6:00 AM,0,0,0
Year 1 Jan 22 7:00 AM,0,0,0
Year 1 Jan 22 8:00 AM,6.441972218,6.441972218,0
Year 1 Jan 22 9:00 AM,26.80564743,26.80564743,0
Year 1 Jan 22 10:00 AM,55.93626769,55.93626769,0
Year 1 Jan 22 11:00 AM,64.7116352,64.7116352,0
Year 1 Jan 22 12:00 PM,57.24559975,57.24559975,0
Year 1 Jan 22 1:00 PM,41.51505622,41.51505622,0
Year 1 Jan 22 2:00 PM,40.35967432,40.35967432,0
Year 1 Jan 22 3:00 PM,34.55829225,34.55829225,0
Year 1 Jan 22 4:00 PM,24.03159879,24.03159879,0
Year 1 Jan 22 5:00 PM,7.86110508,7.86110508,0
Year 1 Jan 22 6:00 PM,0,0,0
Year 1 Jan 22 7:00 PM,0,0,0
Year 1 Jan 22 8:00 PM,0,0,0
Year 1 Jan 22 9:00 PM,0,0,0
Year 1 Jan 22 10:00 PM,0,0,0
Year 1 Jan 22 11:00 PM,0,0,0
Year 1 Jan 23 12:00 AM,0,0,0
Year 1 Jan 23 1:00 AM,0,0,0
Year 1 Jan 23 2:00 AM,0,0,0
Year 1 Jan 23 3:00 AM,0,0,0
Year 1 Jan 23 4:00 AM,0,0,0
Year 1 Jan 23 5:00 AM,0,0,0
Year 1 Jan 23 6:00 AM,0,0,0
Year 1 Jan 23 7:00 AM,0,0,0
Year 1 Jan 23 8:00 AM,10.05133572,10.05133572,0
Year 1 Jan 23 9:00 AM,29.8737813,29.8737813,0
Year 1 Jan 23 10:00 AM,45.7186135,45.7186135,0
Year 1 Jan 23 11:00 AM,54.12459703,54.12459703,0
Year 1 Jan 23 12:00 PM,55.90830988,55.90830988,0
Year 1 Jan 23 1:00 PM,55.76031675,55.76031675,0
Year 1 Jan 23 2:00 PM,52.25419196,52.25419196,0
Year 1 Jan 23 3:00 PM,44.23885267,44.23885267,0
Year 1 Jan 23 4:00 PM,28.6756988,28.6756988,0
Year 1 Jan 23 5:00 PM,8.585795584,8.585795584,0
Year 1 Jan 23 6:00 PM,0,0,0
Year 1 Jan 23 7:00 PM,0,0,0
Year 1 Jan 23 8:00 PM,0,0,0
Year 1 Jan 23 9:00 PM,0,0,0
Year 1 Jan 23 10:00 PM,0,0,0
Year 1 Jan 23 11:00 PM,0,0,0
Year 1 Jan 24 12:00 AM,0,0,0
Year 1 Jan 24 1:00 AM,0,0,0
Year 1 Jan 24 2:00 AM,0,0,0
Year 1 Jan 24 3:00 AM,0,0,0
Year 1 Jan 24 4:00 AM,0,0,0
Year 1 Jan 24 5:00 AM,0,0,0
Year 1 Jan 24 6:00 AM,0,0,0
Year 1 Jan 24 7:00 AM,0,0,0
Year 1 Jan 24 8:00 AM,6.068160117,6.068160117,0
Year 1 Jan 24 9:00 AM,20.52257027,20.52257027,0
Year 1 Jan 24 10:00 AM,45.6289205,45.6289205,0
Year 1 Jan 24 11:00 AM,66.76248503,66.76248503,0
Year 1 Jan 24 12:00 PM,80.79928409,80.79928409,0
Year 1 Jan 24 1:00 PM,79.67891838,79.67891838,0
Year 1 Jan 24 2:00 PM,69.51252828,69.51252828,0
Year 1 Jan 24 3:00 PM,52.5918557,52.5918557,0
Year 1 Jan 24 4:00 PM,30.54950525,30.54950525,0
Year 1 Jan 24 5:00 PM,7.850187412,7.850187412,0
Year 1 Jan 24 6:00 PM,0,0,0
Year 1 Jan 24 7:00 PM,0,0,0
Year 1 Jan 24 8:00 PM,0,0,0
Year 1 Jan 24 9:00 PM,0,0,0
Year 1 Jan 24 10:00 PM,0,0,0
Year 1 Jan 24 11:00 PM,0,0,0
Year 1 Jan 25 12:00 AM,0,0,0
Year 1 Jan 25 1:00 AM,0,0,0
Year 1 Jan 25 2:00 AM,0,0,0
Year 1 Jan 25 3:00 AM,0,0,0
Year 1 Jan 25 4:00 AM,0,0,0
Year 1 Jan 25 5:00 AM,0,0,0
Year 1 Jan 25 6:00 AM,0,0,0
Year 1 Jan 25 7:00 AM,0,0,0
Year 1 Jan 25 8:00 AM,8.724804772,8.724804772,0
Year 1 Jan 25 9:00 AM,26.48962314,26.48962314,0
Year 1 Jan 25 10:00 AM,52.59206395,52.59206395,0
Year 1 Jan 25 11:00 AM,64.57230131,64.57230131,0
Year 1 Jan 25 12:00 PM,69.94801842,69.94801842,0
Year 1 Jan 25 1:00 PM,64.98960532,64.98960532,0
Year 1 Jan 25 2:00 PM,62.42968054,62.42968054,0
Year 1 Jan 25 3:00 PM,42.71279417,42.71279417,0
Year 1 Jan 25 4:00 PM,28.74734543,28.74734543,0
Year 1 Jan 25 5:00 PM,9.460442961,9.460442961,0
Year 1 Jan 25 6:00 PM,0,0,0
Year 1 Jan 25 7:00 PM,0,0,0
Year 1 Jan 25 8:00 PM,0,0,0
Year 1 Jan 25 9:00 PM,0,0,0
Year 1 Jan 25 10:00 PM,0,0,0
Year 1 Jan 25 11:00 PM,0,0,0
Year 1 Jan 26 12:00 AM,0,0,0
Year 1 Jan 26 1:00 AM,0,0,0
Year 1 Jan 26 2:00 AM,0,0,0
Year 1 Jan 26 3:00 AM,0,0,0
Year 1 Jan 26 4:00 AM,0,0,0
Year 1 Jan 26 5:00 AM,0,0,0
Year 1 Jan 26 6:00 AM,0,0,0
Year 1 Jan 26 7:00 AM,0,0,0
Year 1 Jan 26 8:00 AM,8.103231898,8.103231898,0
Year 1 Jan 26 9:00 AM,26.444245,26.444245,0
Year 1 Jan 26 10:00 AM,50.33843664,50.33843664,0
Year 1 Jan 26 11:00 AM,67.61889643,67.61889643,0
Year 1 Jan 26 12:00 PM,71.61639586,71.61639586,0
Year 1 Jan 26 1:00 PM,72.31328462,72.31328462,0
Year 1 Jan 26 2:00 PM,63.10756816,63.10756816,0
Year 1 Jan 26 3:00 PM,45.20249086,45.20249086,0
Year 1 Jan 26 4:00 PM,35.86218724,35.86218724,0
Year 1 Jan 26 5:00 PM,11.74440398,11.74440398,0
Year 1 Jan 26 6:00 PM,0,0,0
Year 1 Jan 26 7:00 PM,0,0,0
Year 1 Jan 26 8:00 PM,0,0,0
Year 1 Jan 26 9:00 PM,0,0,0
Year 1 Jan 26 10:00 PM,0,0,0
Year 1 Jan 26 11:00 PM,0,0,0
Year 1 Jan 27 12:00 AM,0,0,0
Year 1 Jan 27 1:00 AM,0,0,0
Year 1 Jan 27 2:00 AM,0,0,0
Year 1 Jan 27 3:00 AM,0,0,0
Year 1 Jan 27 4:00 AM,0,0,0
Year 1 Jan 27 5:00 AM,0,0,0
Year 1 Jan 27 6:00 AM,0,0,0
Year 1 Jan 27 7:00 AM,0,0,0
Year 1 Jan 27 8:00 AM,10.22194835,10.22194835,0
Year 1 Jan 27 9:00 AM,23.28378118,23.28378118,0
Year 1 Jan 27 10:00 AM,31.65028095,31.65028095,0
Year 1 Jan 27 11:00 AM,36.0111929,36.0111929,0
Year 1 Jan 27 12:00 PM,37.82227636,37.82227636,0
Year 1 Jan 27 1:00 PM,37.70558916,37.70558916,0
Year 1 Jan 27 2:00 PM,36.77450844,36.77450844,0
Year 1 Jan 27 3:00 PM,36.17219664,36.17219664,0
Year 1 Jan 27 4:00 PM,23.74999847,23.74999847,0
Year 1 Jan 27 5:00 PM,10.7145058,10.7145058,0
Year 1 Jan 27 6:00 PM,0,0,0
Year 1 Jan 27 7:00 PM,0,0,0
Year 1 Jan 27 8:00 PM,0,0,0
Year 1 Jan 27 9:00 PM,0,0,0
Year 1 Jan 27 10:00 PM,0,0,0
Year 1 Jan 27 11:00 PM,0,0,0
Year 1 Jan 28 12:00 AM,0,0,0
Year 1 Jan 28 1:00 AM,0,0,0
Year 1 Jan 28 2:00 AM,0,0,0
Year 1 Jan 28 3:00 AM,0,0,0
Year 1 Jan 28 4:00 AM,0,0,0
Year 1 Jan 28 5:00 AM,0,0,0
Year 1 Jan 28 6:00 AM,0,0,0
Year 1 Jan 28 7:00 AM,0,0,0
Year 1 Jan 28 8:00 AM,9.450799185,9.450799185,0
Year 1 Jan 28 9:00 AM,26.4313816,26.4313816,0
Year 1 Jan 28 10:00 AM,50.6658376,50.6658376,0
Year 1 Jan 28 11:00 AM,68.32664797,68.32664797,0
Year 1 Jan 28 12:00 PM,71.31741786,71.31741786,0
Year 1 Jan 28 1:00 PM,78.83075226,78.83075226,0
Year 1 Jan 28 2:00 PM,66.16545631,66.16545631,0
Year 1 Jan 28 3:00 PM,46.47729774,46.47729774,0
Year 1 Jan 28 4:00 PM,27.34772228,27.34772228,0
Year 1 Jan 28 5:00 PM,7.730874498,7.730874498,0
Year 1 Jan 28 6:00 PM,0,0,0
Year 1 Jan 28 7:00 PM,0,0,0
Year 1 Jan 28 8:00 PM,0,0,0
Year 1 Jan 28 9:00 PM,0,0,0
Year 1 Jan 28 10:00 PM,0,0,0
Year 1 Jan 28 11:00 PM,0,0,0
Year 1 Jan 29 12:00 AM,0,0,0
Year 1 Jan 29 1:00 AM,0,0,0
Year 1 Jan 29 2:00 AM,0,0,0
Year 1 Jan 29 3:00 AM,0,0,0
Year 1 Jan 29 4:00 AM,0,0,0
Year 1 Jan 29 5:00 AM,0,0,0
Year 1 Jan 29 6:00 AM,0,0,0
Year 1 Jan 29 7:00 AM,0,0,0
Year 1 Jan 29 8:00 AM,11.86363127,11.86363127,0
Year 1 Jan 29 9:00 AM,34.05784689,34.05784689,0
Year 1 Jan 29 10:00 AM,45.3171978,45.3171978,0
Year 1 Jan 29 11:00 AM,73.04770225,73.04770225,0
Year 1 Jan 29 12:00 PM,94.14844468,94.14844468,0
Year 1 Jan 29 1:00 PM,70.68271454,70.68271454,0
Year 1 Jan 29 2:00 PM,68.58243217,68.58243217,0
Year 1 Jan 29 3:00 PM,55.91910814,55.91910814,0
Year 1 Jan 29 4:00 PM,36.47744231,36.47744231,0
Year 1 Jan 29 5:00 PM,12.00815902,12.00815902,0
Year 1 Jan 29 6:00 PM,0,0,0
Year 1 Jan 29 7:00 PM,0,0,0
Year 1 Jan 29 8:00 PM,0,0,0
Year 1 Jan 29 9:00 PM,0,0,0
Year 1 Jan 29 10:00 PM,0,0,0
Year 1 Jan 29 11:00 PM,0,0,0
Year 1 Jan 30 12:00 AM,0,0,0
Year 1 Jan 30 1:00 AM,0,0,0
Year 1 Jan 30 2:00 AM,0,0,0
Year 1 Jan 30 3:00 AM,0,0,0
Year 1 Jan 30 4:00 AM,0,0,0
Year 1 Jan 30 5:00 AM,0,0,0
Year 1 Jan 30 6:00 AM,0,0,0
Year 1 Jan 30 7:00 AM,0,0,0
Year 1 Jan 30 8:00 AM,11.1099844,11.1099844,0
Year 1 Jan 30 9:00 AM,29.69276568,29.69276568,0
Year 1 Jan 30 10:00 AM,48.04308477,48.04308477,0
Year 1 Jan 30 11:00 AM,58.54893298,58.54893298,0
Year 1 Jan 30 12:00 PM,71.89809138,71.89809138,0
Year 1 Jan 30 1:00 PM,76.99865755,76.99865755,0
Year 1 Jan 30 2:00 PM,73.19110698,73.19110698,0
Year 1 Jan 30 3:00 PM,55.25746502,55.25746502,0
Year 1 Jan 30 4:00 PM,33.90398007,33.90398007,0
Year 1 Jan 30 5:00 PM,11.21596146,11.21596146,0
Year 1 Jan 30 6:00 PM,0,0,0
Year 1 Jan 30 7:00 PM,0,0,0
Year 1 Jan 30 8:00 PM,0,0,0
Year 1 Jan 30 9:00 PM,0,0,0
Year 1 Jan 30 10:00 PM,0,0,0
Year 1 Jan 30 11:00 PM,0,0,0
Year 1 Jan 31 12:00 AM,0,0,0
Year 1 Jan 31 1:00 AM,0,0,0
Year 1 Jan 31 2:00 AM,0,0,0
Year 1 Jan 31 3:00 AM,0,0,0
Year 1 Jan 31 4:00 AM,0,0,0
Year 1 Jan 31 5:00 AM,0,0,0
Year 1 Jan 31 6:00 AM,0,0,0
Year 1 Jan 31 7:00 AM,0,0,0
Year 1 Jan 31 8:00 AM,13.04903029,13.04903029,0
Year 1 Jan 31 9:00 AM,40.65187292,40.65187292,0
Year 1 Jan 31 10:00 AM,68.69037296,68.69037296,0
Year 1 Jan 31 11:00 AM,86.11661694,86.11661694,0
Year 1 Jan 31 12:00 PM,89.49937152,89.49937152,0
Year 1 Jan 31 1:00 PM,78.62517413,78.62517413,0
Year 1 Jan 31 2:00 PM,67.21505814,67.21505814,0
Year 1 Jan 31 3:00 PM,46.10908993,46.10908993,0
Year 1 Jan 31 4:00 PM,26.40287623,26.40287623,0
Year 1 Jan 31 5:00 PM,7.937536861,7.937536861,0
Year 1 Jan 31 6:00 PM,0,0,0
Year 1 Jan 31 7:00 PM,0,0,0
Year 1 Jan 31 8:00 PM,0,0,0
Year 1 Jan 31 9:00 PM,0,0,0
Year 1 Jan 31 10:00 PM,0,0,0
Year 1 Jan 31 11:00 PM,0,0,0
Year 1 Feb 01 12:00 AM,0,0,0
Year 1 Feb 01 1:00 AM,0,0,0
Year 1 Feb 01 2:00 AM,0,0,0
Year 1 Feb 01 3:00 AM,0,0,0
Year 1 Feb 01 4:00 AM,0,0,0
Year 1 Feb 01 5:00 AM,0,0,0
Year 1 Feb 01 6:00 AM,0,0,0
Year 1 Feb 01 7:00 AM,0,0,0
Year 1 Feb 01 8:00 AM,13.5488255,13.5488255,0
Year 1 Feb 01 9:00 AM,37.40448318,37.40448318,0
Year 1 Feb 01 10:00 AM,53.97949408,53.97949408,0
Year 1 Feb 01 11:00 AM,50.15033746,50.15033746,0
Year 1 Feb 01 12:00 PM,49.09940933,49.09940933,0
Year 1 Feb 01 1:00 PM,49.02162078,49.02162078,0
Year 1 Feb 01 2:00 PM,46.6902407,46.6902407,0
Year 1 Feb 01 3:00 PM,40.94838589,40.94838589,0
Year 1 Feb 01 4:00 PM,31.1706201,31.1706201,0
Year 1 Feb 01 5:00 PM,14.06529441,14.06529441,0
Year 1 Feb 01 6:00 PM,0,0,0
Year 1 Feb 01 7:00 PM,0,0,0
Year 1 Feb 01 8:00 PM,0,0,0
Year 1 Feb 01 9:00 PM,0,0,0
Year 1 Feb 01 10:00 PM,0,0,0
Year 1 Feb 01 11:00 PM,0,0,0
Year 1 Feb 02 12:00 AM,0,0,0
Year 1 Feb 02 1:00 AM,0,0,0
Year 1 Feb 02 2:00 AM,0,0,0
Year 1 Feb 02 3:00 AM,0,0,0
Year 1 Feb 02 4:00 AM,0,0,0
Year 1 Feb 02 5:00 AM,0,0,0
Year 1 Feb 02 6:00 AM,0,0,0
Year 1 Feb 02 7:00 AM,0,0,0
Year 1 Feb 02 8:00 AM,19.0569519,19.0569519,0
Year 1 Feb 02 9:00 AM,46.84515093,46.84515093,0
Year 1 Feb 02 10:00 AM,78.5147718,78.5147718,0
Year 1 Feb 02 11:00 AM,89.25914784,89.25914784,0
Year 1 Feb 02 12:00 PM,87.18605944,87.18605944,0
Year 1 Feb 02 1:00 PM,79.02584517,79.02584517,0
Year 1 Feb 02 2:00 PM,77.1819474,77.1819474,0
Year 1 Feb 02 3:00 PM,55.05033593,55.05033593,0
Year 1 Feb 02 4:00 PM,36.60275074,36.60275074,0
Year 1 Feb 02 5:00 PM,14.1679727,14.1679727,0
Year 1 Feb 02 6:00 PM,0,0,0
Year 1 Feb 02 7:00 PM,0,0,0
Year 1 Feb 02 8:00 PM,0,0,0
Year 1 Feb 02 9:00 PM,0,0,0
Year 1 Feb 02 10:00 PM,0,0,0
Year 1 Feb 02 11:00 PM,0,0,0
Year 1 Feb 03 12:00 AM,0,0,0
Year 1 Feb 03 1:00 AM,0,0,0
Year 1 Feb 03 2:00 AM,0,0,0
Year 1 Feb 03 3:00 AM,0,0,0
Year 1 Feb 03 4:00 AM,0,0,0
Year 1 Feb 03 5:00 AM,0,0,0
Year 1 Feb 03 6:00 AM,0,0,0
Year 1 Feb 03 7:00 AM,0,0,0
Year 1 Feb 03 8:00 AM,14.22915535,14.22915535,0
Year 1 Feb 03 9:00 AM,43.41470581,43.41470581,0
Year 1 Feb 03 10:00 AM,69.63562751,69.63562751,0
Year 1 Feb 03 11:00 AM,72.34522658,72.34522658,0
Year 1 Feb 03 12:00 PM,96.71192019,96.71192019,0
Year 1 Feb 03 1:00 PM,95.07498333,95.07498333,0
Year 1 Feb 03 2:00 PM,85.96118338,85.96118338,0
Year 1 Feb 03 3:00 PM,60.07912625,60.07912625,0
Year 1 Feb 03 4:00 PM,40.59139473,40.59139473,0
Year 1 Feb 03 5:00 PM,18.87606979,18.87606979,0
Year 1 Feb 03 6:00 PM,0,0,0
Year 1 Feb 03 7:00 PM,0,0,0
Year 1 Feb 03 8:00 PM,0,0,0
Year 1 Feb 03 9:00 PM,0,0,0
Year 1 Feb 03 10:00 PM,0,0,0
Year 1 Feb 03 11:00 PM,0,0,0
Year 1 Feb 04 12:00 AM,0,0,0
Year 1 Feb 04 1:00 AM,0,0,0
Year 1 Feb 04 2:00 AM,0,0,0
Year 1 Feb 04 3:00 AM,0,0,0
Year 1 Feb 04 4:00 AM,0,0,0
Year 1 Feb 04 5:00 AM,0,0,0
Year 1 Feb 04 6:00 AM,0,0,0
Year 1 Feb 04 7:00 AM,0,0,0
Year 1 Feb 04 8:00 AM,13.99895442,13.99895442,0
Year 1 Feb 04 9:00 AM,37.83780629,37.83780629,0
Year 1 Feb 04 10:00 AM,68.79240962,68.79240962,0
Year 1 Feb 04 11:00 AM,76.12418533,76.12418533,0
Year 1 Feb 04 12:00 PM,98.78137279,98.78137279,0
Year 1 Feb 04 1:00 PM,89.03443578,89.03443578,0
Year 1 Feb 04 2:00 PM,80.48799538,80.48799538,0
Year 1 Feb 04 3:00 PM,64.77962352,64.77962352,0
Year 1 Feb 04 4:00 PM,41.44036806,41.44036806,0
Year 1 Feb 04 5:00 PM,15.21899953,15.21899953,0
Year 1 Feb 04 6:00 PM,0,0,0
Year 1 Feb 04 7:00 PM,0,0,0
Year 1 Feb 04 8:00 PM,0,0,0
Year 1 Feb 04 9:00 PM,0,0,0
Year 1 Feb 04 10:00 PM,0,0,0
Year 1 Feb 04 11:00 PM,0,0,0
Year 1 Feb 05 12:00 AM,0,0,0
Year 1 Feb 05 1:00 AM,0,0,0
Year 1 Feb 05 2:00 AM,0,0,0
Year 1 Feb 05 3:00 AM,0,0,0
Year 1 Feb 05 4:00 AM,0,0,0
Year 1 Feb 05 5:00 AM,0,0,0
Year 1 Feb 05 6:00 AM,0,0,0
Year 1 Feb 05 7:00 AM,0,0,0
Year 1 Feb 05 8:00 AM,15.75038052,15.75038052,0
Year 1 Feb 05 9:00 AM,34.84000245,34.84000245,0
Year 1 Feb 05 10:00 AM,45.41866467,45.41866467,0
Year 1 Feb 05 11:00 AM,51.27226257,51.27226257,0
Year 1 Feb 05 12:00 PM,53.9388194,53.9388194,0
Year 1 Feb 05 1:00 PM,53.95769938,53.95769938,0
Year 1 Feb 05 2:00 PM,51.1959062,51.1959062,0
Year 1 Feb 05 3:00 PM,45.52579303,45.52579303,0
Year 1 Feb 05 4:00 PM,34.93663258,34.93663258,0
Year 1 Feb 05 5:00 PM,16.64465586,16.64465586,0
Year 1 Feb 05 6:00 PM,0,0,0
Year 1 Feb 05 7:00 PM,0,0,0
Year 1 Feb 05 8:00 PM,0,0,0
Year 1 Feb 05 9:00 PM,0,0,0
Year 1 Feb 05 10:00 PM,0,0,0
Year 1 Feb 05 11:00 PM,0,0,0
Year 1 Feb 06 12:00 AM,0,0,0
Year 1 Feb 06 1:00 AM,0,0,0
Year 1 Feb 06 2:00 AM,0,0,0
Year 1 Feb 06 3:00 AM,0,0,0
Year 1 Feb 06 4:00 AM,0,0,0
Year 1 Feb 06 5:00 AM,0,0,0
Year 1 Feb 06 6:00 AM,0,0,0
Year 1 Feb 06 7:00 AM,0,0,0
Year 1 Feb 06 8:00 AM,16.97768376,16.97768376,0
Year 1 Feb 06 9:00 AM,37.35405282,37.35405282,0
Year 1 Feb 06 10:00 AM,48.53582254,48.53582254,0
Year 1 Feb 06 11:00 AM,55.08308254,55.08308254,0
Year 1 Feb 06 12:00 PM,59.82450042,59.82450042,0
Year 1 Feb 06 1:00 PM,59.59662841,59.59662841,0
Year 1 Feb 06 2:00 PM,54.64329043,54.64329043,0
Year 1 Feb 06 3:00 PM,48.1800129,48.1800129,0
Year 1 Feb 06 4:00 PM,37.12234669,37.12234669,0
Year 1 Feb 06 5:00 PM,17.06813216,17.06813216,0
Year 1 Feb 06 6:00 PM,0,0,0
Year 1 Feb 06 7:00 PM,0,0,0
Year 1 Feb 06 8:00 PM,0,0,0
Year 1 Feb 06 9:00 PM,0,0,0
Year 1 Feb 06 10:00 PM,0,0,0
Year 1 Feb 06 11:00 PM,0,0,0
Year 1 Feb 07 12:00 AM,0,0,0
Year 1 Feb 07 1:00 AM,0,0,0
Year 1 Feb 07 2:00 AM,0,0,0
Year 1 Feb 07 3:00 AM,0,0,0
Year 1 Feb 07 4:00 AM,0,0,0
Year 1 Feb 07 5:00 AM,0,0,0
Year 1 Feb 07 6:00 AM,0,0,0
Year 1 Feb 07 7:00 AM,0,0,0
Year 1 Feb 07 8:00 AM,16.67476547,16.67476547,0
Year 1 Feb 07 9:00 AM,30.76744054,30.76744054,0
Year 1 Feb 07 10:00 AM,42.65318961,42.65318961,0
Year 1 Feb 07 11:00 AM,48.42528637,48.42528637,0
Year 1 Feb 07 12:00 PM,50.63419093,50.63419093,0
Year 1 Feb 07 1:00 PM,50.72946998,50.72946998,0
Year 1 Feb 07 2:00 PM,48.45522141,48.45522141,0
Year 1 Feb 07 3:00 PM,43.27714274,43.27714274,0
Year 1 Feb 07 4:00 PM,30.81666931,30.81666931,0
Year 1 Feb 07 5:00 PM,17.39091011,17.39091011,0
Year 1 Feb 07 6:00 PM,0,0,0
Year 1 Feb 07 7:00 PM,0,0,0
Year 1 Feb 07 8:00 PM,0,0,0
Year 1 Feb 07 9:00 PM,0,0,0
Year 1 Feb 07 10:00 PM,0,0,0
Year 1 Feb 07 11:00 PM,0,0,0
Year 1 Feb 08 12:00 AM,0,0,0
Year 1 Feb 08 1:00 AM,0,0,0
Year 1 Feb 08 2:00 AM,0,0,0
Year 1 Feb 08 3:00 AM,0,0,0
Year 1 Feb 08 4:00 AM,0,0,0
Year 1 Feb 08 5:00 AM,0,0,0
Year 1 Feb 08 6:00 AM,0,0,0
Year 1 Feb 08 7:00 AM,0,0,0
Year 1 Feb 08 8:00 AM,17.76501872,17.76501872,0
Year 1 Feb 08 9:00 AM,45.48557708,45.48557708,0
Year 1 Feb 08 10:00 AM,58.39722829,58.39722829,0
Year 1 Feb 08 11:00 AM,51.1472914,51.1472914,0
Year 1 Feb 08 12:00 PM,53.51583956,53.51583956,0
Year 1 Feb 08 1:00 PM,56.0251624,56.0251624,0
Year 1 Feb 08 2:00 PM,49.04781724,49.04781724,0
Year 1 Feb 08 3:00 PM,43.60978743,43.60978743,0
Year 1 Feb 08 4:00 PM,34.10532931,34.10532931,0
Year 1 Feb 08 5:00 PM,18.33143334,18.33143334,0
Year 1 Feb 08 6:00 PM,0,0,0
Year 1 Feb 08 7:00 PM,0,0,0
Year 1 Feb 08 8:00 PM,0,0,0
Year 1 Feb 08 9:00 PM,0,0,0
Year 1 Feb 08 10:00 PM,0,0,0
Year 1 Feb 08 11:00 PM,0,0,0
Year 1 Feb 09 12:00 AM,0,0,0
Year 1 Feb 09 1:00 AM,0,0,0
Year 1 Feb 09 2:00 AM,0,0,0
Year 1 Feb 09 3:00 AM,0,0,0
Year 1 Feb 09 4:00 AM,0,0,0
Year 1 Feb 09 5:00 AM,0,0,0
Year 1 Feb 09 6:00 AM,0,0,0
Year 1 Feb 09 7:00 AM,0,0,0
Year 1 Feb 09 8:00 AM,23.0131502,23.0131502,0
Year 1 Feb 09 9:00 AM,55.12238584,55.12238584,0
Year 1 Feb 09 10:00 AM,75.51343789,75.51343789,0
Year 1 Feb 09 11:00 AM,90.53221821,90.53221821,0
Year 1 Feb 09 12:00 PM,94.46933781,94.46933781,0
Year 1 Feb 09 1:00 PM,73.03488848,73.03488848,0
Year 1 Feb 09 2:00 PM,69.12981091,69.12981091,0
Year 1 Feb 09 3:00 PM,39.24563225,39.24563225,0
Year 1 Feb 09 4:00 PM,26.14669127,26.14669127,0
Year 1 Feb 09 5:00 PM,15.07802317,15.07802317,0
Year 1 Feb 09 6:00 PM,1.122477475,1.122477475,0
Year 1 Feb 09 7:00 PM,0,0,0
Year 1 Feb 09 8:00 PM,0,0,0
Year 1 Feb 09 9:00 PM,0,0,0
Year 1 Feb 09 10:00 PM,0,0,0
Year 1 Feb 09 11:00 PM,0,0,0
Year 1 Feb 10 12:00 AM,0,0,0
Year 1 Feb 10 1:00 AM,0,0,0
Year 1 Feb 10 2:00 AM,0,0,0
Year 1 Feb 10 3:00 AM,0,0,0
Year 1 Feb 10 4:00 AM,0,0,0
Year 1 Feb 10 5:00 AM,0,0,0
Year 1 Feb 10 6:00 AM,0,0,0
Year 1 Feb 10 7:00 AM,0,0,0
Year 1 Feb 10 8:00 AM,17.43587989,17.43587989,0
Year 1 Feb 10 9:00 AM,40.87759797,40.87759797,0
Year 1 Feb 10 10:00 AM,56.22200663,56.22200663,0
Year 1 Feb 10 11:00 AM,66.12184797,66.12184797,0
Year 1 Feb 10 12:00 PM,69.52058805,69.52058805,0
Year 1 Feb 10 1:00 PM,68.00033636,68.00033636,0
Year 1 Feb 10 2:00 PM,64.6008227,64.6008227,0
Year 1 Feb 10 3:00 PM,54.9680901,54.9680901,0
Year 1 Feb 10 4:00 PM,39.66057927,39.66057927,0
Year 1 Feb 10 5:00 PM,19.89133859,19.89133859,0
Year 1 Feb 10 6:00 PM,1.302103954,1.302103954,0
Year 1 Feb 10 7:00 PM,0,0,0
Year 1 Feb 10 8:00 PM,0,0,0
Year 1 Feb 10 9:00 PM,0,0,0
Year 1 Feb 10 10:00 PM,0,0,0
Year 1 Feb 10 11:00 PM,0,0,0
Year 1 Feb 11 12:00 AM,0,0,0
Year 1 Feb 11 1:00 AM,0,0,0
Year 1 Feb 11 2:00 AM,0,0,0
Year 1 Feb 11 3:00 AM,0,0,0
Year 1 Feb 11 4:00 AM,0,0,0
Year 1 Feb 11 5:00 AM,0,0,0
Year 1 Feb 11 6:00 AM,0,0,0
Year 1 Feb 11 7:00 AM,1.215255372,1.215255372,0
Year 1 Feb 11 8:00 AM,20.8363024,20.8363024,0
Year 1 Feb 11 9:00 AM,48.45825564,48.45825564,0
Year 1 Feb 11 10:00 AM,64.66260856,64.66260856,0
Year 1 Feb 11 11:00 AM,72.17085291,72.17085291,0
Year 1 Feb 11 12:00 PM,82.77765317,82.77765317,0
Year 1 Feb 11 1:00 PM,76.33506177,76.33506177,0
Year 1 Feb 11 2:00 PM,70.50866323,70.50866323,0
Year 1 Feb 11 3:00 PM,51.74288679,51.74288679,0
Year 1 Feb 11 4:00 PM,38.46718617,38.46718617,0
Year 1 Feb 11 5:00 PM,19.40366955,19.40366955,0
Year 1 Feb 11 6:00 PM,1.229452091,1.229452091,0
Year 1 Feb 11 7:00 PM,0,0,0
Year 1 Feb 11 8:00 PM,0,0,0
Year 1 Feb 11 9:00 PM,0,0,0
Year 1 Feb 11 10:00 PM,0,0,0
Year 1 Feb 11 11:00 PM,0,0,0
Year 1 Feb 12 12:00 AM,0,0,0
Year 1 Feb 12 1:00 AM,0,0,0
Year 1 Feb 12 2:00 AM,0,0,0
Year 1 Feb 12 3:00 AM,0,0,0
Year 1 Feb 12 4:00 AM,0,0,0
Year 1 Feb 12 5:00 AM,0,0,0
Year 1 Feb 12 6:00 AM,0,0,0
Year 1 Feb 12 7:00 AM,0.822354387,0.822354387,0
Year 1 Feb 12 8:00 AM,14.39267116,14.39267116,0
Year 1 Feb 12 9:00 AM,36.68213979,36.68213979,0
Year 1 Feb 12 10:00 AM,40.76038035,40.76038035,0
Year 1 Feb 12 11:00 AM,56.10555317,56.10555317,0
Year 1 Feb 12 12:00 PM,82.70744343,82.70744343,0
Year 1 Feb 12 1:00 PM,69.30521952,69.30521952,0
Year 1 Feb 12 2:00 PM,89.91698108,89.91698108,0
Year 1 Feb 12 3:00 PM,69.40498282,69.40498282,0
Year 1 Feb 12 4:00 PM,39.53168222,39.53168222,0
Year 1 Feb 12 5:00 PM,20.06502682,20.06502682,0
Year 1 Feb 12 6:00 PM,1.240295235,1.240295235,0
Year 1 Feb 12 7:00 PM,0,0,0
Year 1 Feb 12 8:00 PM,0,0,0
Year 1 Feb 12 9:00 PM,0,0,0
Year 1 Feb 12 10:00 PM,0,0,0
Year 1 Feb 12 11:00 PM,0,0,0
Year 1 Feb 13 12:00 AM,0,0,0
Year 1 Feb 13 1:00 AM,0,0,0
Year 1 Feb 13 2:00 AM,0,0,0
Year 1 Feb 13 3:00 AM,0,0,0
Year 1 Feb 13 4:00 AM,0,0,0
Year 1 Feb 13 5:00 AM,0,0,0
Year 1 Feb 13 6:00 AM,0,0,0
Year 1 Feb 13 7:00 AM,0.915491411,0.915491411,0
Year 1 Feb 13 8:00 AM,16.01984221,16.01984221,0
Year 1 Feb 13 9:00 AM,44.81714675,44.81714675,0
Year 1 Feb 13 10:00 AM,64.85027854,64.85027854,0
Year 1 Feb 13 11:00 AM,87.51318259,87.51318259,0
Year 1 Feb 13 12:00 PM,99.71523441,99.71523441,0
Year 1 Feb 13 1:00 PM,98.91197837,98.91197837,0
Year 1 Feb 13 2:00 PM,85.61965417,85.61965417,0
Year 1 Feb 13 3:00 PM,56.21004076,56.21004076,0
Year 1 Feb 13 4:00 PM,36.53529716,36.53529716,0
Year 1 Feb 13 5:00 PM,20.49734838,20.49734838,0
Year 1 Feb 13 6:00 PM,1.547436396,1.547436396,0
Year 1 Feb 13 7:00 PM,0,0,0
Year 1 Feb 13 8:00 PM,0,0,0
Year 1 Feb 13 9:00 PM,0,0,0
Year 1 Feb 13 10:00 PM,0,0,0
Year 1 Feb 13 11:00 PM,0,0,0
Year 1 Feb 14 12:00 AM,0,0,0
Year 1 Feb 14 1:00 AM,0,0,0
Year 1 Feb 14 2:00 AM,0,0,0
Year 1 Feb 14 3:00 AM,0,0,0
Year 1 Feb 14 4:00 AM,0,0,0
Year 1 Feb 14 5:00 AM,0,0,0
Year 1 Feb 14 6:00 AM,0,0,0
Year 1 Feb 14 7:00 AM,1.173142257,1.173142257,0
Year 1 Feb 14 8:00 AM,15.46646184,15.46646184,0
Year 1 Feb 14 9:00 AM,31.16753154,31.16753154,0
Year 1 Feb 14 10:00 AM,64.26718206,64.26718206,0
Year 1 Feb 14 11:00 AM,82.22251271,82.22251271,0
Year 1 Feb 14 12:00 PM,94.86046452,94.86046452,0
Year 1 Feb 14 1:00 PM,89.57368471,89.57368471,0
Year 1 Feb 14 2:00 PM,75.3143519,75.3143519,0
Year 1 Feb 14 3:00 PM,60.99356368,60.99356368,0
Year 1 Feb 14 4:00 PM,46.42194861,46.42194861,0
Year 1 Feb 14 5:00 PM,19.42052674,19.42052674,0
Year 1 Feb 14 6:00 PM,1.167174252,1.167174252,0
Year 1 Feb 14 7:00 PM,0,0,0
Year 1 Feb 14 8:00 PM,0,0,0
Year 1 Feb 14 9:00 PM,0,0,0
Year 1 Feb 14 10:00 PM,0,0,0
Year 1 Feb 14 11:00 PM,0,0,0
Year 1 Feb 15 12:00 AM,0,0,0
Year 1 Feb 15 1:00 AM,0,0,0
Year 1 Feb 15 2:00 AM,0,0,0
Year 1 Feb 15 3:00 AM,0,0,0
Year 1 Feb 15 4:00 AM,0,0,0
Year 1 Feb 15 5:00 AM,0,0,0
Year 1 Feb 15 6:00 AM,0,0,0
Year 1 Feb 15 7:00 AM,1.428487099,1.428487099,0
Year 1 Feb 15 8:00 AM,17.23143735,17.23143735,0
Year 1 Feb 15 9:00 AM,32.63931858,32.63931858,0
Year 1 Feb 15 10:00 AM,41.65664695,41.65664695,0
Year 1 Feb 15 11:00 AM,45.58463254,45.58463254,0
Year 1 Feb 15 12:00 PM,45.48285899,45.48285899,0
Year 1 Feb 15 1:00 PM,46.92856278,46.92856278,0
Year 1 Feb 15 2:00 PM,44.63958714,44.63958714,0
Year 1 Feb 15 3:00 PM,38.10868759,38.10868759,0
Year 1 Feb 15 4:00 PM,27.92798873,27.92798873,0
Year 1 Feb 15 5:00 PM,17.58973308,17.58973308,0
Year 1 Feb 15 6:00 PM,1.467273296,1.467273296,0
Year 1 Feb 15 7:00 PM,0,0,0
Year 1 Feb 15 8:00 PM,0,0,0
Year 1 Feb 15 9:00 PM,0,0,0
Year 1 Feb 15 10:00 PM,0,0,0
Year 1 Feb 15 11:00 PM,0,0,0
Year 1 Feb 16 12:00 AM,0,0,0
Year 1 Feb 16 1:00 AM,0,0,0
Year 1 Feb 16 2:00 AM,0,0,0
Year 1 Feb 16 3:00 AM,0,0,0
Year 1 Feb 16 4:00 AM,0,0,0
Year 1 Feb 16 5:00 AM,0,0,0
Year 1 Feb 16 6:00 AM,0,0,0
Year 1 Feb 16 7:00 AM,1.672249845,1.672249845,0
Year 1 Feb 16 8:00 AM,22.77413676,22.77413676,0
Year 1 Feb 16 9:00 AM,37.36612534,37.36612534,0
Year 1 Feb 16 10:00 AM,38.33273096,38.33273096,0
Year 1 Feb 16 11:00 AM,41.9824096,41.9824096,0
Year 1 Feb 16 12:00 PM,36.98459688,36.98459688,0
Year 1 Feb 16 1:00 PM,35.42842299,35.42842299,0
Year 1 Feb 16 2:00 PM,40.53611315,40.53611315,0
Year 1 Feb 16 3:00 PM,32.65494638,32.65494638,0
Year 1 Feb 16 4:00 PM,27.29765027,27.29765027,0
Year 1 Feb 16 5:00 PM,16.78966886,16.78966886,0
Year 1 Feb 16 6:00 PM,1.443873499,1.443873499,0
Year 1 Feb 16 7:00 PM,0,0,0
Year 1 Feb 16 8:00 PM,0,0,0
Year 1 Feb 16 9:00 PM,0,0,0
Year 1 Feb 16 10:00 PM,0,0,0
Year 1 Feb 16 11:00 PM,0,0,0
Year 1 Feb 17 12:00 AM,0,0,0
Year 1 Feb 17 1:00 AM,0,0,0
Year 1 Feb 17 2:00 AM,0,0,0
Year 1 Feb 17 3:00 AM,0,0,0
Year 1 Feb 17 4:00 AM,0,0,0
Year 1 Feb 17 5:00 AM,0,0,0
Year 1 Feb 17 6:00 AM,0,0,0
Year 1 Feb 17 7:00 AM,0.997978291,0.997978291,0
Year 1 Feb 17 8:00 AM,15.91774906,15.91774906,0
Year 1 Feb 17 9:00 AM,38.7789226,38.7789226,0
Year 1 Feb 17 10:00 AM,57.01656428,57.01656428,0
Year 1 Feb 17 11:00 AM,94.94597175,94.94597175,0
Year 1 Feb 17 12:00 PM,97.19938157,97.19938157,0
Year 1 Feb 17 1:00 PM,76.9715533,76.9715533,0
Year 1 Feb 17 2:00 PM,70.36784532,70.36784532,0
Year 1 Feb 17 3:00 PM,61.08991897,61.08991897,0
Year 1 Feb 17 4:00 PM,23.81946891,23.81946891,0
Year 1 Feb 17 5:00 PM,11.91737138,11.91737138,0
Year 1 Feb 17 6:00 PM,1.648994651,1.648994651,0
Year 1 Feb 17 7:00 PM,0,0,0
Year 1 Feb 17 8:00 PM,0,0,0
Year 1 Feb 17 9:00 PM,0,0,0
Year 1 Feb 17 10:00 PM,0,0,0
Year 1 Feb 17 11:00 PM,0,0,0
Year 1 Feb 18 12:00 AM,0,0,0
Year 1 Feb 18 1:00 AM,0,0,0
Year 1 Feb 18 2:00 AM,0,0,0
Year 1 Feb 18 3:00 AM,0,0,0
Year 1 Feb 18 4:00 AM,0,0,0
Year 1 Feb 18 5:00 AM,0,0,0
Year 1 Feb 18 6:00 AM,0,0,0
Year 1 Feb 18 7:00 AM,2.016475681,2.016475681,0
Year 1 Feb 18 8:00 AM,18.02221279,18.02221279,0
Year 1 Feb 18 9:00 AM,43.46501074,43.46501074,0
Year 1 Feb 18 10:00 AM,54.74586778,54.74586778,0
Year 1 Feb 18 11:00 AM,73.88530869,73.88530869,0
Year 1 Feb 18 12:00 PM,88.82137877,88.82137877,0
Year 1 Feb 18 1:00 PM,80.41785024,80.41785024,0
Year 1 Feb 18 2:00 PM,75.9334029,75.9334029,0
Year 1 Feb 18 3:00 PM,63.81315566,63.81315566,0
Year 1 Feb 18 4:00 PM,41.49874358,41.49874358,0
Year 1 Feb 18 5:00 PM,22.04742265,22.04742265,0
Year 1 Feb 18 6:00 PM,2.876993261,2.876993261,0
Year 1 Feb 18 7:00 PM,0,0,0
Year 1 Feb 18 8:00 PM,0,0,0
Year 1 Feb 18 9:00 PM,0,0,0
Year 1 Feb 18 10:00 PM,0,0,0
Year 1 Feb 18 11:00 PM,0,0,0
Year 1 Feb 19 12:00 AM,0,0,0
Year 1 Feb 19 1:00 AM,0,0,0
Year 1 Feb 19 2:00 AM,0,0,0
Year 1 Feb 19 3:00 AM,0,0,0
Year 1 Feb 19 4:00 AM,0,0,0
Year 1 Feb 19 5:00 AM,0,0,0
Year 1 Feb 19 6:00 AM,0,0,0
Year 1 Feb 19 7:00 AM,2.072925516,2.072925516,0
Year 1 Feb 19 8:00 AM,17.79187071,17.79187071,0
Year 1 Feb 19 9:00 AM,42.84942957,42.84942957,0
Year 1 Feb 19 10:00 AM,62.59390306,62.59390306,0
Year 1 Feb 19 11:00 AM,78.30176893,78.30176893,0
Year 1 Feb 19 12:00 PM,88.64846861,88.64846861,0
Year 1 Feb 19 1:00 PM,103.6347331,103.6347331,0
Year 1 Feb 19 2:00 PM,84.607968,84.607968,0
Year 1 Feb 19 3:00 PM,71.14375354,71.14375354,0
Year 1 Feb 19 4:00 PM,47.58098944,47.58098944,0
Year 1 Feb 19 5:00 PM,21.28397317,21.28397317,0
Year 1 Feb 19 6:00 PM,2.754988757,2.754988757,0
Year 1 Feb 19 7:00 PM,0,0,0
Year 1 Feb 19 8:00 PM,0,0,0
Year 1 Feb 19 9:00 PM,0,0,0
Year 1 Feb 19 10:00 PM,0,0,0
Year 1 Feb 19 11:00 PM,0,0,0
Year 1 Feb 20 12:00 AM,0,0,0
Year 1 Feb 20 1:00 AM,0,0,0
Year 1 Feb 20 2:00 AM,0,0,0
Year 1 Feb 20 3:00 AM,0,0,0
Year 1 Feb 20 4:00 AM,0,0,0
Year 1 Feb 20 5:00 AM,0,0,0
Year 1 Feb 20 6:00 AM,0,0,0
Year 1 Feb 20 7:00 AM,3.245802094,3.245802094,0
Year 1 Feb 20 8:00 AM,21.31948039,21.31948039,0
Year 1 Feb 20 9:00 AM,34.56731817,34.56731817,0
Year 1 Feb 20 10:00 AM,52.49619917,52.49619917,0
Year 1 Feb 20 11:00 AM,88.65826786,88.65826786,0
Year 1 Feb 20 12:00 PM,76.22590574,76.22590574,0
Year 1 Feb 20 1:00 PM,91.97980419,91.97980419,0
Year 1 Feb 20 2:00 PM,93.54746507,93.54746507,0
Year 1 Feb 20 3:00 PM,62.93015777,62.93015777,0
Year 1 Feb 20 4:00 PM,46.0452558,46.0452558,0
Year 1 Feb 20 5:00 PM,21.71031062,21.71031062,0
Year 1 Feb 20 6:00 PM,2.472070115,2.472070115,0
Year 1 Feb 20 7:00 PM,0,0,0
Year 1 Feb 20 8:00 PM,0,0,0
Year 1 Feb 20 9:00 PM,0,0,0
Year 1 Feb 20 10:00 PM,0,0,0
Year 1 Feb 20 11:00 PM,0,0,0
Year 1 Feb 21 12:00 AM,0,0,0
Year 1 Feb 21 1:00 AM,0,0,0
Year 1 Feb 21 2:00 AM,0,0,0
Year 1 Feb 21 3:00 AM,0,0,0
Year 1 Feb 21 4:00 AM,0,0,0
Year 1 Feb 21 5:00 AM,0,0,0
Year 1 Feb 21 6:00 AM,0,0,0
Year 1 Feb 21 7:00 AM,1.259940954,1.259940954,0
Year 1 Feb 21 8:00 AM,13.22018973,13.22018973,0
Year 1 Feb 21 9:00 AM,48.88775149,48.88775149,0
Year 1 Feb 21 10:00 AM,59.27969199,59.27969199,0
Year 1 Feb 21 11:00 AM,70.1714881,70.1714881,0
Year 1 Feb 21 12:00 PM,89.36984901,89.36984901,0
Year 1 Feb 21 1:00 PM,85.74735615,85.74735615,0
Year 1 Feb 21 2:00 PM,77.94311903,77.94311903,0
Year 1 Feb 21 3:00 PM,81.20823927,81.20823927,0
Year 1 Feb 21 4:00 PM,51.48350198,51.48350198,0
Year 1 Feb 21 5:00 PM,26.2347725,26.2347725,0
Year 1 Feb 21 6:00 PM,3.194022731,3.194022731,0
Year 1 Feb 21 7:00 PM,0,0,0
Year 1 Feb 21 8:00 PM,0,0,0
Year 1 Feb 21 9:00 PM,0,0,0
Year 1 Feb 21 10:00 PM,0,0,0
Year 1 Feb 21 11:00 PM,0,0,0
Year 1 Feb 22 12:00 AM,0,0,0
Year 1 Feb 22 1:00 AM,0,0,0
Year 1 Feb 22 2:00 AM,0,0,0
Year 1 Feb 22 3:00 AM,0,0,0
Year 1 Feb 22 4:00 AM,0,0,0
Year 1 Feb 22 5:00 AM,0,0,0
Year 1 Feb 22 6:00 AM,0,0,0
Year 1 Feb 22 7:00 AM,3.363243246,3.363243246,0
Year 1 Feb 22 8:00 AM,25.01821824,25.01821824,0
Year 1 Feb 22 9:00 AM,49.78138132,49.78138132,0
Year 1 Feb 22 10:00 AM,74.66386459,74.66386459,0
Year 1 Feb 22 11:00 AM,84.91665895,84.91665895,0
Year 1 Feb 22 12:00 PM,102.0191527,102.0191527,0
Year 1 Feb 22 1:00 PM,104.3220346,104.3220346,0
Year 1 Feb 22 2:00 PM,93.83937416,93.83937416,0
Year 1 Feb 22 3:00 PM,78.47071145,78.47071145,0
Year 1 Feb 22 4:00 PM,45.15007929,45.15007929,0
Year 1 Feb 22 5:00 PM,17.6292809,17.6292809,0
Year 1 Feb 22 6:00 PM,2.192852283,2.192852283,0
Year 1 Feb 22 7:00 PM,0,0,0
Year 1 Feb 22 8:00 PM,0,0,0
Year 1 Feb 22 9:00 PM,0,0,0
Year 1 Feb 22 10:00 PM,0,0,0
Year 1 Feb 22 11:00 PM,0,0,0
Year 1 Feb 23 12:00 AM,0,0,0
Year 1 Feb 23 1:00 AM,0,0,0
Year 1 Feb 23 2:00 AM,0,0,0
Year 1 Feb 23 3:00 AM,0,0,0
Year 1 Feb 23 4:00 AM,0,0,0
Year 1 Feb 23 5:00 AM,0,0,0
Year 1 Feb 23 6:00 AM,0,0,0
Year 1 Feb 23 7:00 AM,3.375202838,3.375202838,0
Year 1 Feb 23 8:00 AM,24.20117188,24.20117188,0
Year 1 Feb 23 9:00 AM,48.91349327,48.91349327,0
Year 1 Feb 23 10:00 AM,70.06930775,70.06930775,0
Year 1 Feb 23 11:00 AM,71.67486529,71.67486529,0
Year 1 Feb 23 12:00 PM,75.66127603,75.66127603,0
Year 1 Feb 23 1:00 PM,66.95679573,66.95679573,0
Year 1 Feb 23 2:00 PM,76.77080925,76.77080925,0
Year 1 Feb 23 3:00 PM,55.59439234,55.59439234,0
Year 1 Feb 23 4:00 PM,46.79081382,46.79081382,0
Year 1 Feb 23 5:00 PM,23.17176613,23.17176613,0
Year 1 Feb 23 6:00 PM,3.04608074,3.04608074,0
Year 1 Feb 23 7:00 PM,0,0,0
Year 1 Feb 23 8:00 PM,0,0,0
Year 1 Feb 23 9:00 PM,0,0,0
Year 1 Feb 23 10:00 PM,0,0,0
Year 1 Feb 23 11:00 PM,0,0,0
Year 1 Feb 24 12:00 AM,0,0,0
Year 1 Feb 24 1:00 AM,0,0,0
Year 1 Feb 24 2:00 AM,0,0,0
Year 1 Feb 24 3:00 AM,0,0,0
Year 1 Feb 24 4:00 AM,0,0,0
Year 1 Feb 24 5:00 AM,0,0,0
Year 1 Feb 24 6:00 AM,0,0,0
Year 1 Feb 24 7:00 AM,2.297117313,2.297117313,0
Year 1 Feb 24 8:00 AM,18.60541593,18.60541593,0
Year 1 Feb 24 9:00 AM,48.64291531,48.64291531,0
Year 1 Feb 24 10:00 AM,73.67076046,73.67076046,0
Year 1 Feb 24 11:00 AM,94.19277668,94.19277668,0
Year 1 Feb 24 12:00 PM,106.8730411,106.8730411,0
Year 1 Feb 24 1:00 PM,107.7126772,107.7126772,0
Year 1 Feb 24 2:00 PM,98.03972151,98.03972151,0
Year 1 Feb 24 3:00 PM,76.32655932,76.32655932,0
Year 1 Feb 24 4:00 PM,50.27615357,50.27615357,0
Year 1 Feb 24 5:00 PM,23.87880762,23.87880762,0
Year 1 Feb 24 6:00 PM,3.424760958,3.424760958,0
Year 1 Feb 24 7:00 PM,0,0,0
Year 1 Feb 24 8:00 PM,0,0,0
Year 1 Feb 24 9:00 PM,0,0,0
Year 1 Feb 24 10:00 PM,0,0,0
Year 1 Feb 24 11:00 PM,0,0,0
Year 1 Feb 25 12:00 AM,0,0,0
Year 1 Feb 25 1:00 AM,0,0,0
Year 1 Feb 25 2:00 AM,0,0,0
Year 1 Feb 25 3:00 AM,0,0,0
Year 1 Feb 25 4:00 AM,0,0,0
Year 1 Feb 25 5:00 AM,0,0,0
Year 1 Feb 25 6:00 AM,0,0,0
Year 1 Feb 25 7:00 AM,4.902500759,4.902500759,0
Year 1 Feb 25 8:00 AM,23.97925027,23.97925027,0
Year 1 Feb 25 9:00 AM,40.61669828,40.61669828,0
Year 1 Feb 25 10:00 AM,71.72458226,71.72458226,0
Year 1 Feb 25 11:00 AM,84.48977942,84.48977942,0
Year 1 Feb 25 12:00 PM,90.19000096,90.19000096,0
Year 1 Feb 25 1:00 PM,93.15975198,93.15975198,0
Year 1 Feb 25 2:00 PM,78.2381597,78.2381597,0
Year 1 Feb 25 3:00 PM,73.56450075,73.56450075,0
Year 1 Feb 25 4:00 PM,57.48932652,57.48932652,0
Year 1 Feb 25 5:00 PM,30.8864938,30.8864938,0
Year 1 Feb 25 6:00 PM,4.96648702,4.96648702,0
Year 1 Feb 25 7:00 PM,0,0,0
Year 1 Feb 25 8:00 PM,0,0,0
Year 1 Feb 25 9:00 PM,0,0,0
Year 1 Feb 25 10:00 PM,0,0,0
Year 1 Feb 25 11:00 PM,0,0,0
Year 1 Feb 26 12:00 AM,0,0,0
Year 1 Feb 26 1:00 AM,0,0,0
Year 1 Feb 26 2:00 AM,0,0,0
Year 1 Feb 26 3:00 AM,0,0,0
Year 1 Feb 26 4:00 AM,0,0,0
Year 1 Feb 26 5:00 AM,0,0,0
Year 1 Feb 26 6:00 AM,0,0,0
Year 1 Feb 26 7:00 AM,5.663091109,5.663091109,0
Year 1 Feb 26 8:00 AM,29.19309424,29.19309424,0
Year 1 Feb 26 9:00 AM,39.07492553,39.07492553,0
Year 1 Feb 26 10:00 AM,43.65787157,43.65787157,0
Year 1 Feb 26 11:00 AM,72.10816377,72.10816377,0
Year 1 Feb 26 12:00 PM,82.17065841,82.17065841,0
Year 1 Feb 26 1:00 PM,83.43473914,83.43473914,0
Year 1 Feb 26 2:00 PM,80.25360823,80.25360823,0
Year 1 Feb 26 3:00 PM,72.17629861,72.17629861,0
Year 1 Feb 26 4:00 PM,47.04042621,47.04042621,0
Year 1 Feb 26 5:00 PM,24.28185902,24.28185902,0
Year 1 Feb 26 6:00 PM,4.753668007,4.753668007,0
Year 1 Feb 26 7:00 PM,0,0,0
Year 1 Feb 26 8:00 PM,0,0,0
Year 1 Feb 26 9:00 PM,0,0,0
Year 1 Feb 26 10:00 PM,0,0,0
Year 1 Feb 26 11:00 PM,0,0,0
Year 1 Feb 27 12:00 AM,0,0,0
Year 1 Feb 27 1:00 AM,0,0,0
Year 1 Feb 27 2:00 AM,0,0,0
Year 1 Feb 27 3:00 AM,0,0,0
Year 1 Feb 27 4:00 AM,0,0,0
Year 1 Feb 27 5:00 AM,0,0,0
Year 1 Feb 27 6:00 AM,0,0,0
Year 1 Feb 27 7:00 AM,5.808198286,5.808198286,0
Year 1 Feb 27 8:00 AM,28.98772827,28.98772827,0
Year 1 Feb 27 9:00 AM,52.0170855,52.0170855,0
Year 1 Feb 27 10:00 AM,81.1995059,81.1995059,0
Year 1 Feb 27 11:00 AM,86.80386233,86.80386233,0
Year 1 Feb 27 12:00 PM,67.22141881,67.22141881,0
Year 1 Feb 27 1:00 PM,86.34306826,86.34306826,0
Year 1 Feb 27 2:00 PM,85.35769998,85.35769998,0
Year 1 Feb 27 3:00 PM,74.03152163,74.03152163,0
Year 1 Feb 27 4:00 PM,47.10878879,47.10878879,0
Year 1 Feb 27 5:00 PM,22.38446431,22.38446431,0
Year 1 Feb 27 6:00 PM,4.337977644,4.337977644,0
Year 1 Feb 27 7:00 PM,0,0,0
Year 1 Feb 27 8:00 PM,0,0,0
Year 1 Feb 27 9:00 PM,0,0,0
Year 1 Feb 27 10:00 PM,0,0,0
Year 1 Feb 27 11:00 PM,0,0,0
Year 1 Feb 28 12:00 AM,0,0,0
Year 1 Feb 28 1:00 AM,0,0,0
Year 1 Feb 28 2:00 AM,0,0,0
Year 1 Feb 28 3:00 AM,0,0,0
Year 1 Feb 28 4:00 AM,0,0,0
Year 1 Feb 28 5:00 AM,0,0,0
Year 1 Feb 28 6:00 AM,0,0,0
Year 1 Feb 28 7:00 AM,6.711487004,6.711487004,0
Year 1 Feb 28 8:00 AM,33.58377145,33.58377145,0
Year 1 Feb 28 9:00 AM,60.46497753,60.46497753,0
Year 1 Feb 28 10:00 AM,77.02782459,77.02782459,0
Year 1 Feb 28 11:00 AM,86.9112348,86.9112348,0
Year 1 Feb 28 12:00 PM,83.04294012,83.04294012,0
Year 1 Feb 28 1:00 PM,78.76455824,78.76455824,0
Year 1 Feb 28 2:00 PM,75.93897959,75.93897959,0
Year 1 Feb 28 3:00 PM,67.55728514,67.55728514,0
Year 1 Feb 28 4:00 PM,52.09958292,52.09958292,0
Year 1 Feb 28 5:00 PM,30.41424758,30.41424758,0
Year 1 Feb 28 6:00 PM,5.488871564,5.488871564,0
Year 1 Feb 28 7:00 PM,0,0,0
Year 1 Feb 28 8:00 PM,0,0,0
Year 1 Feb 28 9:00 PM,0,0,0
Year 1 Feb 28 10:00 PM,0,0,0
Year 1 Feb 28 11:00 PM,0,0,0
Year 1 Mar 01 12:00 AM,0,0,0
Year 1 Mar 01 1:00 AM,0,0,0
Year 1 Mar 01 2:00 AM,0,0,0
Year 1 Mar 01 3:00 AM,0,0,0
Year 1 Mar 01 4:00 AM,0,0,0
Year 1 Mar 01 5:00 AM,0,0,0
Year 1 Mar 01 6:00 AM,0,0,0
Year 1 Mar 01 7:00 AM,3.678669967,3.678669967,0
Year 1 Mar 01 8:00 AM,17.63019661,17.63019661,0
Year 1 Mar 01 9:00 AM,37.91009024,37.91009024,0
Year 1 Mar 01 10:00 AM,78.86047783,78.86047783,0
Year 1 Mar 01 11:00 AM,89.36451586,89.36451586,0
Year 1 Mar 01 12:00 PM,67.20704656,67.20704656,0
Year 1 Mar 01 1:00 PM,69.81173254,69.81173254,0
Year 1 Mar 01 2:00 PM,68.14575013,68.14575013,0
Year 1 Mar 01 3:00 PM,82.79956833,82.79956833,0
Year 1 Mar 01 4:00 PM,56.91896448,56.91896448,0
Year 1 Mar 01 5:00 PM,29.18587315,29.18587315,0
Year 1 Mar 01 6:00 PM,6.089022643,6.089022643,0
Year 1 Mar 01 7:00 PM,0,0,0
Year 1 Mar 01 8:00 PM,0,0,0
Year 1 Mar 01 9:00 PM,0,0,0
Year 1 Mar 01 10:00 PM,0,0,0
Year 1 Mar 01 11:00 PM,0,0,0
Year 1 Mar 02 12:00 AM,0,0,0
Year 1 Mar 02 1:00 AM,0,0,0
Year 1 Mar 02 2:00 AM,0,0,0
Year 1 Mar 02 3:00 AM,0,0,0
Year 1 Mar 02 4:00 AM,0,0,0
Year 1 Mar 02 5:00 AM,0,0,0
Year 1 Mar 02 6:00 AM,0,0,0
Year 1 Mar 02 7:00 AM,6.445333155,6.445333155,0
Year 1 Mar 02 8:00 AM,28.63844423,28.63844423,0
Year 1 Mar 02 9:00 AM,46.47479188,46.47479188,0
Year 1 Mar 02 10:00 AM,64.02992365,64.02992365,0
Year 1 Mar 02 11:00 AM,72.52203164,72.52203164,0
Year 1 Mar 02 12:00 PM,79.20660639,79.20660639,0
Year 1 Mar 02 1:00 PM,80.911348,80.911348,0
Year 1 Mar 02 2:00 PM,86.82973027,86.82973027,0
Year 1 Mar 02 3:00 PM,78.16894123,78.16894123,0
Year 1 Mar 02 4:00 PM,57.85964788,57.85964788,0
Year 1 Mar 02 5:00 PM,34.00319894,34.00319894,0
Year 1 Mar 02 6:00 PM,5.858237831,5.858237831,0
Year 1 Mar 02 7:00 PM,0,0,0
Year 1 Mar 02 8:00 PM,0,0,0
Year 1 Mar 02 9:00 PM,0,0,0
Year 1 Mar 02 10:00 PM,0,0,0
Year 1 Mar 02 11:00 PM,0,0,0
Year 1 Mar 03 12:00 AM,0,0,0
Year 1 Mar 03 1:00 AM,0,0,0
Year 1 Mar 03 2:00 AM,0,0,0
Year 1 Mar 03 3:00 AM,0,0,0
Year 1 Mar 03 4:00 AM,0,0,0
Year 1 Mar 03 5:00 AM,0,0,0
Year 1 Mar 03 6:00 AM,0,0,0
Year 1 Mar 03 7:00 AM,5.133700856,5.133700856,0
Year 1 Mar 03 8:00 AM,25.56992376,25.56992376,0
Year 1 Mar 03 9:00 AM,63.24240135,63.24240135,0
Year 1 Mar 03 10:00 AM,68.4529475,68.4529475,0
Year 1 Mar 03 11:00 AM,79.26652227,79.26652227,0
Year 1 Mar 03 12:00 PM,96.78304703,96.78304703,0
Year 1 Mar 03 1:00 PM,85.53411242,85.53411242,0
Year 1 Mar 03 2:00 PM,86.5385867,86.5385867,0
Year 1 Mar 03 3:00 PM,69.35810594,69.35810594,0
Year 1 Mar 03 4:00 PM,50.30258168,50.30258168,0
Year 1 Mar 03 5:00 PM,25.17769639,25.17769639,0
Year 1 Mar 03 6:00 PM,4.846584068,4.846584068,0
Year 1 Mar 03 7:00 PM,0,0,0
Year 1 Mar 03 8:00 PM,0,0,0
Year 1 Mar 03 9:00 PM,0,0,0
Year 1 Mar 03 10:00 PM,0,0,0
Year 1 Mar 03 11:00 PM,0,0,0
Year 1 Mar 04 12:00 AM,0,0,0
Year 1 Mar 04 1:00 AM,0,0,0
Year 1 Mar 04 2:00 AM,0,0,0
Year 1 Mar 04 3:00 AM,0,0,0
Year 1 Mar 04 4:00 AM,0,0,0
Year 1 Mar 04 5:00 AM,0,0,0
Year 1 Mar 04 6:00 AM,0,0,0
Year 1 Mar 04 7:00 AM,4.734711124,4.734711124,0
Year 1 Mar 04 8:00 AM,20.0540177,20.0540177,0
Year 1 Mar 04 9:00 AM,41.06525506,41.06525506,0
Year 1 Mar 04 10:00 AM,57.16885183,57.16885183,0
Year 1 Mar 04 11:00 AM,71.99797567,71.99797567,0
Year 1 Mar 04 12:00 PM,82.00125867,82.00125867,0
Year 1 Mar 04 1:00 PM,87.22725221,87.22725221,0
Year 1 Mar 04 2:00 PM,82.93548434,82.93548434,0
Year 1 Mar 04 3:00 PM,69.69377664,69.69377664,0
Year 1 Mar 04 4:00 PM,47.11950147,47.11950147,0
Year 1 Mar 04 5:00 PM,21.3358075,21.3358075,0
Year 1 Mar 04 6:00 PM,3.899982649,3.899982649,0
Year 1 Mar 04 7:00 PM,0,0,0
Year 1 Mar 04 8:00 PM,0,0,0
Year 1 Mar 04 9:00 PM,0,0,0
Year 1 Mar 04 10:00 PM,0,0,0
Year 1 Mar 04 11:00 PM,0,0,0
Year 1 Mar 05 12:00 AM,0,0,0
Year 1 Mar 05 1:00 AM,0,0,0
Year 1 Mar 05 2:00 AM,0,0,0
Year 1 Mar 05 3:00 AM,0,0,0
Year 1 Mar 05 4:00 AM,0,0,0
Year 1 Mar 05 5:00 AM,0,0,0
Year 1 Mar 05 6:00 AM,0,0,0
Year 1 Mar 05 7:00 AM,7.348959128,7.348959128,0
Year 1 Mar 05 8:00 AM,28.71959615,28.71959615,0
Year 1 Mar 05 9:00 AM,49.83123298,49.83123298,0
Year 1 Mar 05 10:00 AM,81.61536694,81.61536694,0
Year 1 Mar 05 11:00 AM,96.85664217,96.85664217,0
Year 1 Mar 05 12:00 PM,102.245246,102.245246,0
Year 1 Mar 05 1:00 PM,106.4469691,106.4469691,0
Year 1 Mar 05 2:00 PM,105.3364268,105.3364268,0
Year 1 Mar 05 3:00 PM,85.85421212,85.85421212,0
Year 1 Mar 05 4:00 PM,57.55190933,57.55190933,0
Year 1 Mar 05 5:00 PM,24.84794312,24.84794312,0
Year 1 Mar 05 6:00 PM,5.981951873,5.981951873,0
Year 1 Mar 05 7:00 PM,0,0,0
Year 1 Mar 05 8:00 PM,0,0,0
Year 1 Mar 05 9:00 PM,0,0,0
Year 1 Mar 05 10:00 PM,0,0,0
Year 1 Mar 05 11:00 PM,0,0,0
Year 1 Mar 06 12:00 AM,0,0,0
Year 1 Mar 06 1:00 AM,0,0,0
Year 1 Mar 06 2:00 AM,0,0,0
Year 1 Mar 06 3:00 AM,0,0,0
Year 1 Mar 06 4:00 AM,0,0,0
Year 1 Mar 06 5:00 AM,0,0,0
Year 1 Mar 06 6:00 AM,0,0,0
Year 1 Mar 06 7:00 AM,8.884245074,8.884245074,0
Year 1 Mar 06 8:00 AM,39.78191855,39.78191855,0
Year 1 Mar 06 9:00 AM,67.38322659,67.38322659,0
Year 1 Mar 06 10:00 AM,64.07854951,64.07854951,0
Year 1 Mar 06 11:00 AM,48.00997854,48.00997854,0
Year 1 Mar 06 12:00 PM,55.3692392,55.3692392,0
Year 1 Mar 06 1:00 PM,58.72740117,58.72740117,0
Year 1 Mar 06 2:00 PM,55.83338158,55.83338158,0
Year 1 Mar 06 3:00 PM,52.71162203,52.71162203,0
Year 1 Mar 06 4:00 PM,51.70423981,51.70423981,0
Year 1 Mar 06 5:00 PM,29.33780507,29.33780507,0
Year 1 Mar 06 6:00 PM,8.017064855,8.017064855,0
Year 1 Mar 06 7:00 PM,0,0,0
Year 1 Mar 06 8:00 PM,0,0,0
Year 1 Mar 06 9:00 PM,0,0,0
Year 1 Mar 06 10:00 PM,0,0,0
Year 1 Mar 06 11:00 PM,0,0,0
Year 1 Mar 07 12:00 AM,0,0,0
Year 1 Mar 07 1:00 AM,0,0,0
Year 1 Mar 07 2:00 AM,0,0,0
Year 1 Mar 07 3:00 AM,0,0,0
Year 1 Mar 07 4:00 AM,0,0,0
Year 1 Mar 07 5:00 AM,0,0,0
Year 1 Mar 07 6:00 AM,0,0,0
Year 1 Mar 07 7:00 AM,5.931917264,5.931917264,0
Year 1 Mar 07 8:00 AM,25.0018072,25.0018072,0
Year 1 Mar 07 9:00 AM,35.58190162,35.58190162,0
Year 1 Mar 07 10:00 AM,71.70834749,71.70834749,0
Year 1 Mar 07 11:00 AM,98.3225824,98.3225824,0
Year 1 Mar 07 12:00 PM,108.7612522,108.7612522,0
Year 1 Mar 07 1:00 PM,104.0422764,104.0422764,0
Year 1 Mar 07 2:00 PM,100.8277806,100.8277806,0
Year 1 Mar 07 3:00 PM,91.3589905,91.3589905,0
Year 1 Mar 07 4:00 PM,68.37356982,68.37356982,0
Year 1 Mar 07 5:00 PM,33.20714148,33.20714148,0
Year 1 Mar 07 6:00 PM,7.594579435,7.594579435,0
Year 1 Mar 07 7:00 PM,0,0,0
Year 1 Mar 07 8:00 PM,0,0,0
Year 1 Mar 07 9:00 PM,0,0,0
Year 1 Mar 07 10:00 PM,0,0,0
Year 1 Mar 07 11:00 PM,0,0,0
Year 1 Mar 08 12:00 AM,0,0,0
Year 1 Mar 08 1:00 AM,0,0,0
Year 1 Mar 08 2:00 AM,0,0,0
Year 1 Mar 08 3:00 AM,0,0,0
Year 1 Mar 08 4:00 AM,0,0,0
Year 1 Mar 08 5:00 AM,0,0,0
Year 1 Mar 08 6:00 AM,0,0,0
Year 1 Mar 08 7:00 AM,9.642778955,9.642778955,0
Year 1 Mar 08 8:00 AM,28.708291,28.708291,0
Year 1 Mar 08 9:00 AM,38.93491231,38.93491231,0
Year 1 Mar 08 10:00 AM,45.44021701,45.44021701,0
Year 1 Mar 08 11:00 AM,47.8504726,47.8504726,0
Year 1 Mar 08 12:00 PM,48.54752592,48.54752592,0
Year 1 Mar 08 1:00 PM,48.72383415,48.72383415,0
Year 1 Mar 08 2:00 PM,47.888316,47.888316,0
Year 1 Mar 08 3:00 PM,45.38788045,45.38788045,0
Year 1 Mar 08 4:00 PM,38.69564564,38.69564564,0
Year 1 Mar 08 5:00 PM,25.96569258,25.96569258,0
Year 1 Mar 08 6:00 PM,8.48185638,8.48185638,0
Year 1 Mar 08 7:00 PM,0,0,0
Year 1 Mar 08 8:00 PM,0,0,0
Year 1 Mar 08 9:00 PM,0,0,0
Year 1 Mar 08 10:00 PM,0,0,0
Year 1 Mar 08 11:00 PM,0,0,0
Year 1 Mar 09 12:00 AM,0,0,0
Year 1 Mar 09 1:00 AM,0,0,0
Year 1 Mar 09 2:00 AM,0,0,0
Year 1 Mar 09 3:00 AM,0,0,0
Year 1 Mar 09 4:00 AM,0,0,0
Year 1 Mar 09 5:00 AM,0,0,0
Year 1 Mar 09 6:00 AM,0,0,0
Year 1 Mar 09 7:00 AM,11.15842214,11.15842214,0
Year 1 Mar 09 8:00 AM,31.74871158,31.74871158,0
Year 1 Mar 09 9:00 AM,43.86600757,43.86600757,0
Year 1 Mar 09 10:00 AM,50.58061445,50.58061445,0
Year 1 Mar 09 11:00 AM,58.32020382,58.32020382,0
Year 1 Mar 09 12:00 PM,59.19471679,59.19471679,0
Year 1 Mar 09 1:00 PM,59.09203194,59.09203194,0
Year 1 Mar 09 2:00 PM,58.21845135,58.21845135,0
Year 1 Mar 09 3:00 PM,50.31574268,50.31574268,0
Year 1 Mar 09 4:00 PM,43.01196157,43.01196157,0
Year 1 Mar 09 5:00 PM,29.78962871,29.78962871,0
Year 1 Mar 09 6:00 PM,9.023553879,9.023553879,0
Year 1 Mar 09 7:00 PM,0,0,0
Year 1 Mar 09 8:00 PM,0,0,0
Year 1 Mar 09 9:00 PM,0,0,0
Year 1 Mar 09 10:00 PM,0,0,0
Year 1 Mar 09 11:00 PM,0,0,0
Year 1 Mar 10 12:00 AM,0,0,0
Year 1 Mar 10 1:00 AM,0,0,0
Year 1 Mar 10 2:00 AM,0,0,0
Year 1 Mar 10 3:00 AM,0,0,0
Year 1 Mar 10 4:00 AM,0,0,0
Year 1 Mar 10 5:00 AM,0,0,0
Year 1 Mar 10 6:00 AM,0,0,0
Year 1 Mar 10 7:00 AM,11.97344812,11.97344812,0
Year 1 Mar 10 8:00 AM,36.08908966,36.08908966,0
Year 1 Mar 10 9:00 AM,53.31581393,53.31581393,0
Year 1 Mar 10 10:00 AM,66.87329039,66.87329039,0
Year 1 Mar 10 11:00 AM,70.4900033,70.4900033,0
Year 1 Mar 10 12:00 PM,73.05253617,73.05253617,0
Year 1 Mar 10 1:00 PM,84.12482929,84.12482929,0
Year 1 Mar 10 2:00 PM,84.96246537,84.96246537,0
Year 1 Mar 10 3:00 PM,88.58865687,88.58865687,0
Year 1 Mar 10 4:00 PM,67.68578432,67.68578432,0
Year 1 Mar 10 5:00 PM,36.54225767,36.54225767,0
Year 1 Mar 10 6:00 PM,9.000652308,9.000652308,0
Year 1 Mar 10 7:00 PM,0,0,0
Year 1 Mar 10 8:00 PM,0,0,0
Year 1 Mar 10 9:00 PM,0,0,0
Year 1 Mar 10 10:00 PM,0,0,0
Year 1 Mar 10 11:00 PM,0,0,0
Year 1 Mar 11 12:00 AM,0,0,0
Year 1 Mar 11 1:00 AM,0,0,0
Year 1 Mar 11 2:00 AM,0,0,0
Year 1 Mar 11 3:00 AM,0,0,0
Year 1 Mar 11 4:00 AM,0,0,0
Year 1 Mar 11 5:00 AM,0,0,0
Year 1 Mar 11 6:00 AM,0,0,0
Year 1 Mar 11 7:00 AM,6.997182119,6.997182119,0
Year 1 Mar 11 8:00 AM,27.48062943,27.48062943,0
Year 1 Mar 11 9:00 AM,50.98723404,50.98723404,0
Year 1 Mar 11 10:00 AM,82.58154128,82.58154128,0
Year 1 Mar 11 11:00 AM,106.183074,106.183074,0
Year 1 Mar 11 12:00 PM,113.4000643,113.4000643,0
Year 1 Mar 11 1:00 PM,118.6128935,118.6128935,0
Year 1 Mar 11 2:00 PM,105.616781,105.616781,0
Year 1 Mar 11 3:00 PM,87.53200297,87.53200297,0
Year 1 Mar 11 4:00 PM,64.57692602,64.57692602,0
Year 1 Mar 11 5:00 PM,26.40391159,26.40391159,0
Year 1 Mar 11 6:00 PM,5.644208395,5.644208395,0
Year 1 Mar 11 7:00 PM,0,0,0
Year 1 Mar 11 8:00 PM,0,0,0
Year 1 Mar 11 9:00 PM,0,0,0
Year 1 Mar 11 10:00 PM,0,0,0
Year 1 Mar 11 11:00 PM,0,0,0
Year 1 Mar 12 12:00 AM,0,0,0
Year 1 Mar 12 1:00 AM,0,0,0
Year 1 Mar 12 2:00 AM,0,0,0
Year 1 Mar 12 3:00 AM,0,0,0
Year 1 Mar 12 4:00 AM,0,0,0
Year 1 Mar 12 5:00 AM,0,0,0
Year 1 Mar 12 6:00 AM,0,0,0
Year 1 Mar 12 7:00 AM,12.40561956,12.40561956,0
Year 1 Mar 12 8:00 AM,31.04426102,31.04426102,0
Year 1 Mar 12 9:00 AM,41.90530349,41.90530349,0
Year 1 Mar 12 10:00 AM,51.26896993,51.26896993,0
Year 1 Mar 12 11:00 AM,53.52305877,53.52305877,0
Year 1 Mar 12 12:00 PM,54.14263202,54.14263202,0
Year 1 Mar 12 1:00 PM,54.0973097,54.0973097,0
Year 1 Mar 12 2:00 PM,54.58805409,54.58805409,0
Year 1 Mar 12 3:00 PM,57.82593857,57.82593857,0
Year 1 Mar 12 4:00 PM,68.38265242,68.38265242,0
Year 1 Mar 12 5:00 PM,37.41010424,37.41010424,0
Year 1 Mar 12 6:00 PM,10.6620012,10.6620012,0
Year 1 Mar 12 7:00 PM,0,0,0
Year 1 Mar 12 8:00 PM,0,0,0
Year 1 Mar 12 9:00 PM,0,0,0
Year 1 Mar 12 10:00 PM,0,0,0
Year 1 Mar 12 11:00 PM,0,0,0
Year 1 Mar 13 12:00 AM,0,0,0
Year 1 Mar 13 1:00 AM,0,0,0
Year 1 Mar 13 2:00 AM,0,0,0
Year 1 Mar 13 3:00 AM,0,0,0
Year 1 Mar 13 4:00 AM,0,0,0
Year 1 Mar 13 5:00 AM,0,0,0
Year 1 Mar 13 6:00 AM,0,0,0
Year 1 Mar 13 7:00 AM,6.58623727,6.58623727,0
Year 1 Mar 13 8:00 AM,22.09045592,22.09045592,0
Year 1 Mar 13 9:00 AM,51.48217214,51.48217214,0
Year 1 Mar 13 10:00 AM,68.53692736,68.53692736,0
Year 1 Mar 13 11:00 AM,66.13657116,66.13657116,0
Year 1 Mar 13 12:00 PM,67.45810148,67.45810148,0
Year 1 Mar 13 1:00 PM,68.34591436,68.34591436,0
Year 1 Mar 13 2:00 PM,68.84535529,68.84535529,0
Year 1 Mar 13 3:00 PM,87.34585363,87.34585363,0
Year 1 Mar 13 4:00 PM,61.24478688,61.24478688,0
Year 1 Mar 13 5:00 PM,33.22987193,33.22987193,0
Year 1 Mar 13 6:00 PM,5.546328378,5.546328378,0
Year 1 Mar 13 7:00 PM,0,0,0
Year 1 Mar 13 8:00 PM,0,0,0
Year 1 Mar 13 9:00 PM,0,0,0
Year 1 Mar 13 10:00 PM,0,0,0
Year 1 Mar 13 11:00 PM,0,0,0
Year 1 Mar 14 12:00 AM,0,0,0
Year 1 Mar 14 1:00 AM,0,0,0
Year 1 Mar 14 2:00 AM,0,0,0
Year 1 Mar 14 3:00 AM,0,0,0
Year 1 Mar 14 4:00 AM,0,0,0
Year 1 Mar 14 5:00 AM,0,0,0
Year 1 Mar 14 6:00 AM,0,0,0
Year 1 Mar 14 7:00 AM,11.61519481,11.61519481,0
Year 1 Mar 14 8:00 AM,25.30806931,25.30806931,0
Year 1 Mar 14 9:00 AM,36.65043684,36.65043684,0
Year 1 Mar 14 10:00 AM,51.3928502,51.3928502,0
Year 1 Mar 14 11:00 AM,53.65595976,53.65595976,0
Year 1 Mar 14 12:00 PM,63.67549559,63.67549559,0
Year 1 Mar 14 1:00 PM,95.26187359,95.26187359,0
Year 1 Mar 14 2:00 PM,86.80023468,86.80023468,0
Year 1 Mar 14 3:00 PM,72.56322234,72.56322234,0
Year 1 Mar 14 4:00 PM,55.25054963,55.25054963,0
Year 1 Mar 14 5:00 PM,35.01890977,35.01890977,0
Year 1 Mar 14 6:00 PM,12.68642916,12.68642916,0
Year 1 Mar 14 7:00 PM,0,0,0
Year 1 Mar 14 8:00 PM,0,0,0
Year 1 Mar 14 9:00 PM,0,0,0
Year 1 Mar 14 10:00 PM,0,0,0
Year 1 Mar 14 11:00 PM,0,0,0
Year 1 Mar 15 12:00 AM,0,0,0
Year 1 Mar 15 1:00 AM,0,0,0
Year 1 Mar 15 2:00 AM,0,0,0
Year 1 Mar 15 3:00 AM,0,0,0
Year 1 Mar 15 4:00 AM,0,0,0
Year 1 Mar 15 5:00 AM,0,0,0
Year 1 Mar 15 6:00 AM,0,0,0
Year 1 Mar 15 7:00 AM,13.36102583,13.36102583,0
Year 1 Mar 15 8:00 AM,26.35539364,26.35539364,0
Year 1 Mar 15 9:00 AM,36.63010916,36.63010916,0
Year 1 Mar 15 10:00 AM,42.44103059,42.44103059,0
Year 1 Mar 15 11:00 AM,44.06711883,44.06711883,0
Year 1 Mar 15 12:00 PM,44.47734881,44.47734881,0
Year 1 Mar 15 1:00 PM,44.42465693,44.42465693,0
Year 1 Mar 15 2:00 PM,43.85309228,43.85309228,0
Year 1 Mar 15 3:00 PM,41.86200038,41.86200038,0
Year 1 Mar 15 4:00 PM,34.95979301,34.95979301,0
Year 1 Mar 15 5:00 PM,25.16800776,25.16800776,0
Year 1 Mar 15 6:00 PM,10.44398499,10.44398499,0
Year 1 Mar 15 7:00 PM,0,0,0
Year 1 Mar 15 8:00 PM,0,0,0
Year 1 Mar 15 9:00 PM,0,0,0
Year 1 Mar 15 10:00 PM,0,0,0
Year 1 Mar 15 11:00 PM,0,0,0
Year 1 Mar 16 12:00 AM,0,0,0
Year 1 Mar 16 1:00 AM,0,0,0
Year 1 Mar 16 2:00 AM,0,0,0
Year 1 Mar 16 3:00 AM,0,0,0
Year 1 Mar 16 4:00 AM,0,0,0
Year 1 Mar 16 5:00 AM,0,0,0
Year 1 Mar 16 6:00 AM,0,0,0
Year 1 Mar 16 7:00 AM,17.16160917,17.16160917,0
Year 1 Mar 16 8:00 AM,44.17653248,44.17653248,0
Year 1 Mar 16 9:00 AM,70.54201993,70.54201993,0
Year 1 Mar 16 10:00 AM,94.57691829,94.57691829,0
Year 1 Mar 16 11:00 AM,83.85842892,83.85842892,0
Year 1 Mar 16 12:00 PM,102.443988,102.443988,0
Year 1 Mar 16 1:00 PM,109.8471281,109.8471281,0
Year 1 Mar 16 2:00 PM,95.64264468,95.64264468,0
Year 1 Mar 16 3:00 PM,85.63030952,85.63030952,0
Year 1 Mar 16 4:00 PM,63.28333214,63.28333214,0
Year 1 Mar 16 5:00 PM,33.03610974,33.03610974,0
Year 1 Mar 16 6:00 PM,12.56192003,12.56192003,0
Year 1 Mar 16 7:00 PM,0,0,0
Year 1 Mar 16 8:00 PM,0,0,0
Year 1 Mar 16 9:00 PM,0,0,0
Year 1 Mar 16 10:00 PM,0,0,0
Year 1 Mar 16 11:00 PM,0,0,0
Year 1 Mar 17 12:00 AM,0,0,0
Year 1 Mar 17 1:00 AM,0,0,0
Year 1 Mar 17 2:00 AM,0,0,0
Year 1 Mar 17 3:00 AM,0,0,0
Year 1 Mar 17 4:00 AM,0,0,0
Year 1 Mar 17 5:00 AM,0,0,0
Year 1 Mar 17 6:00 AM,0,0,0
Year 1 Mar 17 7:00 AM,16.38846482,16.38846482,0
Year 1 Mar 17 8:00 AM,36.39653009,36.39653009,0
Year 1 Mar 17 9:00 AM,63.56046794,63.56046794,0
Year 1 Mar 17 10:00 AM,92.82871376,92.82871376,0
Year 1 Mar 17 11:00 AM,88.63005096,88.63005096,0
Year 1 Mar 17 12:00 PM,101.3697604,101.3697604,0
Year 1 Mar 17 1:00 PM,109.9702636,109.9702636,0
Year 1 Mar 17 2:00 PM,73.4499972,73.4499972,0
Year 1 Mar 17 3:00 PM,52.30551208,52.30551208,0
Year 1 Mar 17 4:00 PM,47.09327477,47.09327477,0
Year 1 Mar 17 5:00 PM,29.4697262,29.4697262,0
Year 1 Mar 17 6:00 PM,11.32111876,11.32111876,0
Year 1 Mar 17 7:00 PM,0,0,0
Year 1 Mar 17 8:00 PM,0,0,0
Year 1 Mar 17 9:00 PM,0,0,0
Year 1 Mar 17 10:00 PM,0,0,0
Year 1 Mar 17 11:00 PM,0,0,0
Year 1 Mar 18 12:00 AM,0,0,0
Year 1 Mar 18 1:00 AM,0,0,0
Year 1 Mar 18 2:00 AM,0,0,0
Year 1 Mar 18 3:00 AM,0,0,0
Year 1 Mar 18 4:00 AM,0,0,0
Year 1 Mar 18 5:00 AM,0,0,0
Year 1 Mar 18 6:00 AM,0,0,0
Year 1 Mar 18 7:00 AM,16.83459953,16.83459953,0
Year 1 Mar 18 8:00 AM,37.61303547,37.61303547,0
Year 1 Mar 18 9:00 AM,49.6127739,49.6127739,0
Year 1 Mar 18 10:00 AM,55.74202142,55.74202142,0
Year 1 Mar 18 11:00 AM,61.32369927,61.32369927,0
Year 1 Mar 18 12:00 PM,63.08024058,63.08024058,0
Year 1 Mar 18 1:00 PM,63.09345758,63.09345758,0
Year 1 Mar 18 2:00 PM,60.32234438,60.32234438,0
Year 1 Mar 18 3:00 PM,55.01756967,55.01756967,0
Year 1 Mar 18 4:00 PM,48.03605846,48.03605846,0
Year 1 Mar 18 5:00 PM,33.85099461,33.85099461,0
Year 1 Mar 18 6:00 PM,11.52141159,11.52141159,0
Year 1 Mar 18 7:00 PM,0,0,0
Year 1 Mar 18 8:00 PM,0,0,0
Year 1 Mar 18 9:00 PM,0,0,0
Year 1 Mar 18 10:00 PM,0,0,0
Year 1 Mar 18 11:00 PM,0,0,0
Year 1 Mar 19 12:00 AM,0,0,0
Year 1 Mar 19 1:00 AM,0,0,0
Year 1 Mar 19 2:00 AM,0,0,0
Year 1 Mar 19 3:00 AM,0,0,0
Year 1 Mar 19 4:00 AM,0,0,0
Year 1 Mar 19 5:00 AM,0,0,0
Year 1 Mar 19 6:00 AM,0,0,0
Year 1 Mar 19 7:00 AM,19.65609952,19.65609952,0
Year 1 Mar 19 8:00 AM,46.63765862,46.63765862,0
Year 1 Mar 19 9:00 AM,71.69412826,71.69412826,0
Year 1 Mar 19 10:00 AM,94.19931154,94.19931154,0
Year 1 Mar 19 11:00 AM,90.41278028,90.41278028,0
Year 1 Mar 19 12:00 PM,84.22477185,84.22477185,0
Year 1 Mar 19 1:00 PM,75.45609373,75.45609373,0
Year 1 Mar 19 2:00 PM,66.52415333,66.52415333,0
Year 1 Mar 19 3:00 PM,60.83222234,60.83222234,0
Year 1 Mar 19 4:00 PM,54.23016656,54.23016656,0
Year 1 Mar 19 5:00 PM,34.53278027,34.53278027,0
Year 1 Mar 19 6:00 PM,12.0966329,12.0966329,0
Year 1 Mar 19 7:00 PM,0,0,0
Year 1 Mar 19 8:00 PM,0,0,0
Year 1 Mar 19 9:00 PM,0,0,0
Year 1 Mar 19 10:00 PM,0,0,0
Year 1 Mar 19 11:00 PM,0,0,0
Year 1 Mar 20 12:00 AM,0,0,0
Year 1 Mar 20 1:00 AM,0,0,0
Year 1 Mar 20 2:00 AM,0,0,0
Year 1 Mar 20 3:00 AM,0,0,0
Year 1 Mar 20 4:00 AM,0,0,0
Year 1 Mar 20 5:00 AM,0,0,0
Year 1 Mar 20 6:00 AM,0,0,0
Year 1 Mar 20 7:00 AM,17.57273557,17.57273557,0
Year 1 Mar 20 8:00 AM,37.01686195,37.01686195,0
Year 1 Mar 20 9:00 AM,47.81987138,47.81987138,0
Year 1 Mar 20 10:00 AM,55.29025048,55.29025048,0
Year 1 Mar 20 11:00 AM,61.99077463,61.99077463,0
Year 1 Mar 20 12:00 PM,66.88806478,66.88806478,0
Year 1 Mar 20 1:00 PM,67.27570792,67.27570792,0
Year 1 Mar 20 2:00 PM,69.79971049,69.79971049,0
Year 1 Mar 20 3:00 PM,76.47394455,76.47394455,0
Year 1 Mar 20 4:00 PM,59.37626726,59.37626726,0
Year 1 Mar 20 5:00 PM,42.40772713,42.40772713,0
Year 1 Mar 20 6:00 PM,14.94645526,14.94645526,0
Year 1 Mar 20 7:00 PM,0,0,0
Year 1 Mar 20 8:00 PM,0,0,0
Year 1 Mar 20 9:00 PM,0,0,0
Year 1 Mar 20 10:00 PM,0,0,0
Year 1 Mar 20 11:00 PM,0,0,0
Year 1 Mar 21 12:00 AM,0,0,0
Year 1 Mar 21 1:00 AM,0,0,0
Year 1 Mar 21 2:00 AM,0,0,0
Year 1 Mar 21 3:00 AM,0,0,0
Year 1 Mar 21 4:00 AM,0,0,0
Year 1 Mar 21 5:00 AM,0,0,0
Year 1 Mar 21 6:00 AM,1.212504092,1.212504092,0
Year 1 Mar 21 7:00 AM,17.67472299,17.67472299,0
Year 1 Mar 21 8:00 AM,31.94559407,31.94559407,0
Year 1 Mar 21 9:00 AM,44.58826576,44.58826576,0
Year 1 Mar 21 10:00 AM,50.52140749,50.52140749,0
Year 1 Mar 21 11:00 AM,52.49051548,52.49051548,0
Year 1 Mar 21 12:00 PM,49.85349243,49.85349243,0
Year 1 Mar 21 1:00 PM,57.80096606,57.80096606,0
Year 1 Mar 21 2:00 PM,70.78129954,70.78129954,0
Year 1 Mar 21 3:00 PM,72.41893846,72.41893846,0
Year 1 Mar 21 4:00 PM,62.13505481,62.13505481,0
Year 1 Mar 21 5:00 PM,45.12078754,45.12078754,0
Year 1 Mar 21 6:00 PM,14.75601778,14.75601778,0
Year 1 Mar 21 7:00 PM,0,0,0
Year 1 Mar 21 8:00 PM,0,0,0
Year 1 Mar 21 9:00 PM,0,0,0
Year 1 Mar 21 10:00 PM,0,0,0
Year 1 Mar 21 11:00 PM,0,0,0
Year 1 Mar 22 12:00 AM,0,0,0
Year 1 Mar 22 1:00 AM,0,0,0
Year 1 Mar 22 2:00 AM,0,0,0
Year 1 Mar 22 3:00 AM,0,0,0
Year 1 Mar 22 4:00 AM,0,0,0
Year 1 Mar 22 5:00 AM,0,0,0
Year 1 Mar 22 6:00 AM,1.323518761,1.323518761,0
Year 1 Mar 22 7:00 AM,20.04564319,20.04564319,0
Year 1 Mar 22 8:00 AM,42.76101614,42.76101614,0
Year 1 Mar 22 9:00 AM,56.67537024,56.67537024,0
Year 1 Mar 22 10:00 AM,73.45765708,73.45765708,0
Year 1 Mar 22 11:00 AM,82.42993287,82.42993287,0
Year 1 Mar 22 12:00 PM,98.47076525,98.47076525,0
Year 1 Mar 22 1:00 PM,95.08431715,95.08431715,0
Year 1 Mar 22 2:00 PM,101.6380812,101.6380812,0
Year 1 Mar 22 3:00 PM,81.95201399,81.95201399,0
Year 1 Mar 22 4:00 PM,55.88264689,55.88264689,0
Year 1 Mar 22 5:00 PM,33.57740215,33.57740215,0
Year 1 Mar 22 6:00 PM,11.55436418,11.55436418,0
Year 1 Mar 22 7:00 PM,0,0,0
Year 1 Mar 22 8:00 PM,0,0,0
Year 1 Mar 22 9:00 PM,0,0,0
Year 1 Mar 22 10:00 PM,0,0,0
Year 1 Mar 22 11:00 PM,0,0,0
Year 1 Mar 23 12:00 AM,0,0,0
Year 1 Mar 23 1:00 AM,0,0,0
Year 1 Mar 23 2:00 AM,0,0,0
Year 1 Mar 23 3:00 AM,0,0,0
Year 1 Mar 23 4:00 AM,0,0,0
Year 1 Mar 23 5:00 AM,0,0,0
Year 1 Mar 23 6:00 AM,0.947923385,0.947923385,0
Year 1 Mar 23 7:00 AM,15.9092236,15.9092236,0
Year 1 Mar 23 8:00 AM,40.63801142,40.63801142,0
Year 1 Mar 23 9:00 AM,57.71208642,57.71208642,0
Year 1 Mar 23 10:00 AM,100.7485143,100.7485143,0
Year 1 Mar 23 11:00 AM,84.43490981,84.43490981,0
Year 1 Mar 23 12:00 PM,86.85918999,86.85918999,0
Year 1 Mar 23 1:00 PM,89.8902974,89.8902974,0
Year 1 Mar 23 2:00 PM,80.495385,80.495385,0
Year 1 Mar 23 3:00 PM,72.32340829,72.32340829,0
Year 1 Mar 23 4:00 PM,73.56104045,73.56104045,0
Year 1 Mar 23 5:00 PM,32.67702157,32.67702157,0
Year 1 Mar 23 6:00 PM,10.20827308,10.20827308,0
Year 1 Mar 23 7:00 PM,0,0,0
Year 1 Mar 23 8:00 PM,0,0,0
Year 1 Mar 23 9:00 PM,0,0,0
Year 1 Mar 23 10:00 PM,0,0,0
Year 1 Mar 23 11:00 PM,0,0,0
Year 1 Mar 24 12:00 AM,0,0,0
Year 1 Mar 24 1:00 AM,0,0,0
Year 1 Mar 24 2:00 AM,0,0,0
Year 1 Mar 24 3:00 AM,0,0,0
Year 1 Mar 24 4:00 AM,0,0,0
Year 1 Mar 24 5:00 AM,0,0,0
Year 1 Mar 24 6:00 AM,0.818088903,0.818088903,0
Year 1 Mar 24 7:00 AM,11.8220693,11.8220693,0
Year 1 Mar 24 8:00 AM,30.04105321,30.04105321,0
Year 1 Mar 24 9:00 AM,58.72322832,58.72322832,0
Year 1 Mar 24 10:00 AM,96.59132128,96.59132128,0
Year 1 Mar 24 11:00 AM,87.57813599,87.57813599,0
Year 1 Mar 24 12:00 PM,94.10157094,94.10157094,0
Year 1 Mar 24 1:00 PM,124.0279082,124.0279082,0
Year 1 Mar 24 2:00 PM,87.31706391,87.31706391,0
Year 1 Mar 24 3:00 PM,70.52790427,70.52790427,0
Year 1 Mar 24 4:00 PM,67.22055609,67.22055609,0
Year 1 Mar 24 5:00 PM,40.11450472,40.11450472,0
Year 1 Mar 24 6:00 PM,14.08763014,14.08763014,0
Year 1 Mar 24 7:00 PM,0,0,0
Year 1 Mar 24 8:00 PM,0,0,0
Year 1 Mar 24 9:00 PM,0,0,0
Year 1 Mar 24 10:00 PM,0,0,0
Year 1 Mar 24 11:00 PM,0,0,0
Year 1 Mar 25 12:00 AM,0,0,0
Year 1 Mar 25 1:00 AM,0,0,0
Year 1 Mar 25 2:00 AM,0,0,0
Year 1 Mar 25 3:00 AM,0,0,0
Year 1 Mar 25 4:00 AM,0,0,0
Year 1 Mar 25 5:00 AM,0,0,0
Year 1 Mar 25 6:00 AM,1.40425253,1.40425253,0
Year 1 Mar 25 7:00 AM,21.36100896,21.36100896,0
Year 1 Mar 25 8:00 AM,53.88276736,53.88276736,0
Year 1 Mar 25 9:00 AM,89.27994939,89.27994939,0
Year 1 Mar 25 10:00 AM,108.5568416,108.5568416,0
Year 1 Mar 25 11:00 AM,125.7981971,125.7981971,0
Year 1 Mar 25 12:00 PM,136.9455568,136.9455568,0
Year 1 Mar 25 1:00 PM,138.8915928,138.8915928,0
Year 1 Mar 25 2:00 PM,126.7834185,126.7834185,0
Year 1 Mar 25 3:00 PM,104.1688609,104.1688609,0
Year 1 Mar 25 4:00 PM,81.2091196,81.2091196,0
Year 1 Mar 25 5:00 PM,47.54902479,47.54902479,0
Year 1 Mar 25 6:00 PM,17.57618279,17.57618279,0
Year 1 Mar 25 7:00 PM,0,0,0
Year 1 Mar 25 8:00 PM,0,0,0
Year 1 Mar 25 9:00 PM,0,0,0
Year 1 Mar 25 10:00 PM,0,0,0
Year 1 Mar 25 11:00 PM,0,0,0
Year 1 Mar 26 12:00 AM,0,0,0
Year 1 Mar 26 1:00 AM,0,0,0
Year 1 Mar 26 2:00 AM,0,0,0
Year 1 Mar 26 3:00 AM,0,0,0
Year 1 Mar 26 4:00 AM,0,0,0
Year 1 Mar 26 5:00 AM,0,0,0
Year 1 Mar 26 6:00 AM,1.726818737,1.726818737,0
Year 1 Mar 26 7:00 AM,21.48898147,21.48898147,0
Year 1 Mar 26 8:00 AM,40.5506658,40.5506658,0
Year 1 Mar 26 9:00 AM,50.73384378,50.73384378,0
Year 1 Mar 26 10:00 AM,56.46948315,56.46948315,0
Year 1 Mar 26 11:00 AM,64.24329473,64.24329473,0
Year 1 Mar 26 12:00 PM,80.27459314,80.27459314,0
Year 1 Mar 26 1:00 PM,86.07065308,86.07065308,0
Year 1 Mar 26 2:00 PM,86.43816052,86.43816052,0
Year 1 Mar 26 3:00 PM,74.88537402,74.88537402,0
Year 1 Mar 26 4:00 PM,68.43077116,68.43077116,0
Year 1 Mar 26 5:00 PM,41.1777444,41.1777444,0
Year 1 Mar 26 6:00 PM,17.3868813,17.3868813,0
Year 1 Mar 26 7:00 PM,0,0,0
Year 1 Mar 26 8:00 PM,0,0,0
Year 1 Mar 26 9:00 PM,0,0,0
Year 1 Mar 26 10:00 PM,0,0,0
Year 1 Mar 26 11:00 PM,0,0,0
Year 1 Mar 27 12:00 AM,0,0,0
Year 1 Mar 27 1:00 AM,0,0,0
Year 1 Mar 27 2:00 AM,0,0,0
Year 1 Mar 27 3:00 AM,0,0,0
Year 1 Mar 27 4:00 AM,0,0,0
Year 1 Mar 27 5:00 AM,0,0,0
Year 1 Mar 27 6:00 AM,1.040252624,1.040252624,0
Year 1 Mar 27 7:00 AM,13.42579197,13.42579197,0
Year 1 Mar 27 8:00 AM,41.68035713,41.68035713,0
Year 1 Mar 27 9:00 AM,44.48314079,44.48314079,0
Year 1 Mar 27 10:00 AM,63.42435243,63.42435243,0
Year 1 Mar 27 11:00 AM,99.37931415,99.37931415,0
Year 1 Mar 27 12:00 PM,91.51433809,91.51433809,0
Year 1 Mar 27 1:00 PM,75.07603941,75.07603941,0
Year 1 Mar 27 2:00 PM,92.29037881,92.29037881,0
Year 1 Mar 27 3:00 PM,102.1618463,102.1618463,0
Year 1 Mar 27 4:00 PM,70.12278434,70.12278434,0
Year 1 Mar 27 5:00 PM,42.70516447,42.70516447,0
Year 1 Mar 27 6:00 PM,18.88669459,18.88669459,0
Year 1 Mar 27 7:00 PM,0,0,0
Year 1 Mar 27 8:00 PM,0,0,0
Year 1 Mar 27 9:00 PM,0,0,0
Year 1 Mar 27 10:00 PM,0,0,0
Year 1 Mar 27 11:00 PM,0,0,0
Year 1 Mar 28 12:00 AM,0,0,0
Year 1 Mar 28 1:00 AM,0,0,0
Year 1 Mar 28 2:00 AM,0,0,0
Year 1 Mar 28 3:00 AM,0,0,0
Year 1 Mar 28 4:00 AM,0,0,0
Year 1 Mar 28 5:00 AM,0,0,0
Year 1 Mar 28 6:00 AM,1.745860373,1.745860373,0
Year 1 Mar 28 7:00 AM,17.44063466,17.44063466,0
Year 1 Mar 28 8:00 AM,42.05790342,42.05790342,0
Year 1 Mar 28 9:00 AM,38.38849954,38.38849954,0
Year 1 Mar 28 10:00 AM,60.48047629,60.48047629,0
Year 1 Mar 28 11:00 AM,109.7826676,109.7826676,0
Year 1 Mar 28 12:00 PM,113.7530126,113.7530126,0
Year 1 Mar 28 1:00 PM,122.8235595,122.8235595,0
Year 1 Mar 28 2:00 PM,101.2381109,101.2381109,0
Year 1 Mar 28 3:00 PM,72.37336752,72.37336752,0
Year 1 Mar 28 4:00 PM,68.61541365,68.61541365,0
Year 1 Mar 28 5:00 PM,29.96674326,29.96674326,0
Year 1 Mar 28 6:00 PM,9.763335218,9.763335218,0
Year 1 Mar 28 7:00 PM,0,0,0
Year 1 Mar 28 8:00 PM,0,0,0
Year 1 Mar 28 9:00 PM,0,0,0
Year 1 Mar 28 10:00 PM,0,0,0
Year 1 Mar 28 11:00 PM,0,0,0
Year 1 Mar 29 12:00 AM,0,0,0
Year 1 Mar 29 1:00 AM,0,0,0
Year 1 Mar 29 2:00 AM,0,0,0
Year 1 Mar 29 3:00 AM,0,0,0
Year 1 Mar 29 4:00 AM,0,0,0
Year 1 Mar 29 5:00 AM,0,0,0
Year 1 Mar 29 6:00 AM,3.23447263,3.23447263,0
Year 1 Mar 29 7:00 AM,25.14857114,25.14857114,0
Year 1 Mar 29 8:00 AM,50.07166276,50.07166276,0
Year 1 Mar 29 9:00 AM,85.46628552,85.46628552,0
Year 1 Mar 29 10:00 AM,101.5254953,101.5254953,0
Year 1 Mar 29 11:00 AM,123.6372999,123.6372999,0
Year 1 Mar 29 12:00 PM,133.2247422,133.2247422,0
Year 1 Mar 29 1:00 PM,134.2706264,134.2706264,0
Year 1 Mar 29 2:00 PM,117.6580914,117.6580914,0
Year 1 Mar 29 3:00 PM,105.4269364,105.4269364,0
Year 1 Mar 29 4:00 PM,62.28343403,62.28343403,0
Year 1 Mar 29 5:00 PM,44.25030818,44.25030818,0
Year 1 Mar 29 6:00 PM,16.60215748,16.60215748,0
Year 1 Mar 29 7:00 PM,0,0,0
Year 1 Mar 29 8:00 PM,0,0,0
Year 1 Mar 29 9:00 PM,0,0,0
Year 1 Mar 29 10:00 PM,0,0,0
Year 1 Mar 29 11:00 PM,0,0,0
Year 1 Mar 30 12:00 AM,0,0,0
Year 1 Mar 30 1:00 AM,0,0,0
Year 1 Mar 30 2:00 AM,0,0,0
Year 1 Mar 30 3:00 AM,0,0,0
Year 1 Mar 30 4:00 AM,0,0,0
Year 1 Mar 30 5:00 AM,0,0,0
Year 1 Mar 30 6:00 AM,2.944871142,2.944871142,0
Year 1 Mar 30 7:00 AM,24.05573012,24.05573012,0
Year 1 Mar 30 8:00 AM,56.3815802,56.3815802,0
Year 1 Mar 30 9:00 AM,87.36549065,87.36549065,0
Year 1 Mar 30 10:00 AM,111.572299,111.572299,0
Year 1 Mar 30 11:00 AM,132.2568553,132.2568553,0
Year 1 Mar 30 12:00 PM,146.7398393,146.7398393,0
Year 1 Mar 30 1:00 PM,140.8659946,140.8659946,0
Year 1 Mar 30 2:00 PM,127.8931044,127.8931044,0
Year 1 Mar 30 3:00 PM,113.0058847,113.0058847,0
Year 1 Mar 30 4:00 PM,81.75264985,81.75264985,0
Year 1 Mar 30 5:00 PM,50.56776803,50.56776803,0
Year 1 Mar 30 6:00 PM,18.63526738,18.63526738,0
Year 1 Mar 30 7:00 PM,0,0,0
Year 1 Mar 30 8:00 PM,0,0,0
Year 1 Mar 30 9:00 PM,0,0,0
Year 1 Mar 30 10:00 PM,0,0,0
Year 1 Mar 30 11:00 PM,0,0,0
Year 1 Mar 31 12:00 AM,0,0,0
Year 1 Mar 31 1:00 AM,0,0,0
Year 1 Mar 31 2:00 AM,0,0,0
Year 1 Mar 31 3:00 AM,0,0,0
Year 1 Mar 31 4:00 AM,0,0,0
Year 1 Mar 31 5:00 AM,0,0,0
Year 1 Mar 31 6:00 AM,2.212146344,2.212146344,0
Year 1 Mar 31 7:00 AM,16.87361232,16.87361232,0
Year 1 Mar 31 8:00 AM,39.28951865,39.28951865,0
Year 1 Mar 31 9:00 AM,66.56625197,66.56625197,0
Year 1 Mar 31 10:00 AM,110.0571569,110.0571569,0
Year 1 Mar 31 11:00 AM,130.3991873,130.3991873,0
Year 1 Mar 31 12:00 PM,130.4881386,130.4881386,0
Year 1 Mar 31 1:00 PM,93.56540298,93.56540298,0
Year 1 Mar 31 2:00 PM,87.77773542,87.77773542,0
Year 1 Mar 31 3:00 PM,97.05202608,97.05202608,0
Year 1 Mar 31 4:00 PM,53.46610258,53.46610258,0
Year 1 Mar 31 5:00 PM,29.91428889,29.91428889,0
Year 1 Mar 31 6:00 PM,11.86890676,11.86890676,0
Year 1 Mar 31 7:00 PM,0.723186611,0.723186611,0
Year 1 Mar 31 8:00 PM,0,0,0
Year 1 Mar 31 9:00 PM,0,0,0
Year 1 Mar 31 10:00 PM,0,0,0
Year 1 Mar 31 11:00 PM,0,0,0
Year 1 Apr 01 12:00 AM,0,0,0
Year 1 Apr 01 1:00 AM,0,0,0
Year 1 Apr 01 2:00 AM,0,0,0
Year 1 Apr 01 3:00 AM,0,0,0
Year 1 Apr 01 4:00 AM,0,0,0
Year 1 Apr 01 5:00 AM,0,0,0
Year 1 Apr 01 6:00 AM,5.021429392,5.021429392,0
Year 1 Apr 01 7:00 AM,36.50969197,36.50969197,0
Year 1 Apr 01 8:00 AM,57.32678168,57.32678168,0
Year 1 Apr 01 9:00 AM,76.78683388,76.78683388,0
Year 1 Apr 01 10:00 AM,103.995645,103.995645,0
Year 1 Apr 01 11:00 AM,107.4829222,107.4829222,0
Year 1 Apr 01 12:00 PM,98.14048489,98.14048489,0
Year 1 Apr 01 1:00 PM,71.70062959,71.70062959,0
Year 1 Apr 01 2:00 PM,64.04646166,64.04646166,0
Year 1 Apr 01 3:00 PM,52.51578311,52.51578311,0
Year 1 Apr 01 4:00 PM,36.10051032,36.10051032,0
Year 1 Apr 01 5:00 PM,29.10379045,29.10379045,0
Year 1 Apr 01 6:00 PM,14.33753726,14.33753726,0
Year 1 Apr 01 7:00 PM,0.822220387,0.822220387,0
Year 1 Apr 01 8:00 PM,0,0,0
Year 1 Apr 01 9:00 PM,0,0,0
Year 1 Apr 01 10:00 PM,0,0,0
Year 1 Apr 01 11:00 PM,0,0,0
Year 1 Apr 02 12:00 AM,0,0,0
Year 1 Apr 02 1:00 AM,0,0,0
Year 1 Apr 02 2:00 AM,0,0,0
Year 1 Apr 02 3:00 AM,0,0,0
Year 1 Apr 02 4:00 AM,0,0,0
Year 1 Apr 02 5:00 AM,0,0,0
Year 1 Apr 02 6:00 AM,3.463631101,3.463631101,0
Year 1 Apr 02 7:00 AM,19.393502,19.393502,0
Year 1 Apr 02 8:00 AM,34.9520191,34.9520191,0
Year 1 Apr 02 9:00 AM,88.97942143,88.97942143,0
Year 1 Apr 02 10:00 AM,103.8721228,103.8721228,0
Year 1 Apr 02 11:00 AM,113.3569852,113.3569852,0
Year 1 Apr 02 12:00 PM,88.30221745,88.30221745,0
Year 1 Apr 02 1:00 PM,114.4909206,114.4909206,0
Year 1 Apr 02 2:00 PM,90.91576117,90.91576117,0
Year 1 Apr 02 3:00 PM,67.22729259,67.22729259,0
Year 1 Apr 02 4:00 PM,42.89103958,42.89103958,0
Year 1 Apr 02 5:00 PM,24.0084549,24.0084549,0
Year 1 Apr 02 6:00 PM,8.023250514,8.023250514,0
Year 1 Apr 02 7:00 PM,0.439627912,0.439627912,0
Year 1 Apr 02 8:00 PM,0,0,0
Year 1 Apr 02 9:00 PM,0,0,0
Year 1 Apr 02 10:00 PM,0,0,0
Year 1 Apr 02 11:00 PM,0,0,0
Year 1 Apr 03 12:00 AM,0,0,0
Year 1 Apr 03 1:00 AM,0,0,0
Year 1 Apr 03 2:00 AM,0,0,0
Year 1 Apr 03 3:00 AM,0,0,0
Year 1 Apr 03 4:00 AM,0,0,0
Year 1 Apr 03 5:00 AM,0,0,0
Year 1 Apr 03 6:00 AM,6.373368204,6.373368204,0
Year 1 Apr 03 7:00 AM,35.90297502,35.90297502,0
Year 1 Apr 03 8:00 AM,44.81450972,44.81450972,0
Year 1 Apr 03 9:00 AM,63.15484235,63.15484235,0
Year 1 Apr 03 10:00 AM,80.00124142,80.00124142,0
Year 1 Apr 03 11:00 AM,92.02706236,92.02706236,0
Year 1 Apr 03 12:00 PM,100.748082,100.748082,0
Year 1 Apr 03 1:00 PM,93.86455904,93.86455904,0
Year 1 Apr 03 2:00 PM,107.7749764,107.7749764,0
Year 1 Apr 03 3:00 PM,91.8720619,91.8720619,0
Year 1 Apr 03 4:00 PM,76.63023838,76.63023838,0
Year 1 Apr 03 5:00 PM,51.28365263,51.28365263,0
Year 1 Apr 03 6:00 PM,22.5233824,22.5233824,0
Year 1 Apr 03 7:00 PM,1.294864854,1.294864854,0
Year 1 Apr 03 8:00 PM,0,0,0
Year 1 Apr 03 9:00 PM,0,0,0
Year 1 Apr 03 10:00 PM,0,0,0
Year 1 Apr 03 11:00 PM,0,0,0
Year 1 Apr 04 12:00 AM,0,0,0
Year 1 Apr 04 1:00 AM,0,0,0
Year 1 Apr 04 2:00 AM,0,0,0
Year 1 Apr 04 3:00 AM,0,0,0
Year 1 Apr 04 4:00 AM,0,0,0
Year 1 Apr 04 5:00 AM,0,0,0
Year 1 Apr 04 6:00 AM,6.60017274,6.60017274,0
Year 1 Apr 04 7:00 AM,39.6594904,39.6594904,0
Year 1 Apr 04 8:00 AM,66.19193075,66.19193075,0
Year 1 Apr 04 9:00 AM,91.68636289,91.68636289,0
Year 1 Apr 04 10:00 AM,102.978178,102.978178,0
Year 1 Apr 04 11:00 AM,91.27010309,91.27010309,0
Year 1 Apr 04 12:00 PM,78.67335589,78.67335589,0
Year 1 Apr 04 1:00 PM,75.57026795,75.57026795,0
Year 1 Apr 04 2:00 PM,69.77735247,69.77735247,0
Year 1 Apr 04 3:00 PM,54.18708216,54.18708216,0
Year 1 Apr 04 4:00 PM,41.61694632,41.61694632,0
Year 1 Apr 04 5:00 PM,32.88968035,32.88968035,0
Year 1 Apr 04 6:00 PM,15.07904941,15.07904941,0
Year 1 Apr 04 7:00 PM,0.867924285,0.867924285,0
Year 1 Apr 04 8:00 PM,0,0,0
Year 1 Apr 04 9:00 PM,0,0,0
Year 1 Apr 04 10:00 PM,0,0,0
Year 1 Apr 04 11:00 PM,0,0,0
Year 1 Apr 05 12:00 AM,0,0,0
Year 1 Apr 05 1:00 AM,0,0,0
Year 1 Apr 05 2:00 AM,0,0,0
Year 1 Apr 05 3:00 AM,0,0,0
Year 1 Apr 05 4:00 AM,0,0,0
Year 1 Apr 05 5:00 AM,0,0,0
Year 1 Apr 05 6:00 AM,6.414792877,6.414792877,0
Year 1 Apr 05 7:00 AM,38.97836761,38.97836761,0
Year 1 Apr 05 8:00 AM,68.47460538,68.47460538,0
Year 1 Apr 05 9:00 AM,94.90895999,94.90895999,0
Year 1 Apr 05 10:00 AM,114.0729239,114.0729239,0
Year 1 Apr 05 11:00 AM,121.739281,121.739281,0
Year 1 Apr 05 12:00 PM,128.6550684,128.6550684,0
Year 1 Apr 05 1:00 PM,123.7421287,123.7421287,0
Year 1 Apr 05 2:00 PM,75.98664892,75.98664892,0
Year 1 Apr 05 3:00 PM,57.63949638,57.63949638,0
Year 1 Apr 05 4:00 PM,71.23558294,71.23558294,0
Year 1 Apr 05 5:00 PM,43.74311169,43.74311169,0
Year 1 Apr 05 6:00 PM,25.15911807,25.15911807,0
Year 1 Apr 05 7:00 PM,1.445775041,1.445775041,0
Year 1 Apr 05 8:00 PM,0,0,0
Year 1 Apr 05 9:00 PM,0,0,0
Year 1 Apr 05 10:00 PM,0,0,0
Year 1 Apr 05 11:00 PM,0,0,0
Year 1 Apr 06 12:00 AM,0,0,0
Year 1 Apr 06 1:00 AM,0,0,0
Year 1 Apr 06 2:00 AM,0,0,0
Year 1 Apr 06 3:00 AM,0,0,0
Year 1 Apr 06 4:00 AM,0,0,0
Year 1 Apr 06 5:00 AM,0,0,0
Year 1 Apr 06 6:00 AM,7.151188968,7.151188968,0
Year 1 Apr 06 7:00 AM,39.93925909,39.93925909,0
Year 1 Apr 06 8:00 AM,59.28211717,59.28211717,0
Year 1 Apr 06 9:00 AM,72.56535684,72.56535684,0
Year 1 Apr 06 10:00 AM,74.6470594,74.6470594,0
Year 1 Apr 06 11:00 AM,77.1591541,77.1591541,0
Year 1 Apr 06 12:00 PM,86.62738602,86.62738602,0
Year 1 Apr 06 1:00 PM,74.98887434,74.98887434,0
Year 1 Apr 06 2:00 PM,72.86547895,72.86547895,0
Year 1 Apr 06 3:00 PM,71.7412916,71.7412916,0
Year 1 Apr 06 4:00 PM,68.98008861,68.98008861,0
Year 1 Apr 06 5:00 PM,52.58347496,52.58347496,0
Year 1 Apr 06 6:00 PM,24.39863157,24.39863157,0
Year 1 Apr 06 7:00 PM,1.459140785,1.459140785,0
Year 1 Apr 06 8:00 PM,0,0,0
Year 1 Apr 06 9:00 PM,0,0,0
Year 1 Apr 06 10:00 PM,0,0,0
Year 1 Apr 06 11:00 PM,0,0,0
Year 1 Apr 07 12:00 AM,0,0,0
Year 1 Apr 07 1:00 AM,0,0,0
Year 1 Apr 07 2:00 AM,0,0,0
Year 1 Apr 07 3:00 AM,0,0,0
Year 1 Apr 07 4:00 AM,0,0,0
Year 1 Apr 07 5:00 AM,0,0,0
Year 1 Apr 07 6:00 AM,3.348188268,3.348188268,0
Year 1 Apr 07 7:00 AM,18.55332783,18.55332783,0
Year 1 Apr 07 8:00 AM,26.19619999,26.19619999,0
Year 1 Apr 07 9:00 AM,40.37496963,40.37496963,0
Year 1 Apr 07 10:00 AM,53.03667605,53.03667605,0
Year 1 Apr 07 11:00 AM,58.59266524,58.59266524,0
Year 1 Apr 07 12:00 PM,65.27704808,65.27704808,0
Year 1 Apr 07 1:00 PM,65.98373223,65.98373223,0
Year 1 Apr 07 2:00 PM,67.5360922,67.5360922,0
Year 1 Apr 07 3:00 PM,58.30923581,58.30923581,0
Year 1 Apr 07 4:00 PM,53.41760945,53.41760945,0
Year 1 Apr 07 5:00 PM,30.40862277,30.40862277,0
Year 1 Apr 07 6:00 PM,16.10991296,16.10991296,0
Year 1 Apr 07 7:00 PM,0.9885036,0.9885036,0
Year 1 Apr 07 8:00 PM,0,0,0
Year 1 Apr 07 9:00 PM,0,0,0
Year 1 Apr 07 10:00 PM,0,0,0
Year 1 Apr 07 11:00 PM,0,0,0
Year 1 Apr 08 12:00 AM,0,0,0
Year 1 Apr 08 1:00 AM,0,0,0
Year 1 Apr 08 2:00 AM,0,0,0
Year 1 Apr 08 3:00 AM,0,0,0
Year 1 Apr 08 4:00 AM,0,0,0
Year 1 Apr 08 5:00 AM,0,0,0
Year 1 Apr 08 6:00 AM,4.035992942,4.035992942,0
Year 1 Apr 08 7:00 AM,22.16275244,22.16275244,0
Year 1 Apr 08 8:00 AM,31.5475087,31.5475087,0
Year 1 Apr 08 9:00 AM,41.72198025,41.72198025,0
Year 1 Apr 08 10:00 AM,47.23886029,47.23886029,0
Year 1 Apr 08 11:00 AM,54.55642868,54.55642868,0
Year 1 Apr 08 12:00 PM,56.54443553,56.54443553,0
Year 1 Apr 08 1:00 PM,58.0074882,58.0074882,0
Year 1 Apr 08 2:00 PM,57.1389326,57.1389326,0
Year 1 Apr 08 3:00 PM,48.91285079,48.91285079,0
Year 1 Apr 08 4:00 PM,43.02048525,43.02048525,0
Year 1 Apr 08 5:00 PM,25.18674634,25.18674634,0
Year 1 Apr 08 6:00 PM,10.91619915,10.91619915,0
Year 1 Apr 08 7:00 PM,0.648652062,0.648652062,0
Year 1 Apr 08 8:00 PM,0,0,0
Year 1 Apr 08 9:00 PM,0,0,0
Year 1 Apr 08 10:00 PM,0,0,0
Year 1 Apr 08 11:00 PM,0,0,0
Year 1 Apr 09 12:00 AM,0,0,0
Year 1 Apr 09 1:00 AM,0,0,0
Year 1 Apr 09 2:00 AM,0,0,0
Year 1 Apr 09 3:00 AM,0,0,0
Year 1 Apr 09 4:00 AM,0,0,0
Year 1 Apr 09 5:00 AM,0,0,0
Year 1 Apr 09 6:00 AM,8.028538949,8.028538949,0
Year 1 Apr 09 7:00 AM,38.66564331,38.66564331,0
Year 1 Apr 09 8:00 AM,42.71966771,42.71966771,0
Year 1 Apr 09 9:00 AM,48.62309832,48.62309832,0
Year 1 Apr 09 10:00 AM,49.67566338,49.67566338,0
Year 1 Apr 09 11:00 AM,56.34841219,56.34841219,0
Year 1 Apr 09 12:00 PM,73.21263654,73.21263654,0
Year 1 Apr 09 1:00 PM,106.2607268,106.2607268,0
Year 1 Apr 09 2:00 PM,92.75814393,92.75814393,0
Year 1 Apr 09 3:00 PM,73.33569813,73.33569813,0
Year 1 Apr 09 4:00 PM,74.88043237,74.88043237,0
Year 1 Apr 09 5:00 PM,57.53637916,57.53637916,0
Year 1 Apr 09 6:00 PM,27.52492406,27.52492406,0
Year 1 Apr 09 7:00 PM,2.531115652,2.531115652,0
Year 1 Apr 09 8:00 PM,0,0,0
Year 1 Apr 09 9:00 PM,0,0,0
Year 1 Apr 09 10:00 PM,0,0,0
Year 1 Apr 09 11:00 PM,0,0,0
Year 1 Apr 10 12:00 AM,0,0,0
Year 1 Apr 10 1:00 AM,0,0,0
Year 1 Apr 10 2:00 AM,0,0,0
Year 1 Apr 10 3:00 AM,0,0,0
Year 1 Apr 10 4:00 AM,0,0,0
Year 1 Apr 10 5:00 AM,0,0,0
Year 1 Apr 10 6:00 AM,8.726154254,8.726154254,0
Year 1 Apr 10 7:00 AM,43.21529055,43.21529055,0
Year 1 Apr 10 8:00 AM,60.13938988,60.13938988,0
Year 1 Apr 10 9:00 AM,70.96817279,70.96817279,0
Year 1 Apr 10 10:00 AM,71.52162029,71.52162029,0
Year 1 Apr 10 11:00 AM,69.57673837,69.57673837,0
Year 1 Apr 10 12:00 PM,72.56774217,72.56774217,0
Year 1 Apr 10 1:00 PM,64.78525987,64.78525987,0
Year 1 Apr 10 2:00 PM,63.41533669,63.41533669,0
Year 1 Apr 10 3:00 PM,66.73761888,66.73761888,0
Year 1 Apr 10 4:00 PM,64.02250014,64.02250014,0
Year 1 Apr 10 5:00 PM,47.39073238,47.39073238,0
Year 1 Apr 10 6:00 PM,25.27845023,25.27845023,0
Year 1 Apr 10 7:00 PM,2.258302782,2.258302782,0
Year 1 Apr 10 8:00 PM,0,0,0
Year 1 Apr 10 9:00 PM,0,0,0
Year 1 Apr 10 10:00 PM,0,0,0
Year 1 Apr 10 11:00 PM,0,0,0
Year 1 Apr 11 12:00 AM,0,0,0
Year 1 Apr 11 1:00 AM,0,0,0
Year 1 Apr 11 2:00 AM,0,0,0
Year 1 Apr 11 3:00 AM,0,0,0
Year 1 Apr 11 4:00 AM,0,0,0
Year 1 Apr 11 5:00 AM,0,0,0
Year 1 Apr 11 6:00 AM,8.916568226,8.916568226,0
Year 1 Apr 11 7:00 AM,43.26858866,43.26858866,0
Year 1 Apr 11 8:00 AM,67.26874491,67.26874491,0
Year 1 Apr 11 9:00 AM,90.09752252,90.09752252,0
Year 1 Apr 11 10:00 AM,81.91543914,81.91543914,0
Year 1 Apr 11 11:00 AM,75.40472709,75.40472709,0
Year 1 Apr 11 12:00 PM,89.09617865,89.09617865,0
Year 1 Apr 11 1:00 PM,98.47454197,98.47454197,0
Year 1 Apr 11 2:00 PM,92.00298199,92.00298199,0
Year 1 Apr 11 3:00 PM,74.70205683,74.70205683,0
Year 1 Apr 11 4:00 PM,65.42114451,65.42114451,0
Year 1 Apr 11 5:00 PM,48.48807674,48.48807674,0
Year 1 Apr 11 6:00 PM,25.73134475,25.73134475,0
Year 1 Apr 11 7:00 PM,2.474155242,2.474155242,0
Year 1 Apr 11 8:00 PM,0,0,0
Year 1 Apr 11 9:00 PM,0,0,0
Year 1 Apr 11 10:00 PM,0,0,0
Year 1 Apr 11 11:00 PM,0,0,0
Year 1 Apr 12 12:00 AM,0,0,0
Year 1 Apr 12 1:00 AM,0,0,0
Year 1 Apr 12 2:00 AM,0,0,0
Year 1 Apr 12 3:00 AM,0,0,0
Year 1 Apr 12 4:00 AM,0,0,0
Year 1 Apr 12 5:00 AM,0,0,0
Year 1 Apr 12 6:00 AM,10.40388553,10.40388553,0
Year 1 Apr 12 7:00 AM,44.64331791,44.64331791,0
Year 1 Apr 12 8:00 AM,45.99245523,45.99245523,0
Year 1 Apr 12 9:00 AM,74.60898049,74.60898049,0
Year 1 Apr 12 10:00 AM,83.61093322,83.61093322,0
Year 1 Apr 12 11:00 AM,92.99851872,92.99851872,0
Year 1 Apr 12 12:00 PM,91.1469117,91.1469117,0
Year 1 Apr 12 1:00 PM,88.67005141,88.67005141,0
Year 1 Apr 12 2:00 PM,81.96886072,81.96886072,0
Year 1 Apr 12 3:00 PM,72.17781374,72.17781374,0
Year 1 Apr 12 4:00 PM,60.8467038,60.8467038,0
Year 1 Apr 12 5:00 PM,28.38103809,28.38103809,0
Year 1 Apr 12 6:00 PM,8.889652109,8.889652109,0
Year 1 Apr 12 7:00 PM,0.722033794,0.722033794,0
Year 1 Apr 12 8:00 PM,0,0,0
Year 1 Apr 12 9:00 PM,0,0,0
Year 1 Apr 12 10:00 PM,0,0,0
Year 1 Apr 12 11:00 PM,0,0,0
Year 1 Apr 13 12:00 AM,0,0,0
Year 1 Apr 13 1:00 AM,0,0,0
Year 1 Apr 13 2:00 AM,0,0,0
Year 1 Apr 13 3:00 AM,0,0,0
Year 1 Apr 13 4:00 AM,0,0,0
Year 1 Apr 13 5:00 AM,0,0,0
Year 1 Apr 13 6:00 AM,9.822247649,9.822247649,0
Year 1 Apr 13 7:00 AM,44.52682352,44.52682352,0
Year 1 Apr 13 8:00 AM,60.53944849,60.53944849,0
Year 1 Apr 13 9:00 AM,76.75789463,76.75789463,0
Year 1 Apr 13 10:00 AM,101.754321,101.754321,0
Year 1 Apr 13 11:00 AM,118.5497354,118.5497354,0
Year 1 Apr 13 12:00 PM,89.69962586,89.69962586,0
Year 1 Apr 13 1:00 PM,64.19081334,64.19081334,0
Year 1 Apr 13 2:00 PM,77.6700325,77.6700325,0
Year 1 Apr 13 3:00 PM,92.79340601,92.79340601,0
Year 1 Apr 13 4:00 PM,88.16115687,88.16115687,0
Year 1 Apr 13 5:00 PM,57.75506932,57.75506932,0
Year 1 Apr 13 6:00 PM,22.8345997,22.8345997,0
Year 1 Apr 13 7:00 PM,1.979050145,1.979050145,0
Year 1 Apr 13 8:00 PM,0,0,0
Year 1 Apr 13 9:00 PM,0,0,0
Year 1 Apr 13 10:00 PM,0,0,0
Year 1 Apr 13 11:00 PM,0,0,0
Year 1 Apr 14 12:00 AM,0,0,0
Year 1 Apr 14 1:00 AM,0,0,0
Year 1 Apr 14 2:00 AM,0,0,0
Year 1 Apr 14 3:00 AM,0,0,0
Year 1 Apr 14 4:00 AM,0,0,0
Year 1 Apr 14 5:00 AM,0,0,0
Year 1 Apr 14 6:00 AM,7.921473246,7.921473246,0
Year 1 Apr 14 7:00 AM,44.3731767,44.3731767,0
Year 1 Apr 14 8:00 AM,63.66517228,63.66517228,0
Year 1 Apr 14 9:00 AM,70.9623375,70.9623375,0
Year 1 Apr 14 10:00 AM,68.06421498,68.06421498,0
Year 1 Apr 14 11:00 AM,65.56128773,65.56128773,0
Year 1 Apr 14 12:00 PM,70.42631175,70.42631175,0
Year 1 Apr 14 1:00 PM,81.24772057,81.24772057,0
Year 1 Apr 14 2:00 PM,71.19228287,71.19228287,0
Year 1 Apr 14 3:00 PM,83.04180452,83.04180452,0
Year 1 Apr 14 4:00 PM,83.55679053,83.55679053,0
Year 1 Apr 14 5:00 PM,58.88445999,58.88445999,0
Year 1 Apr 14 6:00 PM,27.38569574,27.38569574,0
Year 1 Apr 14 7:00 PM,2.580140825,2.580140825,0
Year 1 Apr 14 8:00 PM,0,0,0
Year 1 Apr 14 9:00 PM,0,0,0
Year 1 Apr 14 10:00 PM,0,0,0
Year 1 Apr 14 11:00 PM,0,0,0
Year 1 Apr 15 12:00 AM,0,0,0
Year 1 Apr 15 1:00 AM,0,0,0
Year 1 Apr 15 2:00 AM,0,0,0
Year 1 Apr 15 3:00 AM,0,0,0
Year 1 Apr 15 4:00 AM,0,0,0
Year 1 Apr 15 5:00 AM,0,0,0
Year 1 Apr 15 6:00 AM,9.049879637,9.049879637,0
Year 1 Apr 15 7:00 AM,50.95888988,50.95888988,0
Year 1 Apr 15 8:00 AM,74.57056676,74.57056676,0
Year 1 Apr 15 9:00 AM,80.5850275,80.5850275,0
Year 1 Apr 15 10:00 AM,76.06583497,76.06583497,0
Year 1 Apr 15 11:00 AM,68.26033588,68.26033588,0
Year 1 Apr 15 12:00 PM,61.54943613,61.54943613,0
Year 1 Apr 15 1:00 PM,67.4782416,67.4782416,0
Year 1 Apr 15 2:00 PM,70.01978491,70.01978491,0
Year 1 Apr 15 3:00 PM,71.6809525,71.6809525,0
Year 1 Apr 15 4:00 PM,66.85430707,66.85430707,0
Year 1 Apr 15 5:00 PM,52.02837819,52.02837819,0
Year 1 Apr 15 6:00 PM,28.78459942,28.78459942,0
Year 1 Apr 15 7:00 PM,2.672449061,2.672449061,0
Year 1 Apr 15 8:00 PM,0,0,0
Year 1 Apr 15 9:00 PM,0,0,0
Year 1 Apr 15 10:00 PM,0,0,0
Year 1 Apr 15 11:00 PM,0,0,0
Year 1 Apr 16 12:00 AM,0,0,0
Year 1 Apr 16 1:00 AM,0,0,0
Year 1 Apr 16 2:00 AM,0,0,0
Year 1 Apr 16 3:00 AM,0,0,0
Year 1 Apr 16 4:00 AM,0,0,0
Year 1 Apr 16 5:00 AM,0,0,0
Year 1 Apr 16 6:00 AM,8.040020383,8.040020383,0
Year 1 Apr 16 7:00 AM,45.34184159,45.34184159,0
Year 1 Apr 16 8:00 AM,61.43060131,61.43060131,0
Year 1 Apr 16 9:00 AM,72.70391063,72.70391063,0
Year 1 Apr 16 10:00 AM,70.56498798,70.56498798,0
Year 1 Apr 16 11:00 AM,73.00279545,73.00279545,0
Year 1 Apr 16 12:00 PM,84.64804905,84.64804905,0
Year 1 Apr 16 1:00 PM,69.10656945,69.10656945,0
Year 1 Apr 16 2:00 PM,69.73473958,69.73473958,0
Year 1 Apr 16 3:00 PM,86.59269708,86.59269708,0
Year 1 Apr 16 4:00 PM,89.45690237,89.45690237,0
Year 1 Apr 16 5:00 PM,54.76640174,54.76640174,0
Year 1 Apr 16 6:00 PM,24.58392315,24.58392315,0
Year 1 Apr 16 7:00 PM,2.257304049,2.257304049,0
Year 1 Apr 16 8:00 PM,0,0,0
Year 1 Apr 16 9:00 PM,0,0,0
Year 1 Apr 16 10:00 PM,0,0,0
Year 1 Apr 16 11:00 PM,0,0,0
Year 1 Apr 17 12:00 AM,0,0,0
Year 1 Apr 17 1:00 AM,0,0,0
Year 1 Apr 17 2:00 AM,0,0,0
Year 1 Apr 17 3:00 AM,0,0,0
Year 1 Apr 17 4:00 AM,0,0,0
Year 1 Apr 17 5:00 AM,0,0,0
Year 1 Apr 17 6:00 AM,9.532207143,9.532207143,0
Year 1 Apr 17 7:00 AM,51.11957799,51.11957799,0
Year 1 Apr 17 8:00 AM,74.27479762,74.27479762,0
Year 1 Apr 17 9:00 AM,99.92567739,99.92567739,0
Year 1 Apr 17 10:00 AM,112.0680135,112.0680135,0
Year 1 Apr 17 11:00 AM,101.3487582,101.3487582,0
Year 1 Apr 17 12:00 PM,74.2138907,74.2138907,0
Year 1 Apr 17 1:00 PM,72.14236196,72.14236196,0
Year 1 Apr 17 2:00 PM,71.66020834,71.66020834,0
Year 1 Apr 17 3:00 PM,75.59878298,75.59878298,0
Year 1 Apr 17 4:00 PM,67.98857622,67.98857622,0
Year 1 Apr 17 5:00 PM,52.89438571,52.89438571,0
Year 1 Apr 17 6:00 PM,27.69356554,27.69356554,0
Year 1 Apr 17 7:00 PM,2.813644291,2.813644291,0
Year 1 Apr 17 8:00 PM,0,0,0
Year 1 Apr 17 9:00 PM,0,0,0
Year 1 Apr 17 10:00 PM,0,0,0
Year 1 Apr 17 11:00 PM,0,0,0
Year 1 Apr 18 12:00 AM,0,0,0
Year 1 Apr 18 1:00 AM,0,0,0
Year 1 Apr 18 2:00 AM,0,0,0
Year 1 Apr 18 3:00 AM,0,0,0
Year 1 Apr 18 4:00 AM,0,0,0
Year 1 Apr 18 5:00 AM,0,0,0
Year 1 Apr 18 6:00 AM,8.8927453,8.8927453,0
Year 1 Apr 18 7:00 AM,49.10959697,49.10959697,0
Year 1 Apr 18 8:00 AM,76.82424159,76.82424159,0
Year 1 Apr 18 9:00 AM,103.6247309,103.6247309,0
Year 1 Apr 18 10:00 AM,114.8794259,114.8794259,0
Year 1 Apr 18 11:00 AM,96.92727672,96.92727672,0
Year 1 Apr 18 12:00 PM,99.24520299,99.24520299,0
Year 1 Apr 18 1:00 PM,94.80983764,94.80983764,0
Year 1 Apr 18 2:00 PM,79.79315373,79.79315373,0
Year 1 Apr 18 3:00 PM,90.16310354,90.16310354,0
Year 1 Apr 18 4:00 PM,76.01176418,76.01176418,0
Year 1 Apr 18 5:00 PM,45.23545856,45.23545856,0
Year 1 Apr 18 6:00 PM,32.52802122,32.52802122,0
Year 1 Apr 18 7:00 PM,3.496922092,3.496922092,0
Year 1 Apr 18 8:00 PM,0,0,0
Year 1 Apr 18 9:00 PM,0,0,0
Year 1 Apr 18 10:00 PM,0,0,0
Year 1 Apr 18 11:00 PM,0,0,0
Year 1 Apr 19 12:00 AM,0,0,0
Year 1 Apr 19 1:00 AM,0,0,0
Year 1 Apr 19 2:00 AM,0,0,0
Year 1 Apr 19 3:00 AM,0,0,0
Year 1 Apr 19 4:00 AM,0,0,0
Year 1 Apr 19 5:00 AM,0,0,0
Year 1 Apr 19 6:00 AM,8.871653121,8.871653121,0
Year 1 Apr 19 7:00 AM,45.09206227,45.09206227,0
Year 1 Apr 19 8:00 AM,59.03389504,59.03389504,0
Year 1 Apr 19 9:00 AM,95.66027383,95.66027383,0
Year 1 Apr 19 10:00 AM,102.6715275,102.6715275,0
Year 1 Apr 19 11:00 AM,83.77671749,83.77671749,0
Year 1 Apr 19 12:00 PM,87.86490766,87.86490766,0
Year 1 Apr 19 1:00 PM,79.07967926,79.07967926,0
Year 1 Apr 19 2:00 PM,90.06485984,90.06485984,0
Year 1 Apr 19 3:00 PM,105.7059117,105.7059117,0
Year 1 Apr 19 4:00 PM,84.23819861,84.23819861,0
Year 1 Apr 19 5:00 PM,63.26948291,63.26948291,0
Year 1 Apr 19 6:00 PM,34.02181522,34.02181522,0
Year 1 Apr 19 7:00 PM,3.516073775,3.516073775,0
Year 1 Apr 19 8:00 PM,0,0,0
Year 1 Apr 19 9:00 PM,0,0,0
Year 1 Apr 19 10:00 PM,0,0,0
Year 1 Apr 19 11:00 PM,0,0,0
Year 1 Apr 20 12:00 AM,0,0,0
Year 1 Apr 20 1:00 AM,0,0,0
Year 1 Apr 20 2:00 AM,0,0,0
Year 1 Apr 20 3:00 AM,0,0,0
Year 1 Apr 20 4:00 AM,0,0,0
Year 1 Apr 20 5:00 AM,0,0,0
Year 1 Apr 20 6:00 AM,7.753558948,7.753558948,0
Year 1 Apr 20 7:00 AM,45.71620737,45.71620737,0
Year 1 Apr 20 8:00 AM,75.22245527,75.22245527,0
Year 1 Apr 20 9:00 AM,90.39422476,90.39422476,0
Year 1 Apr 20 10:00 AM,89.26085392,89.26085392,0
Year 1 Apr 20 11:00 AM,106.6573412,106.6573412,0
Year 1 Apr 20 12:00 PM,98.98353744,98.98353744,0
Year 1 Apr 20 1:00 PM,120.3144599,120.3144599,0
Year 1 Apr 20 2:00 PM,108.9538062,108.9538062,0
Year 1 Apr 20 3:00 PM,98.95450609,98.95450609,0
Year 1 Apr 20 4:00 PM,85.84521602,85.84521602,0
Year 1 Apr 20 5:00 PM,42.83992166,42.83992166,0
Year 1 Apr 20 6:00 PM,21.17716184,21.17716184,0
Year 1 Apr 20 7:00 PM,2.329000012,2.329000012,0
Year 1 Apr 20 8:00 PM,0,0,0
Year 1 Apr 20 9:00 PM,0,0,0
Year 1 Apr 20 10:00 PM,0,0,0
Year 1 Apr 20 11:00 PM,0,0,0
Year 1 Apr 21 12:00 AM,0,0,0
Year 1 Apr 21 1:00 AM,0,0,0
Year 1 Apr 21 2:00 AM,0,0,0
Year 1 Apr 21 3:00 AM,0,0,0
Year 1 Apr 21 4:00 AM,0,0,0
Year 1 Apr 21 5:00 AM,0,0,0
Year 1 Apr 21 6:00 AM,2.761553182,2.761553182,0
Year 1 Apr 21 7:00 AM,18.43769926,18.43769926,0
Year 1 Apr 21 8:00 AM,34.34129807,34.34129807,0
Year 1 Apr 21 9:00 AM,43.98888074,43.98888074,0
Year 1 Apr 21 10:00 AM,68.03769766,68.03769766,0
Year 1 Apr 21 11:00 AM,72.12836765,72.12836765,0
Year 1 Apr 21 12:00 PM,73.65176408,73.65176408,0
Year 1 Apr 21 1:00 PM,65.97071635,65.97071635,0
Year 1 Apr 21 2:00 PM,54.08730284,54.08730284,0
Year 1 Apr 21 3:00 PM,52.94892866,52.94892866,0
Year 1 Apr 21 4:00 PM,68.88809454,68.88809454,0
Year 1 Apr 21 5:00 PM,29.48603811,29.48603811,0
Year 1 Apr 21 6:00 PM,14.91087116,14.91087116,0
Year 1 Apr 21 7:00 PM,1.730260358,1.730260358,0
Year 1 Apr 21 8:00 PM,0,0,0
Year 1 Apr 21 9:00 PM,0,0,0
Year 1 Apr 21 10:00 PM,0,0,0
Year 1 Apr 21 11:00 PM,0,0,0
Year 1 Apr 22 12:00 AM,0,0,0
Year 1 Apr 22 1:00 AM,0,0,0
Year 1 Apr 22 2:00 AM,0,0,0
Year 1 Apr 22 3:00 AM,0,0,0
Year 1 Apr 22 4:00 AM,0,0,0
Year 1 Apr 22 5:00 AM,0,0,0
Year 1 Apr 22 6:00 AM,9.71596504,9.71596504,0
Year 1 Apr 22 7:00 AM,51.62252197,51.62252197,0
Year 1 Apr 22 8:00 AM,66.85528301,66.85528301,0
Year 1 Apr 22 9:00 AM,52.19622186,52.19622186,0
Year 1 Apr 22 10:00 AM,57.36437894,57.36437894,0
Year 1 Apr 22 11:00 AM,74.26021113,74.26021113,0
Year 1 Apr 22 12:00 PM,67.63686046,67.63686046,0
Year 1 Apr 22 1:00 PM,79.14740887,79.14740887,0
Year 1 Apr 22 2:00 PM,94.94158301,94.94158301,0
Year 1 Apr 22 3:00 PM,64.08685968,64.08685968,0
Year 1 Apr 22 4:00 PM,54.76166235,54.76166235,0
Year 1 Apr 22 5:00 PM,48.08235845,48.08235845,0
Year 1 Apr 22 6:00 PM,29.79304378,29.79304378,0
Year 1 Apr 22 7:00 PM,4.05617214,4.05617214,0
Year 1 Apr 22 8:00 PM,0,0,0
Year 1 Apr 22 9:00 PM,0,0,0
Year 1 Apr 22 10:00 PM,0,0,0
Year 1 Apr 22 11:00 PM,0,0,0
Year 1 Apr 23 12:00 AM,0,0,0
Year 1 Apr 23 1:00 AM,0,0,0
Year 1 Apr 23 2:00 AM,0,0,0
Year 1 Apr 23 3:00 AM,0,0,0
Year 1 Apr 23 4:00 AM,0,0,0
Year 1 Apr 23 5:00 AM,0,0,0
Year 1 Apr 23 6:00 AM,8.882704942,8.882704942,0
Year 1 Apr 23 7:00 AM,45.7977602,45.7977602,0
Year 1 Apr 23 8:00 AM,59.26058603,59.26058603,0
Year 1 Apr 23 9:00 AM,61.11667482,61.11667482,0
Year 1 Apr 23 10:00 AM,63.68252418,63.68252418,0
Year 1 Apr 23 11:00 AM,61.14640866,61.14640866,0
Year 1 Apr 23 12:00 PM,59.7010621,59.7010621,0
Year 1 Apr 23 1:00 PM,60.51994304,60.51994304,0
Year 1 Apr 23 2:00 PM,63.82843617,63.82843617,0
Year 1 Apr 23 3:00 PM,67.93282274,67.93282274,0
Year 1 Apr 23 4:00 PM,67.90786002,67.90786002,0
Year 1 Apr 23 5:00 PM,52.02278915,52.02278915,0
Year 1 Apr 23 6:00 PM,30.21336481,30.21336481,0
Year 1 Apr 23 7:00 PM,4.25643851,4.25643851,0
Year 1 Apr 23 8:00 PM,0,0,0
Year 1 Apr 23 9:00 PM,0,0,0
Year 1 Apr 23 10:00 PM,0,0,0
Year 1 Apr 23 11:00 PM,0,0,0
Year 1 Apr 24 12:00 AM,0,0,0
Year 1 Apr 24 1:00 AM,0,0,0
Year 1 Apr 24 2:00 AM,0,0,0
Year 1 Apr 24 3:00 AM,0,0,0
Year 1 Apr 24 4:00 AM,0,0,0
Year 1 Apr 24 5:00 AM,0,0,0
Year 1 Apr 24 6:00 AM,8.864116859,8.864116859,0
Year 1 Apr 24 7:00 AM,48.99470467,48.99470467,0
Year 1 Apr 24 8:00 AM,64.39756498,64.39756498,0
Year 1 Apr 24 9:00 AM,70.81336939,70.81336939,0
Year 1 Apr 24 10:00 AM,68.73422517,68.73422517,0
Year 1 Apr 24 11:00 AM,70.67682759,70.67682759,0
Year 1 Apr 24 12:00 PM,96.15747779,96.15747779,0
Year 1 Apr 24 1:00 PM,123.2517535,123.2517535,0
Year 1 Apr 24 2:00 PM,84.77675339,84.77675339,0
Year 1 Apr 24 3:00 PM,49.97858353,49.97858353,0
Year 1 Apr 24 4:00 PM,36.26057463,36.26057463,0
Year 1 Apr 24 5:00 PM,23.03958815,23.03958815,0
Year 1 Apr 24 6:00 PM,10.84935002,10.84935002,0
Year 1 Apr 24 7:00 PM,1.969640874,1.969640874,0
Year 1 Apr 24 8:00 PM,0,0,0
Year 1 Apr 24 9:00 PM,0,0,0
Year 1 Apr 24 10:00 PM,0,0,0
Year 1 Apr 24 11:00 PM,0,0,0
Year 1 Apr 25 12:00 AM,0,0,0
Year 1 Apr 25 1:00 AM,0,0,0
Year 1 Apr 25 2:00 AM,0,0,0
Year 1 Apr 25 3:00 AM,0,0,0
Year 1 Apr 25 4:00 AM,0,0,0
Year 1 Apr 25 5:00 AM,0,0,0
Year 1 Apr 25 6:00 AM,8.875067,8.875067,0
Year 1 Apr 25 7:00 AM,49.52244692,49.52244692,0
Year 1 Apr 25 8:00 AM,65.47929609,65.47929609,0
Year 1 Apr 25 9:00 AM,72.26875381,72.26875381,0
Year 1 Apr 25 10:00 AM,68.13908928,68.13908928,0
Year 1 Apr 25 11:00 AM,64.789913,64.789913,0
Year 1 Apr 25 12:00 PM,66.45956177,66.45956177,0
Year 1 Apr 25 1:00 PM,66.15029826,66.15029826,0
Year 1 Apr 25 2:00 PM,66.22580934,66.22580934,0
Year 1 Apr 25 3:00 PM,68.87039239,68.87039239,0
Year 1 Apr 25 4:00 PM,68.41207543,68.41207543,0
Year 1 Apr 25 5:00 PM,52.35761147,52.35761147,0
Year 1 Apr 25 6:00 PM,30.1330158,30.1330158,0
Year 1 Apr 25 7:00 PM,4.676215047,4.676215047,0
Year 1 Apr 25 8:00 PM,0,0,0
Year 1 Apr 25 9:00 PM,0,0,0
Year 1 Apr 25 10:00 PM,0,0,0
Year 1 Apr 25 11:00 PM,0,0,0
Year 1 Apr 26 12:00 AM,0,0,0
Year 1 Apr 26 1:00 AM,0,0,0
Year 1 Apr 26 2:00 AM,0,0,0
Year 1 Apr 26 3:00 AM,0,0,0
Year 1 Apr 26 4:00 AM,0,0,0
Year 1 Apr 26 5:00 AM,0,0,0
Year 1 Apr 26 6:00 AM,9.068328481,9.068328481,0
Year 1 Apr 26 7:00 AM,49.14152785,49.14152785,0
Year 1 Apr 26 8:00 AM,64.97273916,64.97273916,0
Year 1 Apr 26 9:00 AM,74.91498469,74.91498469,0
Year 1 Apr 26 10:00 AM,79.16896943,79.16896943,0
Year 1 Apr 26 11:00 AM,67.8628473,67.8628473,0
Year 1 Apr 26 12:00 PM,58.21805341,58.21805341,0
Year 1 Apr 26 1:00 PM,58.65740656,58.65740656,0
Year 1 Apr 26 2:00 PM,66.47426604,66.47426604,0
Year 1 Apr 26 3:00 PM,70.02121898,70.02121898,0
Year 1 Apr 26 4:00 PM,67.96763225,67.96763225,0
Year 1 Apr 26 5:00 PM,53.07774604,53.07774604,0
Year 1 Apr 26 6:00 PM,31.49017965,31.49017965,0
Year 1 Apr 26 7:00 PM,4.62268433,4.62268433,0
Year 1 Apr 26 8:00 PM,0,0,0
Year 1 Apr 26 9:00 PM,0,0,0
Year 1 Apr 26 10:00 PM,0,0,0
Year 1 Apr 26 11:00 PM,0,0,0
Year 1 Apr 27 12:00 AM,0,0,0
Year 1 Apr 27 1:00 AM,0,0,0
Year 1 Apr 27 2:00 AM,0,0,0
Year 1 Apr 27 3:00 AM,0,0,0
Year 1 Apr 27 4:00 AM,0,0,0
Year 1 Apr 27 5:00 AM,0.983274872,0.983274872,0
Year 1 Apr 27 6:00 AM,12.55123438,12.55123438,0
Year 1 Apr 27 7:00 AM,19.17602693,19.17602693,0
Year 1 Apr 27 8:00 AM,37.03493548,37.03493548,0
Year 1 Apr 27 9:00 AM,56.46434536,56.46434536,0
Year 1 Apr 27 10:00 AM,64.31429847,64.31429847,0
Year 1 Apr 27 11:00 AM,62.85903237,62.85903237,0
Year 1 Apr 27 12:00 PM,63.00862886,63.00862886,0
Year 1 Apr 27 1:00 PM,60.11814388,60.11814388,0
Year 1 Apr 27 2:00 PM,56.1181297,56.1181297,0
Year 1 Apr 27 3:00 PM,49.30106591,49.30106591,0
Year 1 Apr 27 4:00 PM,36.86400706,36.86400706,0
Year 1 Apr 27 5:00 PM,23.39984054,23.39984054,0
Year 1 Apr 27 6:00 PM,10.81214415,10.81214415,0
Year 1 Apr 27 7:00 PM,1.791724815,1.791724815,0
Year 1 Apr 27 8:00 PM,0,0,0
Year 1 Apr 27 9:00 PM,0,0,0
Year 1 Apr 27 10:00 PM,0,0,0
Year 1 Apr 27 11:00 PM,0,0,0
Year 1 Apr 28 12:00 AM,0,0,0
Year 1 Apr 28 1:00 AM,0,0,0
Year 1 Apr 28 2:00 AM,0,0,0
Year 1 Apr 28 3:00 AM,0,0,0
Year 1 Apr 28 4:00 AM,0,0,0
Year 1 Apr 28 5:00 AM,1.301666889,1.301666889,0
Year 1 Apr 28 6:00 AM,20.42592464,20.42592464,0
Year 1 Apr 28 7:00 AM,39.66843516,39.66843516,0
Year 1 Apr 28 8:00 AM,38.5405645,38.5405645,0
Year 1 Apr 28 9:00 AM,50.23394912,50.23394912,0
Year 1 Apr 28 10:00 AM,52.33069827,52.33069827,0
Year 1 Apr 28 11:00 AM,59.84456425,59.84456425,0
Year 1 Apr 28 12:00 PM,62.81645362,62.81645362,0
Year 1 Apr 28 1:00 PM,60.12269366,60.12269366,0
Year 1 Apr 28 2:00 PM,57.24679836,57.24679836,0
Year 1 Apr 28 3:00 PM,56.50284417,56.50284417,0
Year 1 Apr 28 4:00 PM,49.39247724,49.39247724,0
Year 1 Apr 28 5:00 PM,33.63414591,33.63414591,0
Year 1 Apr 28 6:00 PM,8.854379492,8.854379492,0
Year 1 Apr 28 7:00 PM,1.072054838,1.072054838,0
Year 1 Apr 28 8:00 PM,0,0,0
Year 1 Apr 28 9:00 PM,0,0,0
Year 1 Apr 28 10:00 PM,0,0,0
Year 1 Apr 28 11:00 PM,0,0,0
Year 1 Apr 29 12:00 AM,0,0,0
Year 1 Apr 29 1:00 AM,0,0,0
Year 1 Apr 29 2:00 AM,0,0,0
Year 1 Apr 29 3:00 AM,0,0,0
Year 1 Apr 29 4:00 AM,0,0,0
Year 1 Apr 29 5:00 AM,1.29662923,1.29662923,0
Year 1 Apr 29 6:00 AM,20.7751714,20.7751714,0
Year 1 Apr 29 7:00 AM,50.19737151,50.19737151,0
Year 1 Apr 29 8:00 AM,79.62723596,79.62723596,0
Year 1 Apr 29 9:00 AM,97.53252899,97.53252899,0
Year 1 Apr 29 10:00 AM,124.6850296,124.6850296,0
Year 1 Apr 29 11:00 AM,134.820461,134.820461,0
Year 1 Apr 29 12:00 PM,118.8383129,118.8383129,0
Year 1 Apr 29 1:00 PM,82.39359583,82.39359583,0
Year 1 Apr 29 2:00 PM,100.8988426,100.8988426,0
Year 1 Apr 29 3:00 PM,73.77960233,73.77960233,0
Year 1 Apr 29 4:00 PM,69.03946612,69.03946612,0
Year 1 Apr 29 5:00 PM,55.39139181,55.39139181,0
Year 1 Apr 29 6:00 PM,36.496305,36.496305,0
Year 1 Apr 29 7:00 PM,6.394527947,6.394527947,0
Year 1 Apr 29 8:00 PM,0,0,0
Year 1 Apr 29 9:00 PM,0,0,0
Year 1 Apr 29 10:00 PM,0,0,0
Year 1 Apr 29 11:00 PM,0,0,0
Year 1 Apr 30 12:00 AM,0,0,0
Year 1 Apr 30 1:00 AM,0,0,0
Year 1 Apr 30 2:00 AM,0,0,0
Year 1 Apr 30 3:00 AM,0,0,0
Year 1 Apr 30 4:00 AM,0,0,0
Year 1 Apr 30 5:00 AM,1.546059349,1.546059349,0
Year 1 Apr 30 6:00 AM,26.0429446,26.0429446,0
Year 1 Apr 30 7:00 AM,61.39722887,61.39722887,0
Year 1 Apr 30 8:00 AM,79.50290094,79.50290094,0
Year 1 Apr 30 9:00 AM,99.89849861,99.89849861,0
Year 1 Apr 30 10:00 AM,90.64878308,90.64878308,0
Year 1 Apr 30 11:00 AM,112.1101409,112.1101409,0
Year 1 Apr 30 12:00 PM,113.2773839,113.2773839,0
Year 1 Apr 30 1:00 PM,132.0578923,132.0578923,0
Year 1 Apr 30 2:00 PM,130.3968616,130.3968616,0
Year 1 Apr 30 3:00 PM,107.9454845,107.9454845,0
Year 1 Apr 30 4:00 PM,84.31858856,84.31858856,0
Year 1 Apr 30 5:00 PM,70.73517112,70.73517112,0
Year 1 Apr 30 6:00 PM,35.58280299,35.58280299,0
Year 1 Apr 30 7:00 PM,6.885327871,6.885327871,0
Year 1 Apr 30 8:00 PM,0,0,0
Year 1 Apr 30 9:00 PM,0,0,0
Year 1 Apr 30 10:00 PM,0,0,0
Year 1 Apr 30 11:00 PM,0,0,0
Year 1 May 01 12:00 AM,0,0,0
Year 1 May 01 1:00 AM,0,0,0
Year 1 May 01 2:00 AM,0,0,0
Year 1 May 01 3:00 AM,0,0,0
Year 1 May 01 4:00 AM,0,0,0
Year 1 May 01 5:00 AM,0.78876261,0.78876261,0
Year 1 May 01 6:00 AM,15.2357193,15.2357193,0
Year 1 May 01 7:00 AM,48.37042187,48.37042187,0
Year 1 May 01 8:00 AM,81.46228802,81.46228802,0
Year 1 May 01 9:00 AM,101.3657455,101.3657455,0
Year 1 May 01 10:00 AM,113.0015142,113.0015142,0
Year 1 May 01 11:00 AM,136.7503899,136.7503899,0
Year 1 May 01 12:00 PM,157.7783166,157.7783166,0
Year 1 May 01 1:00 PM,152.3048603,152.3048603,0
Year 1 May 01 2:00 PM,126.2968357,126.2968357,0
Year 1 May 01 3:00 PM,103.8452106,103.8452106,0
Year 1 May 01 4:00 PM,84.80757618,84.80757618,0
Year 1 May 01 5:00 PM,61.81075039,61.81075039,0
Year 1 May 01 6:00 PM,32.07901991,32.07901991,0
Year 1 May 01 7:00 PM,6.388053089,6.388053089,0
Year 1 May 01 8:00 PM,0,0,0
Year 1 May 01 9:00 PM,0,0,0
Year 1 May 01 10:00 PM,0,0,0
Year 1 May 01 11:00 PM,0,0,0
Year 1 May 02 12:00 AM,0,0,0
Year 1 May 02 1:00 AM,0,0,0
Year 1 May 02 2:00 AM,0,0,0
Year 1 May 02 3:00 AM,0,0,0
Year 1 May 02 4:00 AM,0,0,0
Year 1 May 02 5:00 AM,1.088284978,1.088284978,0
Year 1 May 02 6:00 AM,16.96500991,16.96500991,0
Year 1 May 02 7:00 AM,39.86711317,39.86711317,0
Year 1 May 02 8:00 AM,57.07366539,57.07366539,0
Year 1 May 02 9:00 AM,92.89193657,92.89193657,0
Year 1 May 02 10:00 AM,82.72352768,82.72352768,0
Year 1 May 02 11:00 AM,78.99026178,78.99026178,0
Year 1 May 02 12:00 PM,99.62817207,99.62817207,0
Year 1 May 02 1:00 PM,107.0864132,107.0864132,0
Year 1 May 02 2:00 PM,100.5875786,100.5875786,0
Year 1 May 02 3:00 PM,81.84781104,81.84781104,0
Year 1 May 02 4:00 PM,67.41666712,67.41666712,0
Year 1 May 02 5:00 PM,54.06826446,54.06826446,0
Year 1 May 02 6:00 PM,33.2085094,33.2085094,0
Year 1 May 02 7:00 PM,8.473518371,8.473518371,0
Year 1 May 02 8:00 PM,0,0,0
Year 1 May 02 9:00 PM,0,0,0
Year 1 May 02 10:00 PM,0,0,0
Year 1 May 02 11:00 PM,0,0,0
Year 1 May 03 12:00 AM,0,0,0
Year 1 May 03 1:00 AM,0,0,0
Year 1 May 03 2:00 AM,0,0,0
Year 1 May 03 3:00 AM,0,0,0
Year 1 May 03 4:00 AM,0,0,0
Year 1 May 03 5:00 AM,1.657086548,1.657086548,0
Year 1 May 03 6:00 AM,19.19022317,19.19022317,0
Year 1 May 03 7:00 AM,32.72227025,32.72227025,0
Year 1 May 03 8:00 AM,41.71658302,41.71658302,0
Year 1 May 03 9:00 AM,47.42164707,47.42164707,0
Year 1 May 03 10:00 AM,49.15869532,49.15869532,0
Year 1 May 03 11:00 AM,46.89277557,46.89277557,0
Year 1 May 03 12:00 PM,45.21583716,45.21583716,0
Year 1 May 03 1:00 PM,45.93784558,45.93784558,0
Year 1 May 03 2:00 PM,48.35803099,48.35803099,0
Year 1 May 03 3:00 PM,49.69986542,49.69986542,0
Year 1 May 03 4:00 PM,43.53782364,43.53782364,0
Year 1 May 03 5:00 PM,37.47797329,37.47797329,0
Year 1 May 03 6:00 PM,24.57020411,24.57020411,0
Year 1 May 03 7:00 PM,8.153590404,8.153590404,0
Year 1 May 03 8:00 PM,0,0,0
Year 1 May 03 9:00 PM,0,0,0
Year 1 May 03 10:00 PM,0,0,0
Year 1 May 03 11:00 PM,0,0,0
Year 1 May 04 12:00 AM,0,0,0
Year 1 May 04 1:00 AM,0,0,0
Year 1 May 04 2:00 AM,0,0,0
Year 1 May 04 3:00 AM,0,0,0
Year 1 May 04 4:00 AM,0,0,0
Year 1 May 04 5:00 AM,2.924951017,2.924951017,0
Year 1 May 04 6:00 AM,22.36525521,22.36525521,0
Year 1 May 04 7:00 AM,42.40234683,42.40234683,0
Year 1 May 04 8:00 AM,58.75930041,58.75930041,0
Year 1 May 04 9:00 AM,65.00885862,65.00885862,0
Year 1 May 04 10:00 AM,65.68446649,65.68446649,0
Year 1 May 04 11:00 AM,66.12290224,66.12290224,0
Year 1 May 04 12:00 PM,64.37326445,64.37326445,0
Year 1 May 04 1:00 PM,66.2717323,66.2717323,0
Year 1 May 04 2:00 PM,77.8058858,77.8058858,0
Year 1 May 04 3:00 PM,73.42032043,73.42032043,0
Year 1 May 04 4:00 PM,66.7214884,66.7214884,0
Year 1 May 04 5:00 PM,54.70532225,54.70532225,0
Year 1 May 04 6:00 PM,33.76721914,33.76721914,0
Year 1 May 04 7:00 PM,8.174282635,8.174282635,0
Year 1 May 04 8:00 PM,0,0,0
Year 1 May 04 9:00 PM,0,0,0
Year 1 May 04 10:00 PM,0,0,0
Year 1 May 04 11:00 PM,0,0,0
Year 1 May 05 12:00 AM,0,0,0
Year 1 May 05 1:00 AM,0,0,0
Year 1 May 05 2:00 AM,0,0,0
Year 1 May 05 3:00 AM,0,0,0
Year 1 May 05 4:00 AM,0,0,0
Year 1 May 05 5:00 AM,2.658389354,2.658389354,0
Year 1 May 05 6:00 AM,20.60181778,20.60181778,0
Year 1 May 05 7:00 AM,33.2873951,33.2873951,0
Year 1 May 05 8:00 AM,45.39419108,45.39419108,0
Year 1 May 05 9:00 AM,48.95959257,48.95959257,0
Year 1 May 05 10:00 AM,51.45365075,51.45365075,0
Year 1 May 05 11:00 AM,49.47452204,49.47452204,0
Year 1 May 05 12:00 PM,47.50163173,47.50163173,0
Year 1 May 05 1:00 PM,53.50384445,53.50384445,0
Year 1 May 05 2:00 PM,80.62084057,80.62084057,0
Year 1 May 05 3:00 PM,84.09728685,84.09728685,0
Year 1 May 05 4:00 PM,73.82940633,73.82940633,0
Year 1 May 05 5:00 PM,60.70207633,60.70207633,0
Year 1 May 05 6:00 PM,38.49457589,38.49457589,0
Year 1 May 05 7:00 PM,8.82435089,8.82435089,0
Year 1 May 05 8:00 PM,0,0,0
Year 1 May 05 9:00 PM,0,0,0
Year 1 May 05 10:00 PM,0,0,0
Year 1 May 05 11:00 PM,0,0,0
Year 1 May 06 12:00 AM,0,0,0
Year 1 May 06 1:00 AM,0,0,0
Year 1 May 06 2:00 AM,0,0,0
Year 1 May 06 3:00 AM,0,0,0
Year 1 May 06 4:00 AM,0,0,0
Year 1 May 06 5:00 AM,3.080899748,3.080899748,0
Year 1 May 06 6:00 AM,22.37940129,22.37940129,0
Year 1 May 06 7:00 AM,35.82597515,35.82597515,0
Year 1 May 06 8:00 AM,46.8310278,46.8310278,0
Year 1 May 06 9:00 AM,52.25936313,52.25936313,0
Year 1 May 06 10:00 AM,52.92141839,52.92141839,0
Year 1 May 06 11:00 AM,52.15371897,52.15371897,0
Year 1 May 06 12:00 PM,56.20710199,56.20710199,0
Year 1 May 06 1:00 PM,78.48414193,78.48414193,0
Year 1 May 06 2:00 PM,86.36476557,86.36476557,0
Year 1 May 06 3:00 PM,90.43844523,90.43844523,0
Year 1 May 06 4:00 PM,84.3679214,84.3679214,0
Year 1 May 06 5:00 PM,58.36949641,58.36949641,0
Year 1 May 06 6:00 PM,35.82284499,35.82284499,0
Year 1 May 06 7:00 PM,9.746398734,9.746398734,0
Year 1 May 06 8:00 PM,0,0,0
Year 1 May 06 9:00 PM,0,0,0
Year 1 May 06 10:00 PM,0,0,0
Year 1 May 06 11:00 PM,0,0,0
Year 1 May 07 12:00 AM,0,0,0
Year 1 May 07 1:00 AM,0,0,0
Year 1 May 07 2:00 AM,0,0,0
Year 1 May 07 3:00 AM,0,0,0
Year 1 May 07 4:00 AM,0,0,0
Year 1 May 07 5:00 AM,3.245307118,3.245307118,0
Year 1 May 07 6:00 AM,22.83098041,22.83098041,0
Year 1 May 07 7:00 AM,40.75560684,40.75560684,0
Year 1 May 07 8:00 AM,55.68732254,55.68732254,0
Year 1 May 07 9:00 AM,80.92558225,80.92558225,0
Year 1 May 07 10:00 AM,102.8808966,102.8808966,0
Year 1 May 07 11:00 AM,105.753005,105.753005,0
Year 1 May 07 12:00 PM,120.4310277,120.4310277,0
Year 1 May 07 1:00 PM,120.9270849,120.9270849,0
Year 1 May 07 2:00 PM,108.9950078,108.9950078,0
Year 1 May 07 3:00 PM,96.86512091,96.86512091,0
Year 1 May 07 4:00 PM,80.08694596,80.08694596,0
Year 1 May 07 5:00 PM,66.11470136,66.11470136,0
Year 1 May 07 6:00 PM,35.10697823,35.10697823,0
Year 1 May 07 7:00 PM,10.23892802,10.23892802,0
Year 1 May 07 8:00 PM,0,0,0
Year 1 May 07 9:00 PM,0,0,0
Year 1 May 07 10:00 PM,0,0,0
Year 1 May 07 11:00 PM,0,0,0
Year 1 May 08 12:00 AM,0,0,0
Year 1 May 08 1:00 AM,0,0,0
Year 1 May 08 2:00 AM,0,0,0
Year 1 May 08 3:00 AM,0,0,0
Year 1 May 08 4:00 AM,0,0,0
Year 1 May 08 5:00 AM,2.833706536,2.833706536,0
Year 1 May 08 6:00 AM,23.03457977,23.03457977,0
Year 1 May 08 7:00 AM,50.34739,50.34739,0
Year 1 May 08 8:00 AM,67.47927577,67.47927577,0
Year 1 May 08 9:00 AM,96.77054202,96.77054202,0
Year 1 May 08 10:00 AM,95.36624369,95.36624369,0
Year 1 May 08 11:00 AM,110.361641,110.361641,0
Year 1 May 08 12:00 PM,127.5725288,127.5725288,0
Year 1 May 08 1:00 PM,138.6080415,138.6080415,0
Year 1 May 08 2:00 PM,126.4303295,126.4303295,0
Year 1 May 08 3:00 PM,101.4745769,101.4745769,0
Year 1 May 08 4:00 PM,89.24867294,89.24867294,0
Year 1 May 08 5:00 PM,67.51764491,67.51764491,0
Year 1 May 08 6:00 PM,39.43836302,39.43836302,0
Year 1 May 08 7:00 PM,9.334373075,9.334373075,0
Year 1 May 08 8:00 PM,0,0,0
Year 1 May 08 9:00 PM,0,0,0
Year 1 May 08 10:00 PM,0,0,0
Year 1 May 08 11:00 PM,0,0,0
Year 1 May 09 12:00 AM,0,0,0
Year 1 May 09 1:00 AM,0,0,0
Year 1 May 09 2:00 AM,0,0,0
Year 1 May 09 3:00 AM,0,0,0
Year 1 May 09 4:00 AM,0,0,0
Year 1 May 09 5:00 AM,3.292495734,3.292495734,0
Year 1 May 09 6:00 AM,19.34244706,19.34244706,0
Year 1 May 09 7:00 AM,31.79486002,31.79486002,0
Year 1 May 09 8:00 AM,38.90875036,38.90875036,0
Year 1 May 09 9:00 AM,43.88942891,43.88942891,0
Year 1 May 09 10:00 AM,73.19099887,73.19099887,0
Year 1 May 09 11:00 AM,128.0277348,128.0277348,0
Year 1 May 09 12:00 PM,103.6834676,103.6834676,0
Year 1 May 09 1:00 PM,95.16829015,95.16829015,0
Year 1 May 09 2:00 PM,84.1555068,84.1555068,0
Year 1 May 09 3:00 PM,61.00921871,61.00921871,0
Year 1 May 09 4:00 PM,50.17079114,50.17079114,0
Year 1 May 09 5:00 PM,35.39031272,35.39031272,0
Year 1 May 09 6:00 PM,24.92568339,24.92568339,0
Year 1 May 09 7:00 PM,10.13441763,10.13441763,0
Year 1 May 09 8:00 PM,0,0,0
Year 1 May 09 9:00 PM,0,0,0
Year 1 May 09 10:00 PM,0,0,0
Year 1 May 09 11:00 PM,0,0,0
Year 1 May 10 12:00 AM,0,0,0
Year 1 May 10 1:00 AM,0,0,0
Year 1 May 10 2:00 AM,0,0,0
Year 1 May 10 3:00 AM,0,0,0
Year 1 May 10 4:00 AM,0,0,0
Year 1 May 10 5:00 AM,1.578229209,1.578229209,0
Year 1 May 10 6:00 AM,13.75422995,13.75422995,0
Year 1 May 10 7:00 AM,41.94005096,41.94005096,0
Year 1 May 10 8:00 AM,77.76026232,77.76026232,0
Year 1 May 10 9:00 AM,106.7069605,106.7069605,0
Year 1 May 10 10:00 AM,126.6225546,126.6225546,0
Year 1 May 10 11:00 AM,130.9958053,130.9958053,0
Year 1 May 10 12:00 PM,103.4458519,103.4458519,0
Year 1 May 10 1:00 PM,84.43792035,84.43792035,0
Year 1 May 10 2:00 PM,107.8315611,107.8315611,0
Year 1 May 10 3:00 PM,91.54797429,91.54797429,0
Year 1 May 10 4:00 PM,77.2250291,77.2250291,0
Year 1 May 10 5:00 PM,49.83238184,49.83238184,0
Year 1 May 10 6:00 PM,18.65063668,18.65063668,0
Year 1 May 10 7:00 PM,4.78930986,4.78930986,0
Year 1 May 10 8:00 PM,0,0,0
Year 1 May 10 9:00 PM,0,0,0
Year 1 May 10 10:00 PM,0,0,0
Year 1 May 10 11:00 PM,0,0,0
Year 1 May 11 12:00 AM,0,0,0
Year 1 May 11 1:00 AM,0,0,0
Year 1 May 11 2:00 AM,0,0,0
Year 1 May 11 3:00 AM,0,0,0
Year 1 May 11 4:00 AM,0,0,0
Year 1 May 11 5:00 AM,3.559441363,3.559441363,0
Year 1 May 11 6:00 AM,23.6502168,23.6502168,0
Year 1 May 11 7:00 AM,40.86386158,40.86386158,0
Year 1 May 11 8:00 AM,56.75448387,56.75448387,0
Year 1 May 11 9:00 AM,82.79327754,82.79327754,0
Year 1 May 11 10:00 AM,89.46492903,89.46492903,0
Year 1 May 11 11:00 AM,105.6615444,105.6615444,0
Year 1 May 11 12:00 PM,84.60680499,84.60680499,0
Year 1 May 11 1:00 PM,73.62343661,73.62343661,0
Year 1 May 11 2:00 PM,84.58990347,84.58990347,0
Year 1 May 11 3:00 PM,106.4109541,106.4109541,0
Year 1 May 11 4:00 PM,76.96501988,76.96501988,0
Year 1 May 11 5:00 PM,54.32381438,54.32381438,0
Year 1 May 11 6:00 PM,28.7038307,28.7038307,0
Year 1 May 11 7:00 PM,6.867779781,6.867779781,0
Year 1 May 11 8:00 PM,0,0,0
Year 1 May 11 9:00 PM,0,0,0
Year 1 May 11 10:00 PM,0,0,0
Year 1 May 11 11:00 PM,0,0,0
Year 1 May 12 12:00 AM,0,0,0
Year 1 May 12 1:00 AM,0,0,0
Year 1 May 12 2:00 AM,0,0,0
Year 1 May 12 3:00 AM,0,0,0
Year 1 May 12 4:00 AM,0,0,0
Year 1 May 12 5:00 AM,2.332629057,2.332629057,0
Year 1 May 12 6:00 AM,18.08585696,18.08585696,0
Year 1 May 12 7:00 AM,49.62468212,49.62468212,0
Year 1 May 12 8:00 AM,78.68874767,78.68874767,0
Year 1 May 12 9:00 AM,105.6608781,105.6608781,0
Year 1 May 12 10:00 AM,136.4373955,136.4373955,0
Year 1 May 12 11:00 AM,120.3534591,120.3534591,0
Year 1 May 12 12:00 PM,87.83861237,87.83861237,0
Year 1 May 12 1:00 PM,67.45643841,67.45643841,0
Year 1 May 12 2:00 PM,86.6606102,86.6606102,0
Year 1 May 12 3:00 PM,97.60046197,97.60046197,0
Year 1 May 12 4:00 PM,80.04499034,80.04499034,0
Year 1 May 12 5:00 PM,61.69000539,61.69000539,0
Year 1 May 12 6:00 PM,27.83667207,27.83667207,0
Year 1 May 12 7:00 PM,8.061084635,8.061084635,0
Year 1 May 12 8:00 PM,0,0,0
Year 1 May 12 9:00 PM,0,0,0
Year 1 May 12 10:00 PM,0,0,0
Year 1 May 12 11:00 PM,0,0,0
Year 1 May 13 12:00 AM,0,0,0
Year 1 May 13 1:00 AM,0,0,0
Year 1 May 13 2:00 AM,0,0,0
Year 1 May 13 3:00 AM,0,0,0
Year 1 May 13 4:00 AM,0,0,0
Year 1 May 13 5:00 AM,3.770471883,3.770471883,0
Year 1 May 13 6:00 AM,21.94333489,21.94333489,0
Year 1 May 13 7:00 AM,52.10174891,52.10174891,0
Year 1 May 13 8:00 AM,69.86033668,69.86033668,0
Year 1 May 13 9:00 AM,98.25467715,98.25467715,0
Year 1 May 13 10:00 AM,120.1394398,120.1394398,0
Year 1 May 13 11:00 AM,120.4175046,120.4175046,0
Year 1 May 13 12:00 PM,107.3235756,107.3235756,0
Year 1 May 13 1:00 PM,141.5300511,141.5300511,0
Year 1 May 13 2:00 PM,124.7443606,124.7443606,0
Year 1 May 13 3:00 PM,116.9915402,116.9915402,0
Year 1 May 13 4:00 PM,99.24243538,99.24243538,0
Year 1 May 13 5:00 PM,69.60127974,69.60127974,0
Year 1 May 13 6:00 PM,28.04615455,28.04615455,0
Year 1 May 13 7:00 PM,8.547391128,8.547391128,0
Year 1 May 13 8:00 PM,0,0,0
Year 1 May 13 9:00 PM,0,0,0
Year 1 May 13 10:00 PM,0,0,0
Year 1 May 13 11:00 PM,0,0,0
Year 1 May 14 12:00 AM,0,0,0
Year 1 May 14 1:00 AM,0,0,0
Year 1 May 14 2:00 AM,0,0,0
Year 1 May 14 3:00 AM,0,0,0
Year 1 May 14 4:00 AM,0,0,0
Year 1 May 14 5:00 AM,5.262881676,5.262881676,0
Year 1 May 14 6:00 AM,23.73152572,23.73152572,0
Year 1 May 14 7:00 AM,31.77469298,31.77469298,0
Year 1 May 14 8:00 AM,43.62873136,43.62873136,0
Year 1 May 14 9:00 AM,65.11993276,65.11993276,0
Year 1 May 14 10:00 AM,75.2136881,75.2136881,0
Year 1 May 14 11:00 AM,80.8979891,80.8979891,0
Year 1 May 14 12:00 PM,99.49829078,99.49829078,0
Year 1 May 14 1:00 PM,111.6282975,111.6282975,0
Year 1 May 14 2:00 PM,77.32917592,77.32917592,0
Year 1 May 14 3:00 PM,68.79828628,68.79828628,0
Year 1 May 14 4:00 PM,64.49681481,64.49681481,0
Year 1 May 14 5:00 PM,61.91449525,61.91449525,0
Year 1 May 14 6:00 PM,28.96258966,28.96258966,0
Year 1 May 14 7:00 PM,10.93980003,10.93980003,0
Year 1 May 14 8:00 PM,0,0,0
Year 1 May 14 9:00 PM,0,0,0
Year 1 May 14 10:00 PM,0,0,0
Year 1 May 14 11:00 PM,0,0,0
Year 1 May 15 12:00 AM,0,0,0
Year 1 May 15 1:00 AM,0,0,0
Year 1 May 15 2:00 AM,0,0,0
Year 1 May 15 3:00 AM,0,0,0
Year 1 May 15 4:00 AM,0,0,0
Year 1 May 15 5:00 AM,3.165028128,3.165028128,0
Year 1 May 15 6:00 AM,19.55829445,19.55829445,0
Year 1 May 15 7:00 AM,53.52405917,53.52405917,0
Year 1 May 15 8:00 AM,72.98629829,72.98629829,0
Year 1 May 15 9:00 AM,48.62478377,48.62478377,0
Year 1 May 15 10:00 AM,47.62296074,47.62296074,0
Year 1 May 15 11:00 AM,43.77743298,43.77743298,0
Year 1 May 15 12:00 PM,35.72499723,35.72499723,0
Year 1 May 15 1:00 PM,39.67575731,39.67575731,0
Year 1 May 15 2:00 PM,44.17155414,44.17155414,0
Year 1 May 15 3:00 PM,45.35213183,45.35213183,0
Year 1 May 15 4:00 PM,43.54821753,43.54821753,0
Year 1 May 15 5:00 PM,34.97787745,34.97787745,0
Year 1 May 15 6:00 PM,25.89110895,25.89110895,0
Year 1 May 15 7:00 PM,10.94714059,10.94714059,0
Year 1 May 15 8:00 PM,0,0,0
Year 1 May 15 9:00 PM,0,0,0
Year 1 May 15 10:00 PM,0,0,0
Year 1 May 15 11:00 PM,0,0,0
Year 1 May 16 12:00 AM,0,0,0
Year 1 May 16 1:00 AM,0,0,0
Year 1 May 16 2:00 AM,0,0,0
Year 1 May 16 3:00 AM,0,0,0
Year 1 May 16 4:00 AM,0,0,0
Year 1 May 16 5:00 AM,5.781326511,5.781326511,0
Year 1 May 16 6:00 AM,31.90699254,31.90699254,0
Year 1 May 16 7:00 AM,58.28011412,58.28011412,0
Year 1 May 16 8:00 AM,81.19264011,81.19264011,0
Year 1 May 16 9:00 AM,104.2008334,104.2008334,0
Year 1 May 16 10:00 AM,109.7283675,109.7283675,0
Year 1 May 16 11:00 AM,124.1667041,124.1667041,0
Year 1 May 16 12:00 PM,151.5365226,151.5365226,0
Year 1 May 16 1:00 PM,159.9521301,159.9521301,0
Year 1 May 16 2:00 PM,147.3312238,147.3312238,0
Year 1 May 16 3:00 PM,107.4564652,107.4564652,0
Year 1 May 16 4:00 PM,85.574513,85.574513,0
Year 1 May 16 5:00 PM,43.10110586,43.10110586,0
Year 1 May 16 6:00 PM,20.4467238,20.4467238,0
Year 1 May 16 7:00 PM,7.280463403,7.280463403,0
Year 1 May 16 8:00 PM,0,0,0
Year 1 May 16 9:00 PM,0,0,0
Year 1 May 16 10:00 PM,0,0,0
Year 1 May 16 11:00 PM,0,0,0
Year 1 May 17 12:00 AM,0,0,0
Year 1 May 17 1:00 AM,0,0,0
Year 1 May 17 2:00 AM,0,0,0
Year 1 May 17 3:00 AM,0,0,0
Year 1 May 17 4:00 AM,0,0,0
Year 1 May 17 5:00 AM,4.772819911,4.772819911,0
Year 1 May 17 6:00 AM,25.64052761,25.64052761,0
Year 1 May 17 7:00 AM,56.43862286,56.43862286,0
Year 1 May 17 8:00 AM,95.81985316,95.81985316,0
Year 1 May 17 9:00 AM,124.619229,124.619229,0
Year 1 May 17 10:00 AM,136.7749405,136.7749405,0
Year 1 May 17 11:00 AM,152.0027715,152.0027715,0
Year 1 May 17 12:00 PM,160.9029721,160.9029721,0
Year 1 May 17 1:00 PM,161.2991773,161.2991773,0
Year 1 May 17 2:00 PM,147.2550706,147.2550706,0
Year 1 May 17 3:00 PM,86.80588812,86.80588812,0
Year 1 May 17 4:00 PM,62.73825122,62.73825122,0
Year 1 May 17 5:00 PM,43.27690991,43.27690991,0
Year 1 May 17 6:00 PM,22.39954204,22.39954204,0
Year 1 May 17 7:00 PM,7.235121874,7.235121874,0
Year 1 May 17 8:00 PM,0,0,0
Year 1 May 17 9:00 PM,0,0,0
Year 1 May 17 10:00 PM,0,0,0
Year 1 May 17 11:00 PM,0,0,0
Year 1 May 18 12:00 AM,0,0,0
Year 1 May 18 1:00 AM,0,0,0
Year 1 May 18 2:00 AM,0,0,0
Year 1 May 18 3:00 AM,0,0,0
Year 1 May 18 4:00 AM,0,0,0
Year 1 May 18 5:00 AM,3.934915412,3.934915412,0
Year 1 May 18 6:00 AM,20.90426203,20.90426203,0
Year 1 May 18 7:00 AM,53.46751289,53.46751289,0
Year 1 May 18 8:00 AM,87.87348424,87.87348424,0
Year 1 May 18 9:00 AM,122.9978699,122.9978699,0
Year 1 May 18 10:00 AM,139.4531838,139.4531838,0
Year 1 May 18 11:00 AM,159.7009753,159.7009753,0
Year 1 May 18 12:00 PM,162.4696352,162.4696352,0
Year 1 May 18 1:00 PM,155.3056028,155.3056028,0
Year 1 May 18 2:00 PM,147.1821876,147.1821876,0
Year 1 May 18 3:00 PM,128.692357,128.692357,0
Year 1 May 18 4:00 PM,103.4940145,103.4940145,0
Year 1 May 18 5:00 PM,65.9944965,65.9944965,0
Year 1 May 18 6:00 PM,25.80638752,25.80638752,0
Year 1 May 18 7:00 PM,10.87142256,10.87142256,0
Year 1 May 18 8:00 PM,0,0,0
Year 1 May 18 9:00 PM,0,0,0
Year 1 May 18 10:00 PM,0,0,0
Year 1 May 18 11:00 PM,0,0,0
Year 1 May 19 12:00 AM,0,0,0
Year 1 May 19 1:00 AM,0,0,0
Year 1 May 19 2:00 AM,0,0,0
Year 1 May 19 3:00 AM,0,0,0
Year 1 May 19 4:00 AM,0,0,0
Year 1 May 19 5:00 AM,5.787135011,5.787135011,0
Year 1 May 19 6:00 AM,29.86199512,29.86199512,0
Year 1 May 19 7:00 AM,59.50813881,59.50813881,0
Year 1 May 19 8:00 AM,86.44628251,86.44628251,0
Year 1 May 19 9:00 AM,115.4459565,115.4459565,0
Year 1 May 19 10:00 AM,135.4313802,135.4313802,0
Year 1 May 19 11:00 AM,118.807959,118.807959,0
Year 1 May 19 12:00 PM,119.134422,119.134422,0
Year 1 May 19 1:00 PM,101.7433567,101.7433567,0
Year 1 May 19 2:00 PM,89.11139486,89.11139486,0
Year 1 May 19 3:00 PM,82.00787106,82.00787106,0
Year 1 May 19 4:00 PM,74.54283665,74.54283665,0
Year 1 May 19 5:00 PM,60.82342445,60.82342445,0
Year 1 May 19 6:00 PM,39.526387,39.526387,0
Year 1 May 19 7:00 PM,14.56960823,14.56960823,0
Year 1 May 19 8:00 PM,0,0,0
Year 1 May 19 9:00 PM,0,0,0
Year 1 May 19 10:00 PM,0,0,0
Year 1 May 19 11:00 PM,0,0,0
Year 1 May 20 12:00 AM,0,0,0
Year 1 May 20 1:00 AM,0,0,0
Year 1 May 20 2:00 AM,0,0,0
Year 1 May 20 3:00 AM,0,0,0
Year 1 May 20 4:00 AM,0,0,0
Year 1 May 20 5:00 AM,5.343821834,5.343821834,0
Year 1 May 20 6:00 AM,26.60021268,26.60021268,0
Year 1 May 20 7:00 AM,46.20441062,46.20441062,0
Year 1 May 20 8:00 AM,59.68734892,59.68734892,0
Year 1 May 20 9:00 AM,66.21395811,66.21395811,0
Year 1 May 20 10:00 AM,73.42428794,73.42428794,0
Year 1 May 20 11:00 AM,76.71524683,76.71524683,0
Year 1 May 20 12:00 PM,74.01352178,74.01352178,0
Year 1 May 20 1:00 PM,69.52682989,69.52682989,0
Year 1 May 20 2:00 PM,82.26079023,82.26079023,0
Year 1 May 20 3:00 PM,77.22283196,77.22283196,0
Year 1 May 20 4:00 PM,72.07188684,72.07188684,0
Year 1 May 20 5:00 PM,58.39192097,58.39192097,0
Year 1 May 20 6:00 PM,35.52746753,35.52746753,0
Year 1 May 20 7:00 PM,13.75265267,13.75265267,0
Year 1 May 20 8:00 PM,0,0,0
Year 1 May 20 9:00 PM,0,0,0
Year 1 May 20 10:00 PM,0,0,0
Year 1 May 20 11:00 PM,0,0,0
Year 1 May 21 12:00 AM,0,0,0
Year 1 May 21 1:00 AM,0,0,0
Year 1 May 21 2:00 AM,0,0,0
Year 1 May 21 3:00 AM,0,0,0
Year 1 May 21 4:00 AM,0,0,0
Year 1 May 21 5:00 AM,6.732729458,6.732729458,0
Year 1 May 21 6:00 AM,32.74227239,32.74227239,0
Year 1 May 21 7:00 AM,54.46526135,54.46526135,0
Year 1 May 21 8:00 AM,51.36762849,51.36762849,0
Year 1 May 21 9:00 AM,56.13042321,56.13042321,0
Year 1 May 21 10:00 AM,53.05336297,53.05336297,0
Year 1 May 21 11:00 AM,49.92713733,49.92713733,0
Year 1 May 21 12:00 PM,47.05244124,47.05244124,0
Year 1 May 21 1:00 PM,48.2926771,48.2926771,0
Year 1 May 21 2:00 PM,52.7060932,52.7060932,0
Year 1 May 21 3:00 PM,57.51977755,57.51977755,0
Year 1 May 21 4:00 PM,53.56888739,53.56888739,0
Year 1 May 21 5:00 PM,53.54545628,53.54545628,0
Year 1 May 21 6:00 PM,35.14394444,35.14394444,0
Year 1 May 21 7:00 PM,15.13477662,15.13477662,0
Year 1 May 21 8:00 PM,0,0,0
Year 1 May 21 9:00 PM,0,0,0
Year 1 May 21 10:00 PM,0,0,0
Year 1 May 21 11:00 PM,0,0,0
Year 1 May 22 12:00 AM,0,0,0
Year 1 May 22 1:00 AM,0,0,0
Year 1 May 22 2:00 AM,0,0,0
Year 1 May 22 3:00 AM,0,0,0
Year 1 May 22 4:00 AM,0,0,0
Year 1 May 22 5:00 AM,5.585857154,5.585857154,0
Year 1 May 22 6:00 AM,25.79222024,25.79222024,0
Year 1 May 22 7:00 AM,39.94223129,39.94223129,0
Year 1 May 22 8:00 AM,48.79942271,48.79942271,0
Year 1 May 22 9:00 AM,55.67629735,55.67629735,0
Year 1 May 22 10:00 AM,54.4044993,54.4044993,0
Year 1 May 22 11:00 AM,51.14765856,51.14765856,0
Year 1 May 22 12:00 PM,48.83172651,48.83172651,0
Year 1 May 22 1:00 PM,49.72832035,49.72832035,0
Year 1 May 22 2:00 PM,52.66575917,52.66575917,0
Year 1 May 22 3:00 PM,55.84901774,55.84901774,0
Year 1 May 22 4:00 PM,54.50066463,54.50066463,0
Year 1 May 22 5:00 PM,46.73358065,46.73358065,0
Year 1 May 22 6:00 PM,34.40249371,34.40249371,0
Year 1 May 22 7:00 PM,15.78529219,15.78529219,0
Year 1 May 22 8:00 PM,0,0,0
Year 1 May 22 9:00 PM,0,0,0
Year 1 May 22 10:00 PM,0,0,0
Year 1 May 22 11:00 PM,0,0,0
Year 1 May 23 12:00 AM,0,0,0
Year 1 May 23 1:00 AM,0,0,0
Year 1 May 23 2:00 AM,0,0,0
Year 1 May 23 3:00 AM,0,0,0
Year 1 May 23 4:00 AM,0,0,0
Year 1 May 23 5:00 AM,7.090433757,7.090433757,0
Year 1 May 23 6:00 AM,30.51928379,30.51928379,0
Year 1 May 23 7:00 AM,59.21520985,59.21520985,0
Year 1 May 23 8:00 AM,88.04498959,88.04498959,0
Year 1 May 23 9:00 AM,101.4070042,101.4070042,0
Year 1 May 23 10:00 AM,98.54011131,98.54011131,0
Year 1 May 23 11:00 AM,100.3215466,100.3215466,0
Year 1 May 23 12:00 PM,122.2017131,122.2017131,0
Year 1 May 23 1:00 PM,96.641277,96.641277,0
Year 1 May 23 2:00 PM,130.2571644,130.2571644,0
Year 1 May 23 3:00 PM,113.5948124,113.5948124,0
Year 1 May 23 4:00 PM,92.77029794,92.77029794,0
Year 1 May 23 5:00 PM,60.117673,60.117673,0
Year 1 May 23 6:00 PM,33.57069778,33.57069778,0
Year 1 May 23 7:00 PM,12.25559432,12.25559432,0
Year 1 May 23 8:00 PM,0,0,0
Year 1 May 23 9:00 PM,0,0,0
Year 1 May 23 10:00 PM,0,0,0
Year 1 May 23 11:00 PM,0,0,0
Year 1 May 24 12:00 AM,0,0,0
Year 1 May 24 1:00 AM,0,0,0
Year 1 May 24 2:00 AM,0,0,0
Year 1 May 24 3:00 AM,0,0,0
Year 1 May 24 4:00 AM,0,0,0
Year 1 May 24 5:00 AM,6.935566802,6.935566802,0
Year 1 May 24 6:00 AM,30.36961813,30.36961813,0
Year 1 May 24 7:00 AM,65.30561159,65.30561159,0
Year 1 May 24 8:00 AM,100.8316904,100.8316904,0
Year 1 May 24 9:00 AM,128.6344369,128.6344369,0
Year 1 May 24 10:00 AM,124.4588127,124.4588127,0
Year 1 May 24 11:00 AM,69.08246272,69.08246272,0
Year 1 May 24 12:00 PM,57.08270743,57.08270743,0
Year 1 May 24 1:00 PM,53.2103583,53.2103583,0
Year 1 May 24 2:00 PM,66.23978903,66.23978903,0
Year 1 May 24 3:00 PM,85.99946585,85.99946585,0
Year 1 May 24 4:00 PM,77.72833264,77.72833264,0
Year 1 May 24 5:00 PM,62.22760981,62.22760981,0
Year 1 May 24 6:00 PM,42.48309508,42.48309508,0
Year 1 May 24 7:00 PM,17.91475095,17.91475095,0
Year 1 May 24 8:00 PM,0,0,0
Year 1 May 24 9:00 PM,0,0,0
Year 1 May 24 10:00 PM,0,0,0
Year 1 May 24 11:00 PM,0,0,0
Year 1 May 25 12:00 AM,0,0,0
Year 1 May 25 1:00 AM,0,0,0
Year 1 May 25 2:00 AM,0,0,0
Year 1 May 25 3:00 AM,0,0,0
Year 1 May 25 4:00 AM,0,0,0
Year 1 May 25 5:00 AM,4.459364436,4.459364436,0
Year 1 May 25 6:00 AM,20.54661097,20.54661097,0
Year 1 May 25 7:00 AM,49.77685014,49.77685014,0
Year 1 May 25 8:00 AM,61.22401038,61.22401038,0
Year 1 May 25 9:00 AM,67.19937857,67.19937857,0
Year 1 May 25 10:00 AM,60.76147374,60.76147374,0
Year 1 May 25 11:00 AM,51.56884075,51.56884075,0
Year 1 May 25 12:00 PM,48.30070408,48.30070408,0
Year 1 May 25 1:00 PM,52.62293102,52.62293102,0
Year 1 May 25 2:00 PM,69.57138465,69.57138465,0
Year 1 May 25 3:00 PM,83.11934357,83.11934357,0
Year 1 May 25 4:00 PM,81.65697515,81.65697515,0
Year 1 May 25 5:00 PM,58.24731527,58.24731527,0
Year 1 May 25 6:00 PM,35.18759993,35.18759993,0
Year 1 May 25 7:00 PM,15.5447904,15.5447904,0
Year 1 May 25 8:00 PM,0,0,0
Year 1 May 25 9:00 PM,0,0,0
Year 1 May 25 10:00 PM,0,0,0
Year 1 May 25 11:00 PM,0,0,0
Year 1 May 26 12:00 AM,0,0,0
Year 1 May 26 1:00 AM,0,0,0
Year 1 May 26 2:00 AM,0,0,0
Year 1 May 26 3:00 AM,0,0,0
Year 1 May 26 4:00 AM,0,0,0
Year 1 May 26 5:00 AM,7.527531878,7.527531878,0
Year 1 May 26 6:00 AM,31.26552775,31.26552775,0
Year 1 May 26 7:00 AM,53.22531833,53.22531833,0
Year 1 May 26 8:00 AM,68.68369988,68.68369988,0
Year 1 May 26 9:00 AM,78.0233711,78.0233711,0
Year 1 May 26 10:00 AM,77.13330578,77.13330578,0
Year 1 May 26 11:00 AM,73.02825943,73.02825943,0
Year 1 May 26 12:00 PM,69.49733741,69.49733741,0
Year 1 May 26 1:00 PM,70.85433922,70.85433922,0
Year 1 May 26 2:00 PM,75.35815262,75.35815262,0
Year 1 May 26 3:00 PM,78.02612329,78.02612329,0
Year 1 May 26 4:00 PM,75.27505309,75.27505309,0
Year 1 May 26 5:00 PM,68.2194523,68.2194523,0
Year 1 May 26 6:00 PM,47.79134649,47.79134649,0
Year 1 May 26 7:00 PM,18.88355413,18.88355413,0
Year 1 May 26 8:00 PM,0,0,0
Year 1 May 26 9:00 PM,0,0,0
Year 1 May 26 10:00 PM,0,0,0
Year 1 May 26 11:00 PM,0,0,0
Year 1 May 27 12:00 AM,0,0,0
Year 1 May 27 1:00 AM,0,0,0
Year 1 May 27 2:00 AM,0,0,0
Year 1 May 27 3:00 AM,0,0,0
Year 1 May 27 4:00 AM,0,0,0
Year 1 May 27 5:00 AM,7.108103694,7.108103694,0
Year 1 May 27 6:00 AM,30.12124247,30.12124247,0
Year 1 May 27 7:00 AM,58.89963206,58.89963206,0
Year 1 May 27 8:00 AM,82.33969236,82.33969236,0
Year 1 May 27 9:00 AM,90.95499149,90.95499149,0
Year 1 May 27 10:00 AM,87.75630383,87.75630383,0
Year 1 May 27 11:00 AM,68.93741664,68.93741664,0
Year 1 May 27 12:00 PM,52.95280973,52.95280973,0
Year 1 May 27 1:00 PM,53.17001234,53.17001234,0
Year 1 May 27 2:00 PM,65.54302861,65.54302861,0
Year 1 May 27 3:00 PM,83.05652261,83.05652261,0
Year 1 May 27 4:00 PM,70.36484379,70.36484379,0
Year 1 May 27 5:00 PM,52.68859348,52.68859348,0
Year 1 May 27 6:00 PM,36.04810505,36.04810505,0
Year 1 May 27 7:00 PM,16.1639988,16.1639988,0
Year 1 May 27 8:00 PM,0.913543123,0.913543123,0
Year 1 May 27 9:00 PM,0,0,0
Year 1 May 27 10:00 PM,0,0,0
Year 1 May 27 11:00 PM,0,0,0
Year 1 May 28 12:00 AM,0,0,0
Year 1 May 28 1:00 AM,0,0,0
Year 1 May 28 2:00 AM,0,0,0
Year 1 May 28 3:00 AM,0,0,0
Year 1 May 28 4:00 AM,0,0,0
Year 1 May 28 5:00 AM,8.311853126,8.311853126,0
Year 1 May 28 6:00 AM,33.00752564,33.00752564,0
Year 1 May 28 7:00 AM,51.25920124,51.25920124,0
Year 1 May 28 8:00 AM,54.97974901,54.97974901,0
Year 1 May 28 9:00 AM,59.11185094,59.11185094,0
Year 1 May 28 10:00 AM,67.00535603,67.00535603,0
Year 1 May 28 11:00 AM,87.33628071,87.33628071,0
Year 1 May 28 12:00 PM,133.1763306,133.1763306,0
Year 1 May 28 1:00 PM,119.8926991,119.8926991,0
Year 1 May 28 2:00 PM,115.2867074,115.2867074,0
Year 1 May 28 3:00 PM,81.92628423,81.92628423,0
Year 1 May 28 4:00 PM,61.84966955,61.84966955,0
Year 1 May 28 5:00 PM,38.87841737,38.87841737,0
Year 1 May 28 6:00 PM,24.10518489,24.10518489,0
Year 1 May 28 7:00 PM,15.28912213,15.28912213,0
Year 1 May 28 8:00 PM,0.984571857,0.984571857,0
Year 1 May 28 9:00 PM,0,0,0
Year 1 May 28 10:00 PM,0,0,0
Year 1 May 28 11:00 PM,0,0,0
Year 1 May 29 12:00 AM,0,0,0
Year 1 May 29 1:00 AM,0,0,0
Year 1 May 29 2:00 AM,0,0,0
Year 1 May 29 3:00 AM,0,0,0
Year 1 May 29 4:00 AM,0,0,0
Year 1 May 29 5:00 AM,6.153115779,6.153115779,0
Year 1 May 29 6:00 AM,24.03614612,24.03614612,0
Year 1 May 29 7:00 AM,44.92021441,44.92021441,0
Year 1 May 29 8:00 AM,95.04252106,95.04252106,0
Year 1 May 29 9:00 AM,113.7876744,113.7876744,0
Year 1 May 29 10:00 AM,102.3420235,102.3420235,0
Year 1 May 29 11:00 AM,69.5571531,69.5571531,0
Year 1 May 29 12:00 PM,85.98328632,85.98328632,0
Year 1 May 29 1:00 PM,124.1500242,124.1500242,0
Year 1 May 29 2:00 PM,98.49620849,98.49620849,0
Year 1 May 29 3:00 PM,72.73178969,72.73178969,0
Year 1 May 29 4:00 PM,96.82093667,96.82093667,0
Year 1 May 29 5:00 PM,72.66544573,72.66544573,0
Year 1 May 29 6:00 PM,43.85471146,43.85471146,0
Year 1 May 29 7:00 PM,17.06893204,17.06893204,0
Year 1 May 29 8:00 PM,0.942338805,0.942338805,0
Year 1 May 29 9:00 PM,0,0,0
Year 1 May 29 10:00 PM,0,0,0
Year 1 May 29 11:00 PM,0,0,0
Year 1 May 30 12:00 AM,0,0,0
Year 1 May 30 1:00 AM,0,0,0
Year 1 May 30 2:00 AM,0,0,0
Year 1 May 30 3:00 AM,0,0,0
Year 1 May 30 4:00 AM,0,0,0
Year 1 May 30 5:00 AM,6.656041358,6.656041358,0
Year 1 May 30 6:00 AM,20.85328502,20.85328502,0
Year 1 May 30 7:00 AM,41.16067415,41.16067415,0
Year 1 May 30 8:00 AM,82.61745763,82.61745763,0
Year 1 May 30 9:00 AM,116.9264654,116.9264654,0
Year 1 May 30 10:00 AM,128.6431473,128.6431473,0
Year 1 May 30 11:00 AM,75.45451735,75.45451735,0
Year 1 May 30 12:00 PM,67.32572947,67.32572947,0
Year 1 May 30 1:00 PM,80.33092564,80.33092564,0
Year 1 May 30 2:00 PM,80.8334643,80.8334643,0
Year 1 May 30 3:00 PM,89.76379693,89.76379693,0
Year 1 May 30 4:00 PM,93.98909738,93.98909738,0
Year 1 May 30 5:00 PM,73.24828397,73.24828397,0
Year 1 May 30 6:00 PM,40.23821477,40.23821477,0
Year 1 May 30 7:00 PM,17.71643973,17.71643973,0
Year 1 May 30 8:00 PM,1.093036547,1.093036547,0
Year 1 May 30 9:00 PM,0,0,0
Year 1 May 30 10:00 PM,0,0,0
Year 1 May 30 11:00 PM,0,0,0
Year 1 May 31 12:00 AM,0,0,0
Year 1 May 31 1:00 AM,0,0,0
Year 1 May 31 2:00 AM,0,0,0
Year 1 May 31 3:00 AM,0,0,0
Year 1 May 31 4:00 AM,0,0,0
Year 1 May 31 5:00 AM,7.788610523,7.788610523,0
Year 1 May 31 6:00 AM,31.29212852,31.29212852,0
Year 1 May 31 7:00 AM,51.18653339,51.18653339,0
Year 1 May 31 8:00 AM,66.94740421,66.94740421,0
Year 1 May 31 9:00 AM,73.23389824,73.23389824,0
Year 1 May 31 10:00 AM,72.14780452,72.14780452,0
Year 1 May 31 11:00 AM,68.04150851,68.04150851,0
Year 1 May 31 12:00 PM,65.00247634,65.00247634,0
Year 1 May 31 1:00 PM,69.13785804,69.13785804,0
Year 1 May 31 2:00 PM,82.76366731,82.76366731,0
Year 1 May 31 3:00 PM,87.41795673,87.41795673,0
Year 1 May 31 4:00 PM,92.85945958,92.85945958,0
Year 1 May 31 5:00 PM,72.80798211,72.80798211,0
Year 1 May 31 6:00 PM,36.45424468,36.45424468,0
Year 1 May 31 7:00 PM,16.45757506,16.45757506,0
Year 1 May 31 8:00 PM,1.014091802,1.014091802,0
Year 1 May 31 9:00 PM,0,0,0
Year 1 May 31 10:00 PM,0,0,0
Year 1 May 31 11:00 PM,0,0,0
Year 1 Jun 01 12:00 AM,0,0,0
Year 1 Jun 01 1:00 AM,0,0,0
Year 1 Jun 01 2:00 AM,0,0,0
Year 1 Jun 01 3:00 AM,0,0,0
Year 1 Jun 01 4:00 AM,0,0,0
Year 1 Jun 01 5:00 AM,5.522704941,5.522704941,0
Year 1 Jun 01 6:00 AM,22.19892037,22.19892037,0
Year 1 Jun 01 7:00 AM,49.45858233,49.45858233,0
Year 1 Jun 01 8:00 AM,84.10040022,84.10040022,0
Year 1 Jun 01 9:00 AM,62.01937396,62.01937396,0
Year 1 Jun 01 10:00 AM,57.96089124,57.96089124,0
Year 1 Jun 01 11:00 AM,51.64759294,51.64759294,0
Year 1 Jun 01 12:00 PM,56.30835833,56.30835833,0
Year 1 Jun 01 1:00 PM,61.59204618,61.59204618,0
Year 1 Jun 01 2:00 PM,68.09536067,68.09536067,0
Year 1 Jun 01 3:00 PM,58.45811504,58.45811504,0
Year 1 Jun 01 4:00 PM,53.43920372,53.43920372,0
Year 1 Jun 01 5:00 PM,41.77185563,41.77185563,0
Year 1 Jun 01 6:00 PM,28.97301863,28.97301863,0
Year 1 Jun 01 7:00 PM,16.74787704,16.74787704,0
Year 1 Jun 01 8:00 PM,1.129480549,1.129480549,0
Year 1 Jun 01 9:00 PM,0,0,0
Year 1 Jun 01 10:00 PM,0,0,0
Year 1 Jun 01 11:00 PM,0,0,0
Year 1 Jun 02 12:00 AM,0,0,0
Year 1 Jun 02 1:00 AM,0,0,0
Year 1 Jun 02 2:00 AM,0,0,0
Year 1 Jun 02 3:00 AM,0,0,0
Year 1 Jun 02 4:00 AM,0,0,0
Year 1 Jun 02 5:00 AM,8.825800905,8.825800905,0
Year 1 Jun 02 6:00 AM,33.30482193,33.30482193,0
Year 1 Jun 02 7:00 AM,46.39845651,46.39845651,0
Year 1 Jun 02 8:00 AM,61.32273425,61.32273425,0
Year 1 Jun 02 9:00 AM,75.79273395,75.79273395,0
Year 1 Jun 02 10:00 AM,72.80863063,72.80863063,0
Year 1 Jun 02 11:00 AM,83.56616727,83.56616727,0
Year 1 Jun 02 12:00 PM,96.28664949,96.28664949,0
Year 1 Jun 02 1:00 PM,81.18554073,81.18554073,0
Year 1 Jun 02 2:00 PM,98.44387681,98.44387681,0
Year 1 Jun 02 3:00 PM,115.0817887,115.0817887,0
Year 1 Jun 02 4:00 PM,94.54813109,94.54813109,0
Year 1 Jun 02 5:00 PM,65.38029812,65.38029812,0
Year 1 Jun 02 6:00 PM,41.21321108,41.21321108,0
Year 1 Jun 02 7:00 PM,18.54235938,18.54235938,0
Year 1 Jun 02 8:00 PM,1.248557137,1.248557137,0
Year 1 Jun 02 9:00 PM,0,0,0
Year 1 Jun 02 10:00 PM,0,0,0
Year 1 Jun 02 11:00 PM,0,0,0
Year 1 Jun 03 12:00 AM,0,0,0
Year 1 Jun 03 1:00 AM,0,0,0
Year 1 Jun 03 2:00 AM,0,0,0
Year 1 Jun 03 3:00 AM,0,0,0
Year 1 Jun 03 4:00 AM,0,0,0
Year 1 Jun 03 5:00 AM,7.634373858,7.634373858,0
Year 1 Jun 03 6:00 AM,24.2040648,24.2040648,0
Year 1 Jun 03 7:00 AM,36.02837316,36.02837316,0
Year 1 Jun 03 8:00 AM,42.61419145,42.61419145,0
Year 1 Jun 03 9:00 AM,47.14367837,47.14367837,0
Year 1 Jun 03 10:00 AM,46.21035435,46.21035435,0
Year 1 Jun 03 11:00 AM,44.11539203,44.11539203,0
Year 1 Jun 03 12:00 PM,49.37893815,49.37893815,0
Year 1 Jun 03 1:00 PM,61.00327391,61.00327391,0
Year 1 Jun 03 2:00 PM,68.64989225,68.64989225,0
Year 1 Jun 03 3:00 PM,87.02983575,87.02983575,0
Year 1 Jun 03 4:00 PM,62.90237461,62.90237461,0
Year 1 Jun 03 5:00 PM,49.88653013,49.88653013,0
Year 1 Jun 03 6:00 PM,37.91534746,37.91534746,0
Year 1 Jun 03 7:00 PM,18.42022769,18.42022769,0
Year 1 Jun 03 8:00 PM,1.258113067,1.258113067,0
Year 1 Jun 03 9:00 PM,0,0,0
Year 1 Jun 03 10:00 PM,0,0,0
Year 1 Jun 03 11:00 PM,0,0,0
Year 1 Jun 04 12:00 AM,0,0,0
Year 1 Jun 04 1:00 AM,0,0,0
Year 1 Jun 04 2:00 AM,0,0,0
Year 1 Jun 04 3:00 AM,0,0,0
Year 1 Jun 04 4:00 AM,0,0,0
Year 1 Jun 04 5:00 AM,7.988635257,7.988635257,0
Year 1 Jun 04 6:00 AM,30.75669379,30.75669379,0
Year 1 Jun 04 7:00 AM,49.34987908,49.34987908,0
Year 1 Jun 04 8:00 AM,65.44407088,65.44407088,0
Year 1 Jun 04 9:00 AM,70.85772521,70.85772521,0
Year 1 Jun 04 10:00 AM,72.82304638,72.82304638,0
Year 1 Jun 04 11:00 AM,78.67893822,78.67893822,0
Year 1 Jun 04 12:00 PM,86.18911175,86.18911175,0
Year 1 Jun 04 1:00 PM,106.7047622,106.7047622,0
Year 1 Jun 04 2:00 PM,128.142458,128.142458,0
Year 1 Jun 04 3:00 PM,121.9132375,121.9132375,0
Year 1 Jun 04 4:00 PM,101.5289712,101.5289712,0
Year 1 Jun 04 5:00 PM,67.18765618,67.18765618,0
Year 1 Jun 04 6:00 PM,42.66492251,42.66492251,0
Year 1 Jun 04 7:00 PM,19.28314546,19.28314546,0
Year 1 Jun 04 8:00 PM,1.183941786,1.183941786,0
Year 1 Jun 04 9:00 PM,0,0,0
Year 1 Jun 04 10:00 PM,0,0,0
Year 1 Jun 04 11:00 PM,0,0,0
Year 1 Jun 05 12:00 AM,0,0,0
Year 1 Jun 05 1:00 AM,0,0,0
Year 1 Jun 05 2:00 AM,0,0,0
Year 1 Jun 05 3:00 AM,0,0,0
Year 1 Jun 05 4:00 AM,0,0,0
Year 1 Jun 05 5:00 AM,7.752104751,7.752104751,0
Year 1 Jun 05 6:00 AM,26.72289917,26.72289917,0
Year 1 Jun 05 7:00 AM,39.26664289,39.26664289,0
Year 1 Jun 05 8:00 AM,63.14013858,63.14013858,0
Year 1 Jun 05 9:00 AM,70.70817794,70.70817794,0
Year 1 Jun 05 10:00 AM,63.83460359,63.83460359,0
Year 1 Jun 05 11:00 AM,45.06741116,45.06741116,0
Year 1 Jun 05 12:00 PM,56.24466836,56.24466836,0
Year 1 Jun 05 1:00 PM,108.412432,108.412432,0
Year 1 Jun 05 2:00 PM,84.38618192,84.38618192,0
Year 1 Jun 05 3:00 PM,48.51141117,48.51141117,0
Year 1 Jun 05 4:00 PM,44.82422769,44.82422769,0
Year 1 Jun 05 5:00 PM,37.21466254,37.21466254,0
Year 1 Jun 05 6:00 PM,29.04257482,29.04257482,0
Year 1 Jun 05 7:00 PM,16.44199264,16.44199264,0
Year 1 Jun 05 8:00 PM,1.342407803,1.342407803,0
Year 1 Jun 05 9:00 PM,0,0,0
Year 1 Jun 05 10:00 PM,0,0,0
Year 1 Jun 05 11:00 PM,0,0,0
Year 1 Jun 06 12:00 AM,0,0,0
Year 1 Jun 06 1:00 AM,0,0,0
Year 1 Jun 06 2:00 AM,0,0,0
Year 1 Jun 06 3:00 AM,0,0,0
Year 1 Jun 06 4:00 AM,0,0,0
Year 1 Jun 06 5:00 AM,7.300538039,7.300538039,0
Year 1 Jun 06 6:00 AM,22.28093383,22.28093383,0
Year 1 Jun 06 7:00 AM,35.14024765,35.14024765,0
Year 1 Jun 06 8:00 AM,45.49364375,45.49364375,0
Year 1 Jun 06 9:00 AM,57.57940609,57.57940609,0
Year 1 Jun 06 10:00 AM,55.54007294,55.54007294,0
Year 1 Jun 06 11:00 AM,47.05720178,47.05720178,0
Year 1 Jun 06 12:00 PM,64.14899695,64.14899695,0
Year 1 Jun 06 1:00 PM,59.50914934,59.50914934,0
Year 1 Jun 06 2:00 PM,60.29456256,60.29456256,0
Year 1 Jun 06 3:00 PM,56.76530915,56.76530915,0
Year 1 Jun 06 4:00 PM,61.43390792,61.43390792,0
Year 1 Jun 06 5:00 PM,50.73243213,50.73243213,0
Year 1 Jun 06 6:00 PM,40.62840958,40.62840958,0
Year 1 Jun 06 7:00 PM,18.35516324,18.35516324,0
Year 1 Jun 06 8:00 PM,1.275960578,1.275960578,0
Year 1 Jun 06 9:00 PM,0,0,0
Year 1 Jun 06 10:00 PM,0,0,0
Year 1 Jun 06 11:00 PM,0,0,0
Year 1 Jun 07 12:00 AM,0,0,0
Year 1 Jun 07 1:00 AM,0,0,0
Year 1 Jun 07 2:00 AM,0,0,0
Year 1 Jun 07 3:00 AM,0,0,0
Year 1 Jun 07 4:00 AM,0,0,0
Year 1 Jun 07 5:00 AM,8.813920927,8.813920927,0
Year 1 Jun 07 6:00 AM,34.06272943,34.06272943,0
Year 1 Jun 07 7:00 AM,52.93142263,52.93142263,0
Year 1 Jun 07 8:00 AM,60.83317609,60.83317609,0
Year 1 Jun 07 9:00 AM,79.80391857,79.80391857,0
Year 1 Jun 07 10:00 AM,118.7662704,118.7662704,0
Year 1 Jun 07 11:00 AM,89.36713483,89.36713483,0
Year 1 Jun 07 12:00 PM,97.30458158,97.30458158,0
Year 1 Jun 07 1:00 PM,132.3588165,132.3588165,0
Year 1 Jun 07 2:00 PM,92.87973606,92.87973606,0
Year 1 Jun 07 3:00 PM,86.69793507,86.69793507,0
Year 1 Jun 07 4:00 PM,101.2009237,101.2009237,0
Year 1 Jun 07 5:00 PM,80.22043919,80.22043919,0
Year 1 Jun 07 6:00 PM,44.56147461,44.56147461,0
Year 1 Jun 07 7:00 PM,19.77104087,19.77104087,0
Year 1 Jun 07 8:00 PM,1.299532956,1.299532956,0
Year 1 Jun 07 9:00 PM,0,0,0
Year 1 Jun 07 10:00 PM,0,0,0
Year 1 Jun 07 11:00 PM,0,0,0
Year 1 Jun 08 12:00 AM,0,0,0
Year 1 Jun 08 1:00 AM,0,0,0
Year 1 Jun 08 2:00 AM,0,0,0
Year 1 Jun 08 3:00 AM,0,0,0
Year 1 Jun 08 4:00 AM,0,0,0
Year 1 Jun 08 5:00 AM,7.295132262,7.295132262,0
Year 1 Jun 08 6:00 AM,27.01594071,27.01594071,0
Year 1 Jun 08 7:00 AM,39.93690518,39.93690518,0
Year 1 Jun 08 8:00 AM,54.85765587,54.85765587,0
Year 1 Jun 08 9:00 AM,56.98595698,56.98595698,0
Year 1 Jun 08 10:00 AM,67.92827163,67.92827163,0
Year 1 Jun 08 11:00 AM,97.41126028,97.41126028,0
Year 1 Jun 08 12:00 PM,107.5700817,107.5700817,0
Year 1 Jun 08 1:00 PM,114.6171529,114.6171529,0
Year 1 Jun 08 2:00 PM,69.85773724,69.85773724,0
Year 1 Jun 08 3:00 PM,58.08346193,58.08346193,0
Year 1 Jun 08 4:00 PM,55.0901107,55.0901107,0
Year 1 Jun 08 5:00 PM,67.84688791,67.84688791,0
Year 1 Jun 08 6:00 PM,28.77527748,28.77527748,0
Year 1 Jun 08 7:00 PM,9.045001046,9.045001046,0
Year 1 Jun 08 8:00 PM,0.625642893,0.625642893,0
Year 1 Jun 08 9:00 PM,0,0,0
Year 1 Jun 08 10:00 PM,0,0,0
Year 1 Jun 08 11:00 PM,0,0,0
Year 1 Jun 09 12:00 AM,0,0,0
Year 1 Jun 09 1:00 AM,0,0,0
Year 1 Jun 09 2:00 AM,0,0,0
Year 1 Jun 09 3:00 AM,0,0,0
Year 1 Jun 09 4:00 AM,0,0,0
Year 1 Jun 09 5:00 AM,7.028464251,7.028464251,0
Year 1 Jun 09 6:00 AM,27.86903958,27.86903958,0
Year 1 Jun 09 7:00 AM,59.96121664,59.96121664,0
Year 1 Jun 09 8:00 AM,99.89712132,99.89712132,0
Year 1 Jun 09 9:00 AM,122.1957334,122.1957334,0
Year 1 Jun 09 10:00 AM,117.4844814,117.4844814,0
Year 1 Jun 09 11:00 AM,128.8590581,128.8590581,0
Year 1 Jun 09 12:00 PM,149.804188,149.804188,0
Year 1 Jun 09 1:00 PM,141.6651153,141.6651153,0
Year 1 Jun 09 2:00 PM,124.9873924,124.9873924,0
Year 1 Jun 09 3:00 PM,101.1189147,101.1189147,0
Year 1 Jun 09 4:00 PM,83.00396613,83.00396613,0
Year 1 Jun 09 5:00 PM,71.95310242,71.95310242,0
Year 1 Jun 09 6:00 PM,46.01911556,46.01911556,0
Year 1 Jun 09 7:00 PM,12.30114914,12.30114914,0
Year 1 Jun 09 8:00 PM,0.625244938,0.625244938,0
Year 1 Jun 09 9:00 PM,0,0,0
Year 1 Jun 09 10:00 PM,0,0,0
Year 1 Jun 09 11:00 PM,0,0,0
Year 1 Jun 10 12:00 AM,0,0,0
Year 1 Jun 10 1:00 AM,0,0,0
Year 1 Jun 10 2:00 AM,0,0,0
Year 1 Jun 10 3:00 AM,0,0,0
Year 1 Jun 10 4:00 AM,0,0,0
Year 1 Jun 10 5:00 AM,6.686682003,6.686682003,0
Year 1 Jun 10 6:00 AM,27.15147043,27.15147043,0
Year 1 Jun 10 7:00 AM,44.49835544,44.49835544,0
Year 1 Jun 10 8:00 AM,74.82254478,74.82254478,0
Year 1 Jun 10 9:00 AM,101.8186354,101.8186354,0
Year 1 Jun 10 10:00 AM,122.2347309,122.2347309,0
Year 1 Jun 10 11:00 AM,136.8228724,136.8228724,0
Year 1 Jun 10 12:00 PM,146.1644643,146.1644643,0
Year 1 Jun 10 1:00 PM,151.1972654,151.1972654,0
Year 1 Jun 10 2:00 PM,144.9783753,144.9783753,0
Year 1 Jun 10 3:00 PM,135.7741685,135.7741685,0
Year 1 Jun 10 4:00 PM,81.41875182,81.41875182,0
Year 1 Jun 10 5:00 PM,81.86456597,81.86456597,0
Year 1 Jun 10 6:00 PM,52.07737124,52.07737124,0
Year 1 Jun 10 7:00 PM,19.13532339,19.13532339,0
Year 1 Jun 10 8:00 PM,2.153334031,2.153334031,0
Year 1 Jun 10 9:00 PM,0,0,0
Year 1 Jun 10 10:00 PM,0,0,0
Year 1 Jun 10 11:00 PM,0,0,0
Year 1 Jun 11 12:00 AM,0,0,0
Year 1 Jun 11 1:00 AM,0,0,0
Year 1 Jun 11 2:00 AM,0,0,0
Year 1 Jun 11 3:00 AM,0,0,0
Year 1 Jun 11 4:00 AM,0,0,0
Year 1 Jun 11 5:00 AM,8.637380192,8.637380192,0
Year 1 Jun 11 6:00 AM,33.63427481,33.63427481,0
Year 1 Jun 11 7:00 AM,57.50538001,57.50538001,0
Year 1 Jun 11 8:00 AM,74.53809199,74.53809199,0
Year 1 Jun 11 9:00 AM,83.56431785,83.56431785,0
Year 1 Jun 11 10:00 AM,84.05727366,84.05727366,0
Year 1 Jun 11 11:00 AM,78.90700247,78.90700247,0
Year 1 Jun 11 12:00 PM,74.68263802,74.68263802,0
Year 1 Jun 11 1:00 PM,86.13983031,86.13983031,0
Year 1 Jun 11 2:00 PM,130.8428237,130.8428237,0
Year 1 Jun 11 3:00 PM,129.7679619,129.7679619,0
Year 1 Jun 11 4:00 PM,105.1160928,105.1160928,0
Year 1 Jun 11 5:00 PM,77.7250035,77.7250035,0
Year 1 Jun 11 6:00 PM,50.64327629,50.64327629,0
Year 1 Jun 11 7:00 PM,20.29572536,20.29572536,0
Year 1 Jun 11 8:00 PM,1.96632617,1.96632617,0
Year 1 Jun 11 9:00 PM,0,0,0
Year 1 Jun 11 10:00 PM,0,0,0
Year 1 Jun 11 11:00 PM,0,0,0
Year 1 Jun 12 12:00 AM,0,0,0
Year 1 Jun 12 1:00 AM,0,0,0
Year 1 Jun 12 2:00 AM,0,0,0
Year 1 Jun 12 3:00 AM,0,0,0
Year 1 Jun 12 4:00 AM,0,0,0
Year 1 Jun 12 5:00 AM,8.108864455,8.108864455,0
Year 1 Jun 12 6:00 AM,27.53282374,27.53282374,0
Year 1 Jun 12 7:00 AM,39.63036609,39.63036609,0
Year 1 Jun 12 8:00 AM,48.50937931,48.50937931,0
Year 1 Jun 12 9:00 AM,60.76874378,60.76874378,0
Year 1 Jun 12 10:00 AM,81.96412773,81.96412773,0
Year 1 Jun 12 11:00 AM,105.693209,105.693209,0
Year 1 Jun 12 12:00 PM,106.484618,106.484618,0
Year 1 Jun 12 1:00 PM,103.3370423,103.3370423,0
Year 1 Jun 12 2:00 PM,104.2215449,104.2215449,0
Year 1 Jun 12 3:00 PM,93.44468242,93.44468242,0
Year 1 Jun 12 4:00 PM,85.38977151,85.38977151,0
Year 1 Jun 12 5:00 PM,71.16068729,71.16068729,0
Year 1 Jun 12 6:00 PM,48.6896431,48.6896431,0
Year 1 Jun 12 7:00 PM,22.74898788,22.74898788,0
Year 1 Jun 12 8:00 PM,2.223107905,2.223107905,0
Year 1 Jun 12 9:00 PM,0,0,0
Year 1 Jun 12 10:00 PM,0,0,0
Year 1 Jun 12 11:00 PM,0,0,0
Year 1 Jun 13 12:00 AM,0,0,0
Year 1 Jun 13 1:00 AM,0,0,0
Year 1 Jun 13 2:00 AM,0,0,0
Year 1 Jun 13 3:00 AM,0,0,0
Year 1 Jun 13 4:00 AM,0,0,0
Year 1 Jun 13 5:00 AM,7.042667149,7.042667149,0
Year 1 Jun 13 6:00 AM,32.54720015,32.54720015,0
Year 1 Jun 13 7:00 AM,60.38449527,60.38449527,0
Year 1 Jun 13 8:00 AM,65.77318344,65.77318344,0
Year 1 Jun 13 9:00 AM,87.80017763,87.80017763,0
Year 1 Jun 13 10:00 AM,109.9528209,109.9528209,0
Year 1 Jun 13 11:00 AM,110.554136,110.554136,0
Year 1 Jun 13 12:00 PM,121.2854269,121.2854269,0
Year 1 Jun 13 1:00 PM,132.2388209,132.2388209,0
Year 1 Jun 13 2:00 PM,114.354651,114.354651,0
Year 1 Jun 13 3:00 PM,102.535864,102.535864,0
Year 1 Jun 13 4:00 PM,101.6405668,101.6405668,0
Year 1 Jun 13 5:00 PM,80.57122947,80.57122947,0
Year 1 Jun 13 6:00 PM,44.37628043,44.37628043,0
Year 1 Jun 13 7:00 PM,19.0251201,19.0251201,0
Year 1 Jun 13 8:00 PM,2.384889021,2.384889021,0
Year 1 Jun 13 9:00 PM,0,0,0
Year 1 Jun 13 10:00 PM,0,0,0
Year 1 Jun 13 11:00 PM,0,0,0
Year 1 Jun 14 12:00 AM,0,0,0
Year 1 Jun 14 1:00 AM,0,0,0
Year 1 Jun 14 2:00 AM,0,0,0
Year 1 Jun 14 3:00 AM,0,0,0
Year 1 Jun 14 4:00 AM,0,0,0
Year 1 Jun 14 5:00 AM,8.952806999,8.952806999,0
Year 1 Jun 14 6:00 AM,36.62133569,36.62133569,0
Year 1 Jun 14 7:00 AM,63.12954933,63.12954933,0
Year 1 Jun 14 8:00 AM,90.98787448,90.98787448,0
Year 1 Jun 14 9:00 AM,113.94538,113.94538,0
Year 1 Jun 14 10:00 AM,117.581599,117.581599,0
Year 1 Jun 14 11:00 AM,123.8020761,123.8020761,0
Year 1 Jun 14 12:00 PM,116.5194216,116.5194216,0
Year 1 Jun 14 1:00 PM,114.158488,114.158488,0
Year 1 Jun 14 2:00 PM,107.0197053,107.0197053,0
Year 1 Jun 14 3:00 PM,101.6473713,101.6473713,0
Year 1 Jun 14 4:00 PM,98.41659729,98.41659729,0
Year 1 Jun 14 5:00 PM,75.13514351,75.13514351,0
Year 1 Jun 14 6:00 PM,51.27617323,51.27617323,0
Year 1 Jun 14 7:00 PM,20.80762413,20.80762413,0
Year 1 Jun 14 8:00 PM,2.23667632,2.23667632,0
Year 1 Jun 14 9:00 PM,0,0,0
Year 1 Jun 14 10:00 PM,0,0,0
Year 1 Jun 14 11:00 PM,0,0,0
Year 1 Jun 15 12:00 AM,0,0,0
Year 1 Jun 15 1:00 AM,0,0,0
Year 1 Jun 15 2:00 AM,0,0,0
Year 1 Jun 15 3:00 AM,0,0,0
Year 1 Jun 15 4:00 AM,0,0,0
Year 1 Jun 15 5:00 AM,8.51821234,8.51821234,0
Year 1 Jun 15 6:00 AM,31.15350028,31.15350028,0
Year 1 Jun 15 7:00 AM,49.10883732,49.10883732,0
Year 1 Jun 15 8:00 AM,62.5046804,62.5046804,0
Year 1 Jun 15 9:00 AM,66.63409295,66.63409295,0
Year 1 Jun 15 10:00 AM,65.48089031,65.48089031,0
Year 1 Jun 15 11:00 AM,61.27553795,61.27553795,0
Year 1 Jun 15 12:00 PM,58.47610713,58.47610713,0
Year 1 Jun 15 1:00 PM,59.8716942,59.8716942,0
Year 1 Jun 15 2:00 PM,63.39724176,63.39724176,0
Year 1 Jun 15 3:00 PM,66.30300959,66.30300959,0
Year 1 Jun 15 4:00 PM,66.69828228,66.69828228,0
Year 1 Jun 15 5:00 PM,60.32892051,60.32892051,0
Year 1 Jun 15 6:00 PM,40.55664146,40.55664146,0
Year 1 Jun 15 7:00 PM,21.00341225,21.00341225,0
Year 1 Jun 15 8:00 PM,2.279970123,2.279970123,0
Year 1 Jun 15 9:00 PM,0,0,0
Year 1 Jun 15 10:00 PM,0,0,0
Year 1 Jun 15 11:00 PM,0,0,0
Year 1 Jun 16 12:00 AM,0,0,0
Year 1 Jun 16 1:00 AM,0,0,0
Year 1 Jun 16 2:00 AM,0,0,0
Year 1 Jun 16 3:00 AM,0,0,0
Year 1 Jun 16 4:00 AM,0,0,0
Year 1 Jun 16 5:00 AM,8.840481191,8.840481191,0
Year 1 Jun 16 6:00 AM,32.47695912,32.47695912,0
Year 1 Jun 16 7:00 AM,53.98404021,53.98404021,0
Year 1 Jun 16 8:00 AM,73.88963168,73.88963168,0
Year 1 Jun 16 9:00 AM,95.67809562,95.67809562,0
Year 1 Jun 16 10:00 AM,91.58209492,91.58209492,0
Year 1 Jun 16 11:00 AM,80.98137576,80.98137576,0
Year 1 Jun 16 12:00 PM,80.39166999,80.39166999,0
Year 1 Jun 16 1:00 PM,81.05999095,81.05999095,0
Year 1 Jun 16 2:00 PM,85.34801549,85.34801549,0
Year 1 Jun 16 3:00 PM,94.53272667,94.53272667,0
Year 1 Jun 16 4:00 PM,90.8269993,90.8269993,0
Year 1 Jun 16 5:00 PM,73.71131604,73.71131604,0
Year 1 Jun 16 6:00 PM,48.64824457,48.64824457,0
Year 1 Jun 16 7:00 PM,19.99483846,19.99483846,0
Year 1 Jun 16 8:00 PM,2.260289769,2.260289769,0
Year 1 Jun 16 9:00 PM,0,0,0
Year 1 Jun 16 10:00 PM,0,0,0
Year 1 Jun 16 11:00 PM,0,0,0
Year 1 Jun 17 12:00 AM,0,0,0
Year 1 Jun 17 1:00 AM,0,0,0
Year 1 Jun 17 2:00 AM,0,0,0
Year 1 Jun 17 3:00 AM,0,0,0
Year 1 Jun 17 4:00 AM,0,0,0
Year 1 Jun 17 5:00 AM,7.546673885,7.546673885,0
Year 1 Jun 17 6:00 AM,25.95554016,25.95554016,0
Year 1 Jun 17 7:00 AM,51.60568078,51.60568078,0
Year 1 Jun 17 8:00 AM,64.91837563,64.91837563,0
Year 1 Jun 17 9:00 AM,95.77303614,95.77303614,0
Year 1 Jun 17 10:00 AM,134.516725,134.516725,0
Year 1 Jun 17 11:00 AM,116.7710687,116.7710687,0
Year 1 Jun 17 12:00 PM,86.83654075,86.83654075,0
Year 1 Jun 17 1:00 PM,77.56999635,77.56999635,0
Year 1 Jun 17 2:00 PM,100.2972685,100.2972685,0
Year 1 Jun 17 3:00 PM,92.84002631,92.84002631,0
Year 1 Jun 17 4:00 PM,93.81656539,93.81656539,0
Year 1 Jun 17 5:00 PM,45.29973759,45.29973759,0
Year 1 Jun 17 6:00 PM,42.21207112,42.21207112,0
Year 1 Jun 17 7:00 PM,20.92807655,20.92807655,0
Year 1 Jun 17 8:00 PM,2.24946562,2.24946562,0
Year 1 Jun 17 9:00 PM,0,0,0
Year 1 Jun 17 10:00 PM,0,0,0
Year 1 Jun 17 11:00 PM,0,0,0
Year 1 Jun 18 12:00 AM,0,0,0
Year 1 Jun 18 1:00 AM,0,0,0
Year 1 Jun 18 2:00 AM,0,0,0
Year 1 Jun 18 3:00 AM,0,0,0
Year 1 Jun 18 4:00 AM,0,0,0
Year 1 Jun 18 5:00 AM,6.920199257,6.920199257,0
Year 1 Jun 18 6:00 AM,29.75727959,29.75727959,0
Year 1 Jun 18 7:00 AM,64.59991311,64.59991311,0
Year 1 Jun 18 8:00 AM,73.18599179,73.18599179,0
Year 1 Jun 18 9:00 AM,82.39458958,82.39458958,0
Year 1 Jun 18 10:00 AM,111.8299567,111.8299567,0
Year 1 Jun 18 11:00 AM,91.17350296,91.17350296,0
Year 1 Jun 18 12:00 PM,108.0763255,108.0763255,0
Year 1 Jun 18 1:00 PM,139.4546182,139.4546182,0
Year 1 Jun 18 2:00 PM,141.716427,141.716427,0
Year 1 Jun 18 3:00 PM,119.0393551,119.0393551,0
Year 1 Jun 18 4:00 PM,102.1641973,102.1641973,0
Year 1 Jun 18 5:00 PM,81.7109349,81.7109349,0
Year 1 Jun 18 6:00 PM,42.04265728,42.04265728,0
Year 1 Jun 18 7:00 PM,20.4888554,20.4888554,0
Year 1 Jun 18 8:00 PM,2.493752949,2.493752949,0
Year 1 Jun 18 9:00 PM,0,0,0
Year 1 Jun 18 10:00 PM,0,0,0
Year 1 Jun 18 11:00 PM,0,0,0
Year 1 Jun 19 12:00 AM,0,0,0
Year 1 Jun 19 1:00 AM,0,0,0
Year 1 Jun 19 2:00 AM,0,0,0
Year 1 Jun 19 3:00 AM,0,0,0
Year 1 Jun 19 4:00 AM,0,0,0
Year 1 Jun 19 5:00 AM,7.092622242,7.092622242,0
Year 1 Jun 19 6:00 AM,28.33089191,28.33089191,0
Year 1 Jun 19 7:00 AM,59.97238478,59.97238478,0
Year 1 Jun 19 8:00 AM,81.152856,81.152856,0
Year 1 Jun 19 9:00 AM,90.24056769,90.24056769,0
Year 1 Jun 19 10:00 AM,113.3802633,113.3802633,0
Year 1 Jun 19 11:00 AM,115.770055,115.770055,0
Year 1 Jun 19 12:00 PM,141.9841988,141.9841988,0
Year 1 Jun 19 1:00 PM,128.3119081,128.3119081,0
Year 1 Jun 19 2:00 PM,112.8836811,112.8836811,0
Year 1 Jun 19 3:00 PM,114.0764627,114.0764627,0
Year 1 Jun 19 4:00 PM,103.6391482,103.6391482,0
Year 1 Jun 19 5:00 PM,74.44999337,74.44999337,0
Year 1 Jun 19 6:00 PM,49.02090359,49.02090359,0
Year 1 Jun 19 7:00 PM,21.26257885,21.26257885,0
Year 1 Jun 19 8:00 PM,2.336514026,2.336514026,0
Year 1 Jun 19 9:00 PM,0,0,0
Year 1 Jun 19 10:00 PM,0,0,0
Year 1 Jun 19 11:00 PM,0,0,0
Year 1 Jun 20 12:00 AM,0,0,0
Year 1 Jun 20 1:00 AM,0,0,0
Year 1 Jun 20 2:00 AM,0,0,0
Year 1 Jun 20 3:00 AM,0,0,0
Year 1 Jun 20 4:00 AM,0,0,0
Year 1 Jun 20 5:00 AM,7.494941729,7.494941729,0
Year 1 Jun 20 6:00 AM,33.55843166,33.55843166,0
Year 1 Jun 20 7:00 AM,67.80801868,67.80801868,0
Year 1 Jun 20 8:00 AM,91.55971477,91.55971477,0
Year 1 Jun 20 9:00 AM,107.6090931,107.6090931,0
Year 1 Jun 20 10:00 AM,117.1708632,117.1708632,0
Year 1 Jun 20 11:00 AM,122.0609479,122.0609479,0
Year 1 Jun 20 12:00 PM,100.9071969,100.9071969,0
Year 1 Jun 20 1:00 PM,96.58807502,96.58807502,0
Year 1 Jun 20 2:00 PM,100.5614653,100.5614653,0
Year 1 Jun 20 3:00 PM,94.6202606,94.6202606,0
Year 1 Jun 20 4:00 PM,101.2881177,101.2881177,0
Year 1 Jun 20 5:00 PM,80.17868069,80.17868069,0
Year 1 Jun 20 6:00 PM,49.76238814,49.76238814,0
Year 1 Jun 20 7:00 PM,19.50929088,19.50929088,0
Year 1 Jun 20 8:00 PM,2.255480992,2.255480992,0
Year 1 Jun 20 9:00 PM,0,0,0
Year 1 Jun 20 10:00 PM,0,0,0
Year 1 Jun 20 11:00 PM,0,0,0
Year 1 Jun 21 12:00 AM,0,0,0
Year 1 Jun 21 1:00 AM,0,0,0
Year 1 Jun 21 2:00 AM,0,0,0
Year 1 Jun 21 3:00 AM,0,0,0
Year 1 Jun 21 4:00 AM,0,0,0
Year 1 Jun 21 5:00 AM,8.314166644,8.314166644,0
Year 1 Jun 21 6:00 AM,30.93482367,30.93482367,0
Year 1 Jun 21 7:00 AM,48.84752092,48.84752092,0
Year 1 Jun 21 8:00 AM,63.04408532,63.04408532,0
Year 1 Jun 21 9:00 AM,67.40571032,67.40571032,0
Year 1 Jun 21 10:00 AM,65.74441424,65.74441424,0
Year 1 Jun 21 11:00 AM,59.89736874,59.89736874,0
Year 1 Jun 21 12:00 PM,57.7270749,57.7270749,0
Year 1 Jun 21 1:00 PM,59.10262533,59.10262533,0
Year 1 Jun 21 2:00 PM,69.97613652,69.97613652,0
Year 1 Jun 21 3:00 PM,79.28485677,79.28485677,0
Year 1 Jun 21 4:00 PM,75.04556229,75.04556229,0
Year 1 Jun 21 5:00 PM,58.10008708,58.10008708,0
Year 1 Jun 21 6:00 PM,41.52607804,41.52607804,0
Year 1 Jun 21 7:00 PM,21.97309372,21.97309372,0
Year 1 Jun 21 8:00 PM,2.815127992,2.815127992,0
Year 1 Jun 21 9:00 PM,0,0,0
Year 1 Jun 21 10:00 PM,0,0,0
Year 1 Jun 21 11:00 PM,0,0,0
Year 1 Jun 22 12:00 AM,0,0,0
Year 1 Jun 22 1:00 AM,0,0,0
Year 1 Jun 22 2:00 AM,0,0,0
Year 1 Jun 22 3:00 AM,0,0,0
Year 1 Jun 22 4:00 AM,0,0,0
Year 1 Jun 22 5:00 AM,8.488365212,8.488365212,0
Year 1 Jun 22 6:00 AM,30.91286867,30.91286867,0
Year 1 Jun 22 7:00 AM,52.74918536,52.74918536,0
Year 1 Jun 22 8:00 AM,75.80261667,75.80261667,0
Year 1 Jun 22 9:00 AM,90.68964126,90.68964126,0
Year 1 Jun 22 10:00 AM,79.35380219,79.35380219,0
Year 1 Jun 22 11:00 AM,54.04274255,54.04274255,0
Year 1 Jun 22 12:00 PM,43.72610413,43.72610413,0
Year 1 Jun 22 1:00 PM,51.24896597,51.24896597,0
Year 1 Jun 22 2:00 PM,51.60380748,51.60380748,0
Year 1 Jun 22 3:00 PM,71.26253978,71.26253978,0
Year 1 Jun 22 4:00 PM,69.61098838,69.61098838,0
Year 1 Jun 22 5:00 PM,60.58663155,60.58663155,0
Year 1 Jun 22 6:00 PM,40.38703316,40.38703316,0
Year 1 Jun 22 7:00 PM,20.3853358,20.3853358,0
Year 1 Jun 22 8:00 PM,2.717299029,2.717299029,0
Year 1 Jun 22 9:00 PM,0,0,0
Year 1 Jun 22 10:00 PM,0,0,0
Year 1 Jun 22 11:00 PM,0,0,0
Year 1 Jun 23 12:00 AM,0,0,0
Year 1 Jun 23 1:00 AM,0,0,0
Year 1 Jun 23 2:00 AM,0,0,0
Year 1 Jun 23 3:00 AM,0,0,0
Year 1 Jun 23 4:00 AM,0,0,0
Year 1 Jun 23 5:00 AM,5.744119183,5.744119183,0
Year 1 Jun 23 6:00 AM,22.55617913,22.55617913,0
Year 1 Jun 23 7:00 AM,48.62247202,48.62247202,0
Year 1 Jun 23 8:00 AM,66.17390115,66.17390115,0
Year 1 Jun 23 9:00 AM,93.22871698,93.22871698,0
Year 1 Jun 23 10:00 AM,110.0057088,110.0057088,0
Year 1 Jun 23 11:00 AM,82.76406281,82.76406281,0
Year 1 Jun 23 12:00 PM,68.89208163,68.89208163,0
Year 1 Jun 23 1:00 PM,81.18820677,81.18820677,0
Year 1 Jun 23 2:00 PM,108.6358941,108.6358941,0
Year 1 Jun 23 3:00 PM,107.8225773,107.8225773,0
Year 1 Jun 23 4:00 PM,109.4083976,109.4083976,0
Year 1 Jun 23 5:00 PM,75.85572408,75.85572408,0
Year 1 Jun 23 6:00 PM,45.91423453,45.91423453,0
Year 1 Jun 23 7:00 PM,20.40087844,20.40087844,0
Year 1 Jun 23 8:00 PM,2.266370197,2.266370197,0
Year 1 Jun 23 9:00 PM,0,0,0
Year 1 Jun 23 10:00 PM,0,0,0
Year 1 Jun 23 11:00 PM,0,0,0
Year 1 Jun 24 12:00 AM,0,0,0
Year 1 Jun 24 1:00 AM,0,0,0
Year 1 Jun 24 2:00 AM,0,0,0
Year 1 Jun 24 3:00 AM,0,0,0
Year 1 Jun 24 4:00 AM,0,0,0
Year 1 Jun 24 5:00 AM,7.204691543,7.204691543,0
Year 1 Jun 24 6:00 AM,25.5311389,25.5311389,0
Year 1 Jun 24 7:00 AM,36.69729104,36.69729104,0
Year 1 Jun 24 8:00 AM,45.88613043,45.88613043,0
Year 1 Jun 24 9:00 AM,48.85996499,48.85996499,0
Year 1 Jun 24 10:00 AM,49.94940304,49.94940304,0
Year 1 Jun 24 11:00 AM,48.39738914,48.39738914,0
Year 1 Jun 24 12:00 PM,65.19192841,65.19192841,0
Year 1 Jun 24 1:00 PM,42.38015534,42.38015534,0
Year 1 Jun 24 2:00 PM,46.99875082,46.99875082,0
Year 1 Jun 24 3:00 PM,50.5231035,50.5231035,0
Year 1 Jun 24 4:00 PM,47.6247582,47.6247582,0
Year 1 Jun 24 5:00 PM,43.50690305,43.50690305,0
Year 1 Jun 24 6:00 PM,31.51096132,31.51096132,0
Year 1 Jun 24 7:00 PM,19.76482209,19.76482209,0
Year 1 Jun 24 8:00 PM,2.757415292,2.757415292,0
Year 1 Jun 24 9:00 PM,0,0,0
Year 1 Jun 24 10:00 PM,0,0,0
Year 1 Jun 24 11:00 PM,0,0,0
Year 1 Jun 25 12:00 AM,0,0,0
Year 1 Jun 25 1:00 AM,0,0,0
Year 1 Jun 25 2:00 AM,0,0,0
Year 1 Jun 25 3:00 AM,0,0,0
Year 1 Jun 25 4:00 AM,0,0,0
Year 1 Jun 25 5:00 AM,7.777345116,7.777345116,0
Year 1 Jun 25 6:00 AM,25.91647459,25.91647459,0
Year 1 Jun 25 7:00 AM,37.2855886,37.2855886,0
Year 1 Jun 25 8:00 AM,47.93017776,47.93017776,0
Year 1 Jun 25 9:00 AM,50.74769209,50.74769209,0
Year 1 Jun 25 10:00 AM,51.17177262,51.17177262,0
Year 1 Jun 25 11:00 AM,54.21355493,54.21355493,0
Year 1 Jun 25 12:00 PM,55.49293008,55.49293008,0
Year 1 Jun 25 1:00 PM,55.24659021,55.24659021,0
Year 1 Jun 25 2:00 PM,53.39853509,53.39853509,0
Year 1 Jun 25 3:00 PM,52.54544874,52.54544874,0
Year 1 Jun 25 4:00 PM,48.72751637,48.72751637,0
Year 1 Jun 25 5:00 PM,44.54396699,44.54396699,0
Year 1 Jun 25 6:00 PM,32.84554802,32.84554802,0
Year 1 Jun 25 7:00 PM,19.97165339,19.97165339,0
Year 1 Jun 25 8:00 PM,2.795556039,2.795556039,0
Year 1 Jun 25 9:00 PM,0,0,0
Year 1 Jun 25 10:00 PM,0,0,0
Year 1 Jun 25 11:00 PM,0,0,0
Year 1 Jun 26 12:00 AM,0,0,0
Year 1 Jun 26 1:00 AM,0,0,0
Year 1 Jun 26 2:00 AM,0,0,0
Year 1 Jun 26 3:00 AM,0,0,0
Year 1 Jun 26 4:00 AM,0,0,0
Year 1 Jun 26 5:00 AM,7.722709604,7.722709604,0
Year 1 Jun 26 6:00 AM,27.32331046,27.32331046,0
Year 1 Jun 26 7:00 AM,47.07556114,47.07556114,0
Year 1 Jun 26 8:00 AM,59.85756554,59.85756554,0
Year 1 Jun 26 9:00 AM,46.11545829,46.11545829,0
Year 1 Jun 26 10:00 AM,46.39544533,46.39544533,0
Year 1 Jun 26 11:00 AM,43.05173867,43.05173867,0
Year 1 Jun 26 12:00 PM,51.83102935,51.83102935,0
Year 1 Jun 26 1:00 PM,54.69579729,54.69579729,0
Year 1 Jun 26 2:00 PM,52.42753532,52.42753532,0
Year 1 Jun 26 3:00 PM,44.16084463,44.16084463,0
Year 1 Jun 26 4:00 PM,54.36202481,54.36202481,0
Year 1 Jun 26 5:00 PM,54.58599132,54.58599132,0
Year 1 Jun 26 6:00 PM,39.29458139,39.29458139,0
Year 1 Jun 26 7:00 PM,20.47170535,20.47170535,0
Year 1 Jun 26 8:00 PM,2.498267123,2.498267123,0
Year 1 Jun 26 9:00 PM,0,0,0
Year 1 Jun 26 10:00 PM,0,0,0
Year 1 Jun 26 11:00 PM,0,0,0
Year 1 Jun 27 12:00 AM,0,0,0
Year 1 Jun 27 1:00 AM,0,0,0
Year 1 Jun 27 2:00 AM,0,0,0
Year 1 Jun 27 3:00 AM,0,0,0
Year 1 Jun 27 4:00 AM,0,0,0
Year 1 Jun 27 5:00 AM,7.079054903,7.079054903,0
Year 1 Jun 27 6:00 AM,32.24509612,32.24509612,0
Year 1 Jun 27 7:00 AM,64.86270249,64.86270249,0
Year 1 Jun 27 8:00 AM,83.10469057,83.10469057,0
Year 1 Jun 27 9:00 AM,109.6769604,109.6769604,0
Year 1 Jun 27 10:00 AM,123.7328118,123.7328118,0
Year 1 Jun 27 11:00 AM,138.7064375,138.7064375,0
Year 1 Jun 27 12:00 PM,127.4620916,127.4620916,0
Year 1 Jun 27 1:00 PM,102.3961732,102.3961732,0
Year 1 Jun 27 2:00 PM,117.2596281,117.2596281,0
Year 1 Jun 27 3:00 PM,113.8205802,113.8205802,0
Year 1 Jun 27 4:00 PM,104.284112,104.284112,0
Year 1 Jun 27 5:00 PM,83.43983476,83.43983476,0
Year 1 Jun 27 6:00 PM,49.19805324,49.19805324,0
Year 1 Jun 27 7:00 PM,22.76968351,22.76968351,0
Year 1 Jun 27 8:00 PM,2.675744674,2.675744674,0
Year 1 Jun 27 9:00 PM,0,0,0
Year 1 Jun 27 10:00 PM,0,0,0
Year 1 Jun 27 11:00 PM,0,0,0
Year 1 Jun 28 12:00 AM,0,0,0
Year 1 Jun 28 1:00 AM,0,0,0
Year 1 Jun 28 2:00 AM,0,0,0
Year 1 Jun 28 3:00 AM,0,0,0
Year 1 Jun 28 4:00 AM,0,0,0
Year 1 Jun 28 5:00 AM,6.959835267,6.959835267,0
Year 1 Jun 28 6:00 AM,23.15870368,23.15870368,0
Year 1 Jun 28 7:00 AM,36.0992398,36.0992398,0
Year 1 Jun 28 8:00 AM,45.58287971,45.58287971,0
Year 1 Jun 28 9:00 AM,50.71649041,50.71649041,0
Year 1 Jun 28 10:00 AM,65.46939376,65.46939376,0
Year 1 Jun 28 11:00 AM,74.46386225,74.46386225,0
Year 1 Jun 28 12:00 PM,92.16346956,92.16346956,0
Year 1 Jun 28 1:00 PM,79.84233618,79.84233618,0
Year 1 Jun 28 2:00 PM,88.06644141,88.06644141,0
Year 1 Jun 28 3:00 PM,101.4402024,101.4402024,0
Year 1 Jun 28 4:00 PM,72.91426421,72.91426421,0
Year 1 Jun 28 5:00 PM,64.95295199,64.95295199,0
Year 1 Jun 28 6:00 PM,47.94160439,47.94160439,0
Year 1 Jun 28 7:00 PM,21.25762962,21.25762962,0
Year 1 Jun 28 8:00 PM,2.023786072,2.023786072,0
Year 1 Jun 28 9:00 PM,0,0,0
Year 1 Jun 28 10:00 PM,0,0,0
Year 1 Jun 28 11:00 PM,0,0,0
Year 1 Jun 29 12:00 AM,0,0,0
Year 1 Jun 29 1:00 AM,0,0,0
Year 1 Jun 29 2:00 AM,0,0,0
Year 1 Jun 29 3:00 AM,0,0,0
Year 1 Jun 29 4:00 AM,0,0,0
Year 1 Jun 29 5:00 AM,3.470369834,3.470369834,0
Year 1 Jun 29 6:00 AM,15.677842,15.677842,0
Year 1 Jun 29 7:00 AM,50.28728145,50.28728145,0
Year 1 Jun 29 8:00 AM,84.12243578,84.12243578,0
Year 1 Jun 29 9:00 AM,105.75676,105.75676,0
Year 1 Jun 29 10:00 AM,113.570905,113.570905,0
Year 1 Jun 29 11:00 AM,129.2254105,129.2254105,0
Year 1 Jun 29 12:00 PM,92.98461848,92.98461848,0
Year 1 Jun 29 1:00 PM,76.50731196,76.50731196,0
Year 1 Jun 29 2:00 PM,86.05065531,86.05065531,0
Year 1 Jun 29 3:00 PM,85.50494873,85.50494873,0
Year 1 Jun 29 4:00 PM,94.89009563,94.89009563,0
Year 1 Jun 29 5:00 PM,73.68000692,73.68000692,0
Year 1 Jun 29 6:00 PM,41.44378819,41.44378819,0
Year 1 Jun 29 7:00 PM,17.52429567,17.52429567,0
Year 1 Jun 29 8:00 PM,2.329550015,2.329550015,0
Year 1 Jun 29 9:00 PM,0,0,0
Year 1 Jun 29 10:00 PM,0,0,0
Year 1 Jun 29 11:00 PM,0,0,0
Year 1 Jun 30 12:00 AM,0,0,0
Year 1 Jun 30 1:00 AM,0,0,0
Year 1 Jun 30 2:00 AM,0,0,0
Year 1 Jun 30 3:00 AM,0,0,0
Year 1 Jun 30 4:00 AM,0,0,0
Year 1 Jun 30 5:00 AM,7.383572381,7.383572381,0
Year 1 Jun 30 6:00 AM,27.85876965,27.85876965,0
Year 1 Jun 30 7:00 AM,43.30002824,43.30002824,0
Year 1 Jun 30 8:00 AM,54.04384833,54.04384833,0
Year 1 Jun 30 9:00 AM,58.78377242,58.78377242,0
Year 1 Jun 30 10:00 AM,63.93679632,63.93679632,0
Year 1 Jun 30 11:00 AM,82.5826693,82.5826693,0
Year 1 Jun 30 12:00 PM,66.30670014,66.30670014,0
Year 1 Jun 30 1:00 PM,88.93822868,88.93822868,0
Year 1 Jun 30 2:00 PM,105.9912921,105.9912921,0
Year 1 Jun 30 3:00 PM,102.9260512,102.9260512,0
Year 1 Jun 30 4:00 PM,64.67278102,64.67278102,0
Year 1 Jun 30 5:00 PM,69.11837908,69.11837908,0
Year 1 Jun 30 6:00 PM,33.28628157,33.28628157,0
Year 1 Jun 30 7:00 PM,15.64847338,15.64847338,0
Year 1 Jun 30 8:00 PM,2.068853641,2.068853641,0
Year 1 Jun 30 9:00 PM,0,0,0
Year 1 Jun 30 10:00 PM,0,0,0
Year 1 Jun 30 11:00 PM,0,0,0
Year 1 Jul 01 12:00 AM,0,0,0
Year 1 Jul 01 1:00 AM,0,0,0
Year 1 Jul 01 2:00 AM,0,0,0
Year 1 Jul 01 3:00 AM,0,0,0
Year 1 Jul 01 4:00 AM,0,0,0
Year 1 Jul 01 5:00 AM,5.4450798,5.4450798,0
Year 1 Jul 01 6:00 AM,25.05407248,25.05407248,0
Year 1 Jul 01 7:00 AM,61.32479323,61.32479323,0
Year 1 Jul 01 8:00 AM,88.74944908,88.74944908,0
Year 1 Jul 01 9:00 AM,116.2086223,116.2086223,0
Year 1 Jul 01 10:00 AM,138.872878,138.872878,0
Year 1 Jul 01 11:00 AM,159.1302666,159.1302666,0
Year 1 Jul 01 12:00 PM,163.6784665,163.6784665,0
Year 1 Jul 01 1:00 PM,167.9562872,167.9562872,0
Year 1 Jul 01 2:00 PM,155.2978363,155.2978363,0
Year 1 Jul 01 3:00 PM,134.8531867,134.8531867,0
Year 1 Jul 01 4:00 PM,74.83922793,74.83922793,0
Year 1 Jul 01 5:00 PM,56.71981503,56.71981503,0
Year 1 Jul 01 6:00 PM,44.79849737,44.79849737,0
Year 1 Jul 01 7:00 PM,22.03612493,22.03612493,0
Year 1 Jul 01 8:00 PM,2.816200184,2.816200184,0
Year 1 Jul 01 9:00 PM,0,0,0
Year 1 Jul 01 10:00 PM,0,0,0
Year 1 Jul 01 11:00 PM,0,0,0
Year 1 Jul 02 12:00 AM,0,0,0
Year 1 Jul 02 1:00 AM,0,0,0
Year 1 Jul 02 2:00 AM,0,0,0
Year 1 Jul 02 3:00 AM,0,0,0
Year 1 Jul 02 4:00 AM,0,0,0
Year 1 Jul 02 5:00 AM,7.57458533,7.57458533,0
Year 1 Jul 02 6:00 AM,32.33120858,32.33120858,0
Year 1 Jul 02 7:00 AM,62.57755324,62.57755324,0
Year 1 Jul 02 8:00 AM,94.44662791,94.44662791,0
Year 1 Jul 02 9:00 AM,123.1407966,123.1407966,0
Year 1 Jul 02 10:00 AM,137.0154353,137.0154353,0
Year 1 Jul 02 11:00 AM,120.5399555,120.5399555,0
Year 1 Jul 02 12:00 PM,96.78865454,96.78865454,0
Year 1 Jul 02 1:00 PM,94.6542314,94.6542314,0
Year 1 Jul 02 2:00 PM,87.55882236,87.55882236,0
Year 1 Jul 02 3:00 PM,102.7173171,102.7173171,0
Year 1 Jul 02 4:00 PM,85.44177757,85.44177757,0
Year 1 Jul 02 5:00 PM,71.64814724,71.64814724,0
Year 1 Jul 02 6:00 PM,47.09131652,47.09131652,0
Year 1 Jul 02 7:00 PM,24.60701789,24.60701789,0
Year 1 Jul 02 8:00 PM,2.87409291,2.87409291,0
Year 1 Jul 02 9:00 PM,0,0,0
Year 1 Jul 02 10:00 PM,0,0,0
Year 1 Jul 02 11:00 PM,0,0,0
Year 1 Jul 03 12:00 AM,0,0,0
Year 1 Jul 03 1:00 AM,0,0,0
Year 1 Jul 03 2:00 AM,0,0,0
Year 1 Jul 03 3:00 AM,0,0,0
Year 1 Jul 03 4:00 AM,0,0,0
Year 1 Jul 03 5:00 AM,7.777486062,7.777486062,0
Year 1 Jul 03 6:00 AM,30.28599814,30.28599814,0
Year 1 Jul 03 7:00 AM,50.35178987,50.35178987,0
Year 1 Jul 03 8:00 AM,66.05071663,66.05071663,0
Year 1 Jul 03 9:00 AM,72.28051277,72.28051277,0
Year 1 Jul 03 10:00 AM,70.35261309,70.35261309,0
Year 1 Jul 03 11:00 AM,66.03835799,66.03835799,0
Year 1 Jul 03 12:00 PM,62.64352073,62.64352073,0
Year 1 Jul 03 1:00 PM,68.87840308,68.87840308,0
Year 1 Jul 03 2:00 PM,88.95570395,88.95570395,0
Year 1 Jul 03 3:00 PM,76.82622477,76.82622477,0
Year 1 Jul 03 4:00 PM,78.58989736,78.58989736,0
Year 1 Jul 03 5:00 PM,63.50472263,63.50472263,0
Year 1 Jul 03 6:00 PM,43.25208726,43.25208726,0
Year 1 Jul 03 7:00 PM,22.46521166,22.46521166,0
Year 1 Jul 03 8:00 PM,2.839354734,2.839354734,0
Year 1 Jul 03 9:00 PM,0,0,0
Year 1 Jul 03 10:00 PM,0,0,0
Year 1 Jul 03 11:00 PM,0,0,0
Year 1 Jul 04 12:00 AM,0,0,0
Year 1 Jul 04 1:00 AM,0,0,0
Year 1 Jul 04 2:00 AM,0,0,0
Year 1 Jul 04 3:00 AM,0,0,0
Year 1 Jul 04 4:00 AM,0,0,0
Year 1 Jul 04 5:00 AM,7.863551243,7.863551243,0
Year 1 Jul 04 6:00 AM,30.92585739,30.92585739,0
Year 1 Jul 04 7:00 AM,54.10215338,54.10215338,0
Year 1 Jul 04 8:00 AM,87.29843169,87.29843169,0
Year 1 Jul 04 9:00 AM,96.30860213,96.30860213,0
Year 1 Jul 04 10:00 AM,100.0698742,100.0698742,0
Year 1 Jul 04 11:00 AM,111.3777048,111.3777048,0
Year 1 Jul 04 12:00 PM,69.79255057,69.79255057,0
Year 1 Jul 04 1:00 PM,61.76343758,61.76343758,0
Year 1 Jul 04 2:00 PM,78.72547501,78.72547501,0
Year 1 Jul 04 3:00 PM,79.33587108,79.33587108,0
Year 1 Jul 04 4:00 PM,72.50934924,72.50934924,0
Year 1 Jul 04 5:00 PM,61.13577399,61.13577399,0
Year 1 Jul 04 6:00 PM,46.74150281,46.74150281,0
Year 1 Jul 04 7:00 PM,22.63341779,22.63341779,0
Year 1 Jul 04 8:00 PM,2.638520258,2.638520258,0
Year 1 Jul 04 9:00 PM,0,0,0
Year 1 Jul 04 10:00 PM,0,0,0
Year 1 Jul 04 11:00 PM,0,0,0
Year 1 Jul 05 12:00 AM,0,0,0
Year 1 Jul 05 1:00 AM,0,0,0
Year 1 Jul 05 2:00 AM,0,0,0
Year 1 Jul 05 3:00 AM,0,0,0
Year 1 Jul 05 4:00 AM,0,0,0
Year 1 Jul 05 5:00 AM,7.202500808,7.202500808,0
Year 1 Jul 05 6:00 AM,27.88605684,27.88605684,0
Year 1 Jul 05 7:00 AM,39.3623232,39.3623232,0
Year 1 Jul 05 8:00 AM,47.70497535,47.70497535,0
Year 1 Jul 05 9:00 AM,55.50684685,55.50684685,0
Year 1 Jul 05 10:00 AM,54.79193459,54.79193459,0
Year 1 Jul 05 11:00 AM,52.27746176,52.27746176,0
Year 1 Jul 05 12:00 PM,47.69278672,47.69278672,0
Year 1 Jul 05 1:00 PM,47.19252373,47.19252373,0
Year 1 Jul 05 2:00 PM,58.38274015,58.38274015,0
Year 1 Jul 05 3:00 PM,73.06464009,73.06464009,0
Year 1 Jul 05 4:00 PM,73.3519987,73.3519987,0
Year 1 Jul 05 5:00 PM,59.94854412,59.94854412,0
Year 1 Jul 05 6:00 PM,37.47337612,37.47337612,0
Year 1 Jul 05 7:00 PM,20.5651409,20.5651409,0
Year 1 Jul 05 8:00 PM,2.813228557,2.813228557,0
Year 1 Jul 05 9:00 PM,0,0,0
Year 1 Jul 05 10:00 PM,0,0,0
Year 1 Jul 05 11:00 PM,0,0,0
Year 1 Jul 06 12:00 AM,0,0,0
Year 1 Jul 06 1:00 AM,0,0,0
Year 1 Jul 06 2:00 AM,0,0,0
Year 1 Jul 06 3:00 AM,0,0,0
Year 1 Jul 06 4:00 AM,0,0,0
Year 1 Jul 06 5:00 AM,7.016304232,7.016304232,0
Year 1 Jul 06 6:00 AM,25.66925085,25.66925085,0
Year 1 Jul 06 7:00 AM,37.8107817,37.8107817,0
Year 1 Jul 06 8:00 AM,47.56497559,47.56497559,0
Year 1 Jul 06 9:00 AM,51.61115408,51.61115408,0
Year 1 Jul 06 10:00 AM,51.16084569,51.16084569,0
Year 1 Jul 06 11:00 AM,48.69484606,48.69484606,0
Year 1 Jul 06 12:00 PM,47.79478092,47.79478092,0
Year 1 Jul 06 1:00 PM,62.24358609,62.24358609,0
Year 1 Jul 06 2:00 PM,78.03586647,78.03586647,0
Year 1 Jul 06 3:00 PM,86.62923996,86.62923996,0
Year 1 Jul 06 4:00 PM,80.54853399,80.54853399,0
Year 1 Jul 06 5:00 PM,56.06302737,56.06302737,0
Year 1 Jul 06 6:00 PM,36.78335632,36.78335632,0
Year 1 Jul 06 7:00 PM,11.51606438,11.51606438,0
Year 1 Jul 06 8:00 PM,1.250233353,1.250233353,0
Year 1 Jul 06 9:00 PM,0,0,0
Year 1 Jul 06 10:00 PM,0,0,0
Year 1 Jul 06 11:00 PM,0,0,0
Year 1 Jul 07 12:00 AM,0,0,0
Year 1 Jul 07 1:00 AM,0,0,0
Year 1 Jul 07 2:00 AM,0,0,0
Year 1 Jul 07 3:00 AM,0,0,0
Year 1 Jul 07 4:00 AM,0,0,0
Year 1 Jul 07 5:00 AM,5.502322269,5.502322269,0
Year 1 Jul 07 6:00 AM,29.50151455,29.50151455,0
Year 1 Jul 07 7:00 AM,53.51778601,53.51778601,0
Year 1 Jul 07 8:00 AM,80.38368775,80.38368775,0
Year 1 Jul 07 9:00 AM,108.5103065,108.5103065,0
Year 1 Jul 07 10:00 AM,111.1994049,111.1994049,0
Year 1 Jul 07 11:00 AM,98.30853465,98.30853465,0
Year 1 Jul 07 12:00 PM,101.2635618,101.2635618,0
Year 1 Jul 07 1:00 PM,108.0091905,108.0091905,0
Year 1 Jul 07 2:00 PM,123.2051301,123.2051301,0
Year 1 Jul 07 3:00 PM,97.01817118,97.01817118,0
Year 1 Jul 07 4:00 PM,75.0975755,75.0975755,0
Year 1 Jul 07 5:00 PM,45.17025873,45.17025873,0
Year 1 Jul 07 6:00 PM,35.76433819,35.76433819,0
Year 1 Jul 07 7:00 PM,18.24865493,18.24865493,0
Year 1 Jul 07 8:00 PM,2.421017471,2.421017471,0
Year 1 Jul 07 9:00 PM,0,0,0
Year 1 Jul 07 10:00 PM,0,0,0
Year 1 Jul 07 11:00 PM,0,0,0
Year 1 Jul 08 12:00 AM,0,0,0
Year 1 Jul 08 1:00 AM,0,0,0
Year 1 Jul 08 2:00 AM,0,0,0
Year 1 Jul 08 3:00 AM,0,0,0
Year 1 Jul 08 4:00 AM,0,0,0
Year 1 Jul 08 5:00 AM,4.251323292,4.251323292,0
Year 1 Jul 08 6:00 AM,18.23040547,18.23040547,0
Year 1 Jul 08 7:00 AM,41.36824375,41.36824375,0
Year 1 Jul 08 8:00 AM,72.81600869,72.81600869,0
Year 1 Jul 08 9:00 AM,92.2210168,92.2210168,0
Year 1 Jul 08 10:00 AM,92.09542673,92.09542673,0
Year 1 Jul 08 11:00 AM,104.9710644,104.9710644,0
Year 1 Jul 08 12:00 PM,113.5499447,113.5499447,0
Year 1 Jul 08 1:00 PM,73.27096852,73.27096852,0
Year 1 Jul 08 2:00 PM,78.22906345,78.22906345,0
Year 1 Jul 08 3:00 PM,113.0499717,113.0499717,0
Year 1 Jul 08 4:00 PM,79.23622018,79.23622018,0
Year 1 Jul 08 5:00 PM,69.02884771,69.02884771,0
Year 1 Jul 08 6:00 PM,48.25673213,48.25673213,0
Year 1 Jul 08 7:00 PM,17.13185433,17.13185433,0
Year 1 Jul 08 8:00 PM,1.692175001,1.692175001,0
Year 1 Jul 08 9:00 PM,0,0,0
Year 1 Jul 08 10:00 PM,0,0,0
Year 1 Jul 08 11:00 PM,0,0,0
Year 1 Jul 09 12:00 AM,0,0,0
Year 1 Jul 09 1:00 AM,0,0,0
Year 1 Jul 09 2:00 AM,0,0,0
Year 1 Jul 09 3:00 AM,0,0,0
Year 1 Jul 09 4:00 AM,0,0,0
Year 1 Jul 09 5:00 AM,5.864074345,5.864074345,0
Year 1 Jul 09 6:00 AM,23.13163462,23.13163462,0
Year 1 Jul 09 7:00 AM,43.96403919,43.96403919,0
Year 1 Jul 09 8:00 AM,74.25493757,74.25493757,0
Year 1 Jul 09 9:00 AM,108.7517676,108.7517676,0
Year 1 Jul 09 10:00 AM,148.285136,148.285136,0
Year 1 Jul 09 11:00 AM,153.4896294,153.4896294,0
Year 1 Jul 09 12:00 PM,123.3530051,123.3530051,0
Year 1 Jul 09 1:00 PM,91.25629682,91.25629682,0
Year 1 Jul 09 2:00 PM,96.10708128,96.10708128,0
Year 1 Jul 09 3:00 PM,94.75683962,94.75683962,0
Year 1 Jul 09 4:00 PM,98.3199672,98.3199672,0
Year 1 Jul 09 5:00 PM,66.35266364,66.35266364,0
Year 1 Jul 09 6:00 PM,43.79812094,43.79812094,0
Year 1 Jul 09 7:00 PM,21.44092731,21.44092731,0
Year 1 Jul 09 8:00 PM,2.435127593,2.435127593,0
Year 1 Jul 09 9:00 PM,0,0,0
Year 1 Jul 09 10:00 PM,0,0,0
Year 1 Jul 09 11:00 PM,0,0,0
Year 1 Jul 10 12:00 AM,0,0,0
Year 1 Jul 10 1:00 AM,0,0,0
Year 1 Jul 10 2:00 AM,0,0,0
Year 1 Jul 10 3:00 AM,0,0,0
Year 1 Jul 10 4:00 AM,0,0,0
Year 1 Jul 10 5:00 AM,5.034303716,5.034303716,0
Year 1 Jul 10 6:00 AM,21.64236269,21.64236269,0
Year 1 Jul 10 7:00 AM,47.88298394,47.88298394,0
Year 1 Jul 10 8:00 AM,91.10093317,91.10093317,0
Year 1 Jul 10 9:00 AM,110.4822888,110.4822888,0
Year 1 Jul 10 10:00 AM,136.4540829,136.4540829,0
Year 1 Jul 10 11:00 AM,133.7359787,133.7359787,0
Year 1 Jul 10 12:00 PM,119.6225058,119.6225058,0
Year 1 Jul 10 1:00 PM,147.4711514,147.4711514,0
Year 1 Jul 10 2:00 PM,146.5834357,146.5834357,0
Year 1 Jul 10 3:00 PM,98.25008971,98.25008971,0
Year 1 Jul 10 4:00 PM,81.05189846,81.05189846,0
Year 1 Jul 10 5:00 PM,79.09735009,79.09735009,0
Year 1 Jul 10 6:00 PM,50.00967028,50.00967028,0
Year 1 Jul 10 7:00 PM,20.91452089,20.91452089,0
Year 1 Jul 10 8:00 PM,2.482049317,2.482049317,0
Year 1 Jul 10 9:00 PM,0,0,0
Year 1 Jul 10 10:00 PM,0,0,0
Year 1 Jul 10 11:00 PM,0,0,0
Year 1 Jul 11 12:00 AM,0,0,0
Year 1 Jul 11 1:00 AM,0,0,0
Year 1 Jul 11 2:00 AM,0,0,0
Year 1 Jul 11 3:00 AM,0,0,0
Year 1 Jul 11 4:00 AM,0,0,0
Year 1 Jul 11 5:00 AM,5.654557459,5.654557459,0
Year 1 Jul 11 6:00 AM,27.31840339,27.31840339,0
Year 1 Jul 11 7:00 AM,54.41508116,54.41508116,0
Year 1 Jul 11 8:00 AM,79.3177195,79.3177195,0
Year 1 Jul 11 9:00 AM,75.5644639,75.5644639,0
Year 1 Jul 11 10:00 AM,89.47569172,89.47569172,0
Year 1 Jul 11 11:00 AM,116.6625752,116.6625752,0
Year 1 Jul 11 12:00 PM,160.8174837,160.8174837,0
Year 1 Jul 11 1:00 PM,157.6884093,157.6884093,0
Year 1 Jul 11 2:00 PM,146.7900678,146.7900678,0
Year 1 Jul 11 3:00 PM,119.3448895,119.3448895,0
Year 1 Jul 11 4:00 PM,93.67716409,93.67716409,0
Year 1 Jul 11 5:00 PM,75.45170578,75.45170578,0
Year 1 Jul 11 6:00 PM,52.28718666,52.28718666,0
Year 1 Jul 11 7:00 PM,20.86146034,20.86146034,0
Year 1 Jul 11 8:00 PM,2.34134416,2.34134416,0
Year 1 Jul 11 9:00 PM,0,0,0
Year 1 Jul 11 10:00 PM,0,0,0
Year 1 Jul 11 11:00 PM,0,0,0
Year 1 Jul 12 12:00 AM,0,0,0
Year 1 Jul 12 1:00 AM,0,0,0
Year 1 Jul 12 2:00 AM,0,0,0
Year 1 Jul 12 3:00 AM,0,0,0
Year 1 Jul 12 4:00 AM,0,0,0
Year 1 Jul 12 5:00 AM,5.909670011,5.909670011,0
Year 1 Jul 12 6:00 AM,26.01430595,26.01430595,0
Year 1 Jul 12 7:00 AM,38.248829,38.248829,0
Year 1 Jul 12 8:00 AM,79.33881129,79.33881129,0
Year 1 Jul 12 9:00 AM,79.68166312,79.68166312,0
Year 1 Jul 12 10:00 AM,138.1719823,138.1719823,0
Year 1 Jul 12 11:00 AM,121.7717492,121.7717492,0
Year 1 Jul 12 12:00 PM,127.9555121,127.9555121,0
Year 1 Jul 12 1:00 PM,123.4252861,123.4252861,0
Year 1 Jul 12 2:00 PM,120.9155151,120.9155151,0
Year 1 Jul 12 3:00 PM,109.6256009,109.6256009,0
Year 1 Jul 12 4:00 PM,70.20249281,70.20249281,0
Year 1 Jul 12 5:00 PM,75.94275232,75.94275232,0
Year 1 Jul 12 6:00 PM,51.48570812,51.48570812,0
Year 1 Jul 12 7:00 PM,25.5804781,25.5804781,0
Year 1 Jul 12 8:00 PM,2.590599086,2.590599086,0
Year 1 Jul 12 9:00 PM,0,0,0
Year 1 Jul 12 10:00 PM,0,0,0
Year 1 Jul 12 11:00 PM,0,0,0
Year 1 Jul 13 12:00 AM,0,0,0
Year 1 Jul 13 1:00 AM,0,0,0
Year 1 Jul 13 2:00 AM,0,0,0
Year 1 Jul 13 3:00 AM,0,0,0
Year 1 Jul 13 4:00 AM,0,0,0
Year 1 Jul 13 5:00 AM,5.288028274,5.288028274,0
Year 1 Jul 13 6:00 AM,26.31652798,26.31652798,0
Year 1 Jul 13 7:00 AM,45.35796575,45.35796575,0
Year 1 Jul 13 8:00 AM,59.53171334,59.53171334,0
Year 1 Jul 13 9:00 AM,65.97548557,65.97548557,0
Year 1 Jul 13 10:00 AM,68.50881805,68.50881805,0
Year 1 Jul 13 11:00 AM,63.87406398,63.87406398,0
Year 1 Jul 13 12:00 PM,59.10268817,59.10268817,0
Year 1 Jul 13 1:00 PM,69.08493951,69.08493951,0
Year 1 Jul 13 2:00 PM,74.46383361,74.46383361,0
Year 1 Jul 13 3:00 PM,72.31091576,72.31091576,0
Year 1 Jul 13 4:00 PM,67.52310182,67.52310182,0
Year 1 Jul 13 5:00 PM,56.48046698,56.48046698,0
Year 1 Jul 13 6:00 PM,39.96595967,39.96595967,0
Year 1 Jul 13 7:00 PM,21.39528592,21.39528592,0
Year 1 Jul 13 8:00 PM,2.66435586,2.66435586,0
Year 1 Jul 13 9:00 PM,0,0,0
Year 1 Jul 13 10:00 PM,0,0,0
Year 1 Jul 13 11:00 PM,0,0,0
Year 1 Jul 14 12:00 AM,0,0,0
Year 1 Jul 14 1:00 AM,0,0,0
Year 1 Jul 14 2:00 AM,0,0,0
Year 1 Jul 14 3:00 AM,0,0,0
Year 1 Jul 14 4:00 AM,0,0,0
Year 1 Jul 14 5:00 AM,4.915243166,4.915243166,0
Year 1 Jul 14 6:00 AM,27.57693072,27.57693072,0
Year 1 Jul 14 7:00 AM,57.05237339,57.05237339,0
Year 1 Jul 14 8:00 AM,82.06527851,82.06527851,0
Year 1 Jul 14 9:00 AM,106.097587,106.097587,0
Year 1 Jul 14 10:00 AM,100.1183992,100.1183992,0
Year 1 Jul 14 11:00 AM,101.649671,101.649671,0
Year 1 Jul 14 12:00 PM,87.7995862,87.7995862,0
Year 1 Jul 14 1:00 PM,78.80177906,78.80177906,0
Year 1 Jul 14 2:00 PM,56.37312472,56.37312472,0
Year 1 Jul 14 3:00 PM,72.40615688,72.40615688,0
Year 1 Jul 14 4:00 PM,73.11729444,73.11729444,0
Year 1 Jul 14 5:00 PM,68.62821773,68.62821773,0
Year 1 Jul 14 6:00 PM,45.06878584,45.06878584,0
Year 1 Jul 14 7:00 PM,21.00615196,21.00615196,0
Year 1 Jul 14 8:00 PM,2.221381356,2.221381356,0
Year 1 Jul 14 9:00 PM,0,0,0
Year 1 Jul 14 10:00 PM,0,0,0
Year 1 Jul 14 11:00 PM,0,0,0
Year 1 Jul 15 12:00 AM,0,0,0
Year 1 Jul 15 1:00 AM,0,0,0
Year 1 Jul 15 2:00 AM,0,0,0
Year 1 Jul 15 3:00 AM,0,0,0
Year 1 Jul 15 4:00 AM,0,0,0
Year 1 Jul 15 5:00 AM,5.535242358,5.535242358,0
Year 1 Jul 15 6:00 AM,27.00139664,27.00139664,0
Year 1 Jul 15 7:00 AM,47.45859637,47.45859637,0
Year 1 Jul 15 8:00 AM,72.46019329,72.46019329,0
Year 1 Jul 15 9:00 AM,105.6178497,105.6178497,0
Year 1 Jul 15 10:00 AM,106.946167,106.946167,0
Year 1 Jul 15 11:00 AM,103.5507404,103.5507404,0
Year 1 Jul 15 12:00 PM,92.89489837,92.89489837,0
Year 1 Jul 15 1:00 PM,97.33716393,97.33716393,0
Year 1 Jul 15 2:00 PM,103.4147935,103.4147935,0
Year 1 Jul 15 3:00 PM,101.0602349,101.0602349,0
Year 1 Jul 15 4:00 PM,84.00387508,84.00387508,0
Year 1 Jul 15 5:00 PM,65.08699095,65.08699095,0
Year 1 Jul 15 6:00 PM,31.39236411,31.39236411,0
Year 1 Jul 15 7:00 PM,14.20659229,14.20659229,0
Year 1 Jul 15 8:00 PM,1.38805902,1.38805902,0
Year 1 Jul 15 9:00 PM,0,0,0
Year 1 Jul 15 10:00 PM,0,0,0
Year 1 Jul 15 11:00 PM,0,0,0
Year 1 Jul 16 12:00 AM,0,0,0
Year 1 Jul 16 1:00 AM,0,0,0
Year 1 Jul 16 2:00 AM,0,0,0
Year 1 Jul 16 3:00 AM,0,0,0
Year 1 Jul 16 4:00 AM,0,0,0
Year 1 Jul 16 5:00 AM,5.297579875,5.297579875,0
Year 1 Jul 16 6:00 AM,24.56691585,24.56691585,0
Year 1 Jul 16 7:00 AM,40.79383888,40.79383888,0
Year 1 Jul 16 8:00 AM,50.14134881,50.14134881,0
Year 1 Jul 16 9:00 AM,56.96176757,56.96176757,0
Year 1 Jul 16 10:00 AM,60.4489006,60.4489006,0
Year 1 Jul 16 11:00 AM,54.22882701,54.22882701,0
Year 1 Jul 16 12:00 PM,54.59600112,54.59600112,0
Year 1 Jul 16 1:00 PM,68.17426705,68.17426705,0
Year 1 Jul 16 2:00 PM,82.34243713,82.34243713,0
Year 1 Jul 16 3:00 PM,84.00418263,84.00418263,0
Year 1 Jul 16 4:00 PM,62.08347992,62.08347992,0
Year 1 Jul 16 5:00 PM,50.61043879,50.61043879,0
Year 1 Jul 16 6:00 PM,37.47962813,37.47962813,0
Year 1 Jul 16 7:00 PM,19.52633169,19.52633169,0
Year 1 Jul 16 8:00 PM,2.524857746,2.524857746,0
Year 1 Jul 16 9:00 PM,0,0,0
Year 1 Jul 16 10:00 PM,0,0,0
Year 1 Jul 16 11:00 PM,0,0,0
Year 1 Jul 17 12:00 AM,0,0,0
Year 1 Jul 17 1:00 AM,0,0,0
Year 1 Jul 17 2:00 AM,0,0,0
Year 1 Jul 17 3:00 AM,0,0,0
Year 1 Jul 17 4:00 AM,0,0,0
Year 1 Jul 17 5:00 AM,5.220323538,5.220323538,0
Year 1 Jul 17 6:00 AM,28.48667384,28.48667384,0
Year 1 Jul 17 7:00 AM,54.85548061,54.85548061,0
Year 1 Jul 17 8:00 AM,76.40259095,76.40259095,0
Year 1 Jul 17 9:00 AM,88.39245565,88.39245565,0
Year 1 Jul 17 10:00 AM,92.53776916,92.53776916,0
Year 1 Jul 17 11:00 AM,95.3803561,95.3803561,0
Year 1 Jul 17 12:00 PM,105.4084255,105.4084255,0
Year 1 Jul 17 1:00 PM,100.6617369,100.6617369,0
Year 1 Jul 17 2:00 PM,105.8145717,105.8145717,0
Year 1 Jul 17 3:00 PM,106.0830114,106.0830114,0
Year 1 Jul 17 4:00 PM,93.21366859,93.21366859,0
Year 1 Jul 17 5:00 PM,76.04514254,76.04514254,0
Year 1 Jul 17 6:00 PM,45.45509276,45.45509276,0
Year 1 Jul 17 7:00 PM,18.50861238,18.50861238,0
Year 1 Jul 17 8:00 PM,1.266217128,1.266217128,0
Year 1 Jul 17 9:00 PM,0,0,0
Year 1 Jul 17 10:00 PM,0,0,0
Year 1 Jul 17 11:00 PM,0,0,0
Year 1 Jul 18 12:00 AM,0,0,0
Year 1 Jul 18 1:00 AM,0,0,0
Year 1 Jul 18 2:00 AM,0,0,0
Year 1 Jul 18 3:00 AM,0,0,0
Year 1 Jul 18 4:00 AM,0,0,0
Year 1 Jul 18 5:00 AM,4.856883348,4.856883348,0
Year 1 Jul 18 6:00 AM,25.12291577,25.12291577,0
Year 1 Jul 18 7:00 AM,48.25002875,48.25002875,0
Year 1 Jul 18 8:00 AM,67.47946367,67.47946367,0
Year 1 Jul 18 9:00 AM,78.49830195,78.49830195,0
Year 1 Jul 18 10:00 AM,80.20902943,80.20902943,0
Year 1 Jul 18 11:00 AM,75.99710136,75.99710136,0
Year 1 Jul 18 12:00 PM,71.88091978,71.88091978,0
Year 1 Jul 18 1:00 PM,72.61624275,72.61624275,0
Year 1 Jul 18 2:00 PM,77.16706079,77.16706079,0
Year 1 Jul 18 3:00 PM,80.41024654,80.41024654,0
Year 1 Jul 18 4:00 PM,76.56361611,76.56361611,0
Year 1 Jul 18 5:00 PM,64.40697245,64.40697245,0
Year 1 Jul 18 6:00 PM,45.16252458,45.16252458,0
Year 1 Jul 18 7:00 PM,21.08563813,21.08563813,0
Year 1 Jul 18 8:00 PM,1.384633431,1.384633431,0
Year 1 Jul 18 9:00 PM,0,0,0
Year 1 Jul 18 10:00 PM,0,0,0
Year 1 Jul 18 11:00 PM,0,0,0
Year 1 Jul 19 12:00 AM,0,0,0
Year 1 Jul 19 1:00 AM,0,0,0
Year 1 Jul 19 2:00 AM,0,0,0
Year 1 Jul 19 3:00 AM,0,0,0
Year 1 Jul 19 4:00 AM,0,0,0
Year 1 Jul 19 5:00 AM,5.367689197,5.367689197,0
Year 1 Jul 19 6:00 AM,30.84057187,30.84057187,0
Year 1 Jul 19 7:00 AM,55.05875626,55.05875626,0
Year 1 Jul 19 8:00 AM,72.27712224,72.27712224,0
Year 1 Jul 19 9:00 AM,94.2837059,94.2837059,0
Year 1 Jul 19 10:00 AM,127.1963475,127.1963475,0
Year 1 Jul 19 11:00 AM,137.6836035,137.6836035,0
Year 1 Jul 19 12:00 PM,128.7196375,128.7196375,0
Year 1 Jul 19 1:00 PM,112.3360059,112.3360059,0
Year 1 Jul 19 2:00 PM,100.0387471,100.0387471,0
Year 1 Jul 19 3:00 PM,93.0892676,93.0892676,0
Year 1 Jul 19 4:00 PM,82.00598334,82.00598334,0
Year 1 Jul 19 5:00 PM,73.34788884,73.34788884,0
Year 1 Jul 19 6:00 PM,46.98585064,46.98585064,0
Year 1 Jul 19 7:00 PM,8.445466876,8.445466876,0
Year 1 Jul 19 8:00 PM,0.443089428,0.443089428,0
Year 1 Jul 19 9:00 PM,0,0,0
Year 1 Jul 19 10:00 PM,0,0,0
Year 1 Jul 19 11:00 PM,0,0,0
Year 1 Jul 20 12:00 AM,0,0,0
Year 1 Jul 20 1:00 AM,0,0,0
Year 1 Jul 20 2:00 AM,0,0,0
Year 1 Jul 20 3:00 AM,0,0,0
Year 1 Jul 20 4:00 AM,0,0,0
Year 1 Jul 20 5:00 AM,4.785741114,4.785741114,0
Year 1 Jul 20 6:00 AM,26.12113464,26.12113464,0
Year 1 Jul 20 7:00 AM,53.2972832,53.2972832,0
Year 1 Jul 20 8:00 AM,79.0085733,79.0085733,0
Year 1 Jul 20 9:00 AM,86.65301154,86.65301154,0
Year 1 Jul 20 10:00 AM,93.44422585,93.44422585,0
Year 1 Jul 20 11:00 AM,93.41336171,93.41336171,0
Year 1 Jul 20 12:00 PM,90.98433203,90.98433203,0
Year 1 Jul 20 1:00 PM,80.32169458,80.32169458,0
Year 1 Jul 20 2:00 PM,87.20963803,87.20963803,0
Year 1 Jul 20 3:00 PM,87.38963693,87.38963693,0
Year 1 Jul 20 4:00 PM,85.20400755,85.20400755,0
Year 1 Jul 20 5:00 PM,70.72090324,70.72090324,0
Year 1 Jul 20 6:00 PM,47.61385636,47.61385636,0
Year 1 Jul 20 7:00 PM,20.78401027,20.78401027,0
Year 1 Jul 20 8:00 PM,1.324277779,1.324277779,0
Year 1 Jul 20 9:00 PM,0,0,0
Year 1 Jul 20 10:00 PM,0,0,0
Year 1 Jul 20 11:00 PM,0,0,0
Year 1 Jul 21 12:00 AM,0,0,0
Year 1 Jul 21 1:00 AM,0,0,0
Year 1 Jul 21 2:00 AM,0,0,0
Year 1 Jul 21 3:00 AM,0,0,0
Year 1 Jul 21 4:00 AM,0,0,0
Year 1 Jul 21 5:00 AM,4.41218852,4.41218852,0
Year 1 Jul 21 6:00 AM,20.89955575,20.89955575,0
Year 1 Jul 21 7:00 AM,32.96652097,32.96652097,0
Year 1 Jul 21 8:00 AM,41.22783708,41.22783708,0
Year 1 Jul 21 9:00 AM,45.81465646,45.81465646,0
Year 1 Jul 21 10:00 AM,57.03863084,57.03863084,0
Year 1 Jul 21 11:00 AM,48.20323313,48.20323313,0
Year 1 Jul 21 12:00 PM,55.62925063,55.62925063,0
Year 1 Jul 21 1:00 PM,55.189658,55.189658,0
Year 1 Jul 21 2:00 PM,54.65384694,54.65384694,0
Year 1 Jul 21 3:00 PM,95.18099989,95.18099989,0
Year 1 Jul 21 4:00 PM,96.44625742,96.44625742,0
Year 1 Jul 21 5:00 PM,47.65693955,47.65693955,0
Year 1 Jul 21 6:00 PM,30.3991918,30.3991918,0
Year 1 Jul 21 7:00 PM,17.1455652,17.1455652,0
Year 1 Jul 21 8:00 PM,1.206517792,1.206517792,0
Year 1 Jul 21 9:00 PM,0,0,0
Year 1 Jul 21 10:00 PM,0,0,0
Year 1 Jul 21 11:00 PM,0,0,0
Year 1 Jul 22 12:00 AM,0,0,0
Year 1 Jul 22 1:00 AM,0,0,0
Year 1 Jul 22 2:00 AM,0,0,0
Year 1 Jul 22 3:00 AM,0,0,0
Year 1 Jul 22 4:00 AM,0,0,0
Year 1 Jul 22 5:00 AM,4.732376814,4.732376814,0
Year 1 Jul 22 6:00 AM,24.93139981,24.93139981,0
Year 1 Jul 22 7:00 AM,43.73640132,43.73640132,0
Year 1 Jul 22 8:00 AM,60.90361862,60.90361862,0
Year 1 Jul 22 9:00 AM,71.65386992,71.65386992,0
Year 1 Jul 22 10:00 AM,85.6533608,85.6533608,0
Year 1 Jul 22 11:00 AM,104.0088282,104.0088282,0
Year 1 Jul 22 12:00 PM,93.55390269,93.55390269,0
Year 1 Jul 22 1:00 PM,108.0723406,108.0723406,0
Year 1 Jul 22 2:00 PM,108.8521284,108.8521284,0
Year 1 Jul 22 3:00 PM,96.882722,96.882722,0
Year 1 Jul 22 4:00 PM,90.51758348,90.51758348,0
Year 1 Jul 22 5:00 PM,75.72012933,75.72012933,0
Year 1 Jul 22 6:00 PM,45.58152838,45.58152838,0
Year 1 Jul 22 7:00 PM,18.03531679,18.03531679,0
Year 1 Jul 22 8:00 PM,1.162196716,1.162196716,0
Year 1 Jul 22 9:00 PM,0,0,0
Year 1 Jul 22 10:00 PM,0,0,0
Year 1 Jul 22 11:00 PM,0,0,0
Year 1 Jul 23 12:00 AM,0,0,0
Year 1 Jul 23 1:00 AM,0,0,0
Year 1 Jul 23 2:00 AM,0,0,0
Year 1 Jul 23 3:00 AM,0,0,0
Year 1 Jul 23 4:00 AM,0,0,0
Year 1 Jul 23 5:00 AM,3.551540085,3.551540085,0
Year 1 Jul 23 6:00 AM,25.08949291,25.08949291,0
Year 1 Jul 23 7:00 AM,48.52569554,48.52569554,0
Year 1 Jul 23 8:00 AM,65.48865887,65.48865887,0
Year 1 Jul 23 9:00 AM,77.33192541,77.33192541,0
Year 1 Jul 23 10:00 AM,98.42567874,98.42567874,0
Year 1 Jul 23 11:00 AM,97.17391614,97.17391614,0
Year 1 Jul 23 12:00 PM,83.57978841,83.57978841,0
Year 1 Jul 23 1:00 PM,80.94177397,80.94177397,0
Year 1 Jul 23 2:00 PM,98.20506768,98.20506768,0
Year 1 Jul 23 3:00 PM,98.78547427,98.78547427,0
Year 1 Jul 23 4:00 PM,85.06060497,85.06060497,0
Year 1 Jul 23 5:00 PM,69.24784304,69.24784304,0
Year 1 Jul 23 6:00 PM,47.34796126,47.34796126,0
Year 1 Jul 23 7:00 PM,18.43552129,18.43552129,0
Year 1 Jul 23 8:00 PM,1.096450106,1.096450106,0
Year 1 Jul 23 9:00 PM,0,0,0
Year 1 Jul 23 10:00 PM,0,0,0
Year 1 Jul 23 11:00 PM,0,0,0
Year 1 Jul 24 12:00 AM,0,0,0
Year 1 Jul 24 1:00 AM,0,0,0
Year 1 Jul 24 2:00 AM,0,0,0
Year 1 Jul 24 3:00 AM,0,0,0
Year 1 Jul 24 4:00 AM,0,0,0
Year 1 Jul 24 5:00 AM,3.117179826,3.117179826,0
Year 1 Jul 24 6:00 AM,23.74128266,23.74128266,0
Year 1 Jul 24 7:00 AM,47.84403671,47.84403671,0
Year 1 Jul 24 8:00 AM,71.31154014,71.31154014,0
Year 1 Jul 24 9:00 AM,96.51832532,96.51832532,0
Year 1 Jul 24 10:00 AM,118.5991357,118.5991357,0
Year 1 Jul 24 11:00 AM,113.8702503,113.8702503,0
Year 1 Jul 24 12:00 PM,96.69959175,96.69959175,0
Year 1 Jul 24 1:00 PM,112.9228322,112.9228322,0
Year 1 Jul 24 2:00 PM,111.70966,111.70966,0
Year 1 Jul 24 3:00 PM,89.38990157,89.38990157,0
Year 1 Jul 24 4:00 PM,77.4848055,77.4848055,0
Year 1 Jul 24 5:00 PM,66.02215392,66.02215392,0
Year 1 Jul 24 6:00 PM,42.01524742,42.01524742,0
Year 1 Jul 24 7:00 PM,18.4130713,18.4130713,0
Year 1 Jul 24 8:00 PM,1.104086567,1.104086567,0
Year 1 Jul 24 9:00 PM,0,0,0
Year 1 Jul 24 10:00 PM,0,0,0
Year 1 Jul 24 11:00 PM,0,0,0
Year 1 Jul 25 12:00 AM,0,0,0
Year 1 Jul 25 1:00 AM,0,0,0
Year 1 Jul 25 2:00 AM,0,0,0
Year 1 Jul 25 3:00 AM,0,0,0
Year 1 Jul 25 4:00 AM,0,0,0
Year 1 Jul 25 5:00 AM,1.530931776,1.530931776,0
Year 1 Jul 25 6:00 AM,12.14871922,12.14871922,0
Year 1 Jul 25 7:00 AM,31.34600491,31.34600491,0
Year 1 Jul 25 8:00 AM,66.71252483,66.71252483,0
Year 1 Jul 25 9:00 AM,93.4718002,93.4718002,0
Year 1 Jul 25 10:00 AM,120.6517878,120.6517878,0
Year 1 Jul 25 11:00 AM,123.9943955,123.9943955,0
Year 1 Jul 25 12:00 PM,130.7106771,130.7106771,0
Year 1 Jul 25 1:00 PM,96.4800781,96.4800781,0
Year 1 Jul 25 2:00 PM,78.74512081,78.74512081,0
Year 1 Jul 25 3:00 PM,102.3121329,102.3121329,0
Year 1 Jul 25 4:00 PM,58.85356447,58.85356447,0
Year 1 Jul 25 5:00 PM,47.11103729,47.11103729,0
Year 1 Jul 25 6:00 PM,35.80043001,35.80043001,0
Year 1 Jul 25 7:00 PM,19.56140326,19.56140326,0
Year 1 Jul 25 8:00 PM,1.176164009,1.176164009,0
Year 1 Jul 25 9:00 PM,0,0,0
Year 1 Jul 25 10:00 PM,0,0,0
Year 1 Jul 25 11:00 PM,0,0,0
Year 1 Jul 26 12:00 AM,0,0,0
Year 1 Jul 26 1:00 AM,0,0,0
Year 1 Jul 26 2:00 AM,0,0,0
Year 1 Jul 26 3:00 AM,0,0,0
Year 1 Jul 26 4:00 AM,0,0,0
Year 1 Jul 26 5:00 AM,3.046893958,3.046893958,0
Year 1 Jul 26 6:00 AM,21.67416546,21.67416546,0
Year 1 Jul 26 7:00 AM,47.07182969,47.07182969,0
Year 1 Jul 26 8:00 AM,78.17886782,78.17886782,0
Year 1 Jul 26 9:00 AM,77.45275317,77.45275317,0
Year 1 Jul 26 10:00 AM,65.6865498,65.6865498,0
Year 1 Jul 26 11:00 AM,76.15278739,76.15278739,0
Year 1 Jul 26 12:00 PM,69.18522538,69.18522538,0
Year 1 Jul 26 1:00 PM,60.33266937,60.33266937,0
Year 1 Jul 26 2:00 PM,81.29940473,81.29940473,0
Year 1 Jul 26 3:00 PM,90.60395674,90.60395674,0
Year 1 Jul 26 4:00 PM,102.125811,102.125811,0
Year 1 Jul 26 5:00 PM,70.26317605,70.26317605,0
Year 1 Jul 26 6:00 PM,42.5783315,42.5783315,0
Year 1 Jul 26 7:00 PM,19.75356065,19.75356065,0
Year 1 Jul 26 8:00 PM,1.261605994,1.261605994,0
Year 1 Jul 26 9:00 PM,0,0,0
Year 1 Jul 26 10:00 PM,0,0,0
Year 1 Jul 26 11:00 PM,0,0,0
Year 1 Jul 27 12:00 AM,0,0,0
Year 1 Jul 27 1:00 AM,0,0,0
Year 1 Jul 27 2:00 AM,0,0,0
Year 1 Jul 27 3:00 AM,0,0,0
Year 1 Jul 27 4:00 AM,0,0,0
Year 1 Jul 27 5:00 AM,3.150644578,3.150644578,0
Year 1 Jul 27 6:00 AM,22.40648037,22.40648037,0
Year 1 Jul 27 7:00 AM,40.58754999,40.58754999,0
Year 1 Jul 27 8:00 AM,52.38013256,52.38013256,0
Year 1 Jul 27 9:00 AM,59.53370693,59.53370693,0
Year 1 Jul 27 10:00 AM,60.77692605,60.77692605,0
Year 1 Jul 27 11:00 AM,57.87504173,57.87504173,0
Year 1 Jul 27 12:00 PM,54.79621059,54.79621059,0
Year 1 Jul 27 1:00 PM,57.60810008,57.60810008,0
Year 1 Jul 27 2:00 PM,70.97034738,70.97034738,0
Year 1 Jul 27 3:00 PM,71.59694073,71.59694073,0
Year 1 Jul 27 4:00 PM,81.39782028,81.39782028,0
Year 1 Jul 27 5:00 PM,71.29514989,71.29514989,0
Year 1 Jul 27 6:00 PM,42.27611537,42.27611537,0
Year 1 Jul 27 7:00 PM,16.82462304,16.82462304,0
Year 1 Jul 27 8:00 PM,0.997005447,0.997005447,0
Year 1 Jul 27 9:00 PM,0,0,0
Year 1 Jul 27 10:00 PM,0,0,0
Year 1 Jul 27 11:00 PM,0,0,0
Year 1 Jul 28 12:00 AM,0,0,0
Year 1 Jul 28 1:00 AM,0,0,0
Year 1 Jul 28 2:00 AM,0,0,0
Year 1 Jul 28 3:00 AM,0,0,0
Year 1 Jul 28 4:00 AM,0,0,0
Year 1 Jul 28 5:00 AM,1.638802323,1.638802323,0
Year 1 Jul 28 6:00 AM,15.37818468,15.37818468,0
Year 1 Jul 28 7:00 AM,46.09503237,46.09503237,0
Year 1 Jul 28 8:00 AM,82.46138822,82.46138822,0
Year 1 Jul 28 9:00 AM,100.9508607,100.9508607,0
Year 1 Jul 28 10:00 AM,105.3902221,105.3902221,0
Year 1 Jul 28 11:00 AM,97.62118756,97.62118756,0
Year 1 Jul 28 12:00 PM,122.3264004,122.3264004,0
Year 1 Jul 28 1:00 PM,108.5467761,108.5467761,0
Year 1 Jul 28 2:00 PM,119.5214107,119.5214107,0
Year 1 Jul 28 3:00 PM,106.604453,106.604453,0
Year 1 Jul 28 4:00 PM,90.99117487,90.99117487,0
Year 1 Jul 28 5:00 PM,64.0865157,64.0865157,0
Year 1 Jul 28 6:00 PM,39.38593206,39.38593206,0
Year 1 Jul 28 7:00 PM,17.52516359,17.52516359,0
Year 1 Jul 28 8:00 PM,1.063915451,1.063915451,0
Year 1 Jul 28 9:00 PM,0,0,0
Year 1 Jul 28 10:00 PM,0,0,0
Year 1 Jul 28 11:00 PM,0,0,0
Year 1 Jul 29 12:00 AM,0,0,0
Year 1 Jul 29 1:00 AM,0,0,0
Year 1 Jul 29 2:00 AM,0,0,0
Year 1 Jul 29 3:00 AM,0,0,0
Year 1 Jul 29 4:00 AM,0,0,0
Year 1 Jul 29 5:00 AM,2.710327722,2.710327722,0
Year 1 Jul 29 6:00 AM,20.91411769,20.91411769,0
Year 1 Jul 29 7:00 AM,37.76367698,37.76367698,0
Year 1 Jul 29 8:00 AM,46.86647071,46.86647071,0
Year 1 Jul 29 9:00 AM,57.71888975,57.71888975,0
Year 1 Jul 29 10:00 AM,73.26729271,73.26729271,0
Year 1 Jul 29 11:00 AM,53.90262387,53.90262387,0
Year 1 Jul 29 12:00 PM,49.91885484,49.91885484,0
Year 1 Jul 29 1:00 PM,50.44088834,50.44088834,0
Year 1 Jul 29 2:00 PM,53.61062654,53.61062654,0
Year 1 Jul 29 3:00 PM,56.21119469,56.21119469,0
Year 1 Jul 29 4:00 PM,53.97591902,53.97591902,0
Year 1 Jul 29 5:00 PM,45.12815672,45.12815672,0
Year 1 Jul 29 6:00 PM,33.85479956,33.85479956,0
Year 1 Jul 29 7:00 PM,16.11143727,16.11143727,0
Year 1 Jul 29 8:00 PM,0,0,0
Year 1 Jul 29 9:00 PM,0,0,0
Year 1 Jul 29 10:00 PM,0,0,0
Year 1 Jul 29 11:00 PM,0,0,0
Year 1 Jul 30 12:00 AM,0,0,0
Year 1 Jul 30 1:00 AM,0,0,0
Year 1 Jul 30 2:00 AM,0,0,0
Year 1 Jul 30 3:00 AM,0,0,0
Year 1 Jul 30 4:00 AM,0,0,0
Year 1 Jul 30 5:00 AM,1.912811857,1.912811857,0
Year 1 Jul 30 6:00 AM,17.57553674,17.57553674,0
Year 1 Jul 30 7:00 AM,48.57571515,48.57571515,0
Year 1 Jul 30 8:00 AM,81.77873141,81.77873141,0
Year 1 Jul 30 9:00 AM,105.9283085,105.9283085,0
Year 1 Jul 30 10:00 AM,105.4560534,105.4560534,0
Year 1 Jul 30 11:00 AM,97.03685095,97.03685095,0
Year 1 Jul 30 12:00 PM,90.54353807,90.54353807,0
Year 1 Jul 30 1:00 PM,93.86147933,93.86147933,0
Year 1 Jul 30 2:00 PM,123.6080806,123.6080806,0
Year 1 Jul 30 3:00 PM,89.49863392,89.49863392,0
Year 1 Jul 30 4:00 PM,89.39796635,89.39796635,0
Year 1 Jul 30 5:00 PM,62.57036103,62.57036103,0
Year 1 Jul 30 6:00 PM,39.4122282,39.4122282,0
Year 1 Jul 30 7:00 PM,16.39016892,16.39016892,0
Year 1 Jul 30 8:00 PM,0,0,0
Year 1 Jul 30 9:00 PM,0,0,0
Year 1 Jul 30 10:00 PM,0,0,0
Year 1 Jul 30 11:00 PM,0,0,0
Year 1 Jul 31 12:00 AM,0,0,0
Year 1 Jul 31 1:00 AM,0,0,0
Year 1 Jul 31 2:00 AM,0,0,0
Year 1 Jul 31 3:00 AM,0,0,0
Year 1 Jul 31 4:00 AM,0,0,0
Year 1 Jul 31 5:00 AM,1.792301968,1.792301968,0
Year 1 Jul 31 6:00 AM,18.08308068,18.08308068,0
Year 1 Jul 31 7:00 AM,51.16319342,51.16319342,0
Year 1 Jul 31 8:00 AM,72.67668754,72.67668754,0
Year 1 Jul 31 9:00 AM,85.87153994,85.87153994,0
Year 1 Jul 31 10:00 AM,90.75789277,90.75789277,0
Year 1 Jul 31 11:00 AM,87.85882277,87.85882277,0
Year 1 Jul 31 12:00 PM,85.99864681,85.99864681,0
Year 1 Jul 31 1:00 PM,101.1466149,101.1466149,0
Year 1 Jul 31 2:00 PM,129.4793358,129.4793358,0
Year 1 Jul 31 3:00 PM,134.6293138,134.6293138,0
Year 1 Jul 31 4:00 PM,108.1998871,108.1998871,0
Year 1 Jul 31 5:00 PM,78.58897817,78.58897817,0
Year 1 Jul 31 6:00 PM,42.8087103,42.8087103,0
Year 1 Jul 31 7:00 PM,12.0202684,12.0202684,0
Year 1 Jul 31 8:00 PM,0,0,0
Year 1 Jul 31 9:00 PM,0,0,0
Year 1 Jul 31 10:00 PM,0,0,0
Year 1 Jul 31 11:00 PM,0,0,0
Year 1 Aug 01 12:00 AM,0,0,0
Year 1 Aug 01 1:00 AM,0,0,0
Year 1 Aug 01 2:00 AM,0,0,0
Year 1 Aug 01 3:00 AM,0,0,0
Year 1 Aug 01 4:00 AM,0,0,0
Year 1 Aug 01 5:00 AM,1.673293567,1.673293567,0
Year 1 Aug 01 6:00 AM,17.89380645,17.89380645,0
Year 1 Aug 01 7:00 AM,51.84897625,51.84897625,0
Year 1 Aug 01 8:00 AM,75.63433309,75.63433309,0
Year 1 Aug 01 9:00 AM,71.15831238,71.15831238,0
Year 1 Aug 01 10:00 AM,59.01057079,59.01057079,0
Year 1 Aug 01 11:00 AM,51.06699336,51.06699336,0
Year 1 Aug 01 12:00 PM,48.65600282,48.65600282,0
Year 1 Aug 01 1:00 PM,53.50694557,53.50694557,0
Year 1 Aug 01 2:00 PM,69.28115926,69.28115926,0
Year 1 Aug 01 3:00 PM,56.85770787,56.85770787,0
Year 1 Aug 01 4:00 PM,52.03649006,52.03649006,0
Year 1 Aug 01 5:00 PM,42.14114172,42.14114172,0
Year 1 Aug 01 6:00 PM,31.56966357,31.56966357,0
Year 1 Aug 01 7:00 PM,15.42815163,15.42815163,0
Year 1 Aug 01 8:00 PM,0,0,0
Year 1 Aug 01 9:00 PM,0,0,0
Year 1 Aug 01 10:00 PM,0,0,0
Year 1 Aug 01 11:00 PM,0,0,0
Year 1 Aug 02 12:00 AM,0,0,0
Year 1 Aug 02 1:00 AM,0,0,0
Year 1 Aug 02 2:00 AM,0,0,0
Year 1 Aug 02 3:00 AM,0,0,0
Year 1 Aug 02 4:00 AM,0,0,0
Year 1 Aug 02 5:00 AM,1.590178045,1.590178045,0
Year 1 Aug 02 6:00 AM,19.62646034,19.62646034,0
Year 1 Aug 02 7:00 AM,37.36178958,37.36178958,0
Year 1 Aug 02 8:00 AM,47.25322337,47.25322337,0
Year 1 Aug 02 9:00 AM,55.89212809,55.89212809,0
Year 1 Aug 02 10:00 AM,60.30421736,60.30421736,0
Year 1 Aug 02 11:00 AM,57.64010376,57.64010376,0
Year 1 Aug 02 12:00 PM,54.341042,54.341042,0
Year 1 Aug 02 1:00 PM,52.01536072,52.01536072,0
Year 1 Aug 02 2:00 PM,54.5593295,54.5593295,0
Year 1 Aug 02 3:00 PM,56.97756254,56.97756254,0
Year 1 Aug 02 4:00 PM,53.55210988,53.55210988,0
Year 1 Aug 02 5:00 PM,45.26466103,45.26466103,0
Year 1 Aug 02 6:00 PM,33.51009125,33.51009125,0
Year 1 Aug 02 7:00 PM,15.54659958,15.54659958,0
Year 1 Aug 02 8:00 PM,0,0,0
Year 1 Aug 02 9:00 PM,0,0,0
Year 1 Aug 02 10:00 PM,0,0,0
Year 1 Aug 02 11:00 PM,0,0,0
Year 1 Aug 03 12:00 AM,0,0,0
Year 1 Aug 03 1:00 AM,0,0,0
Year 1 Aug 03 2:00 AM,0,0,0
Year 1 Aug 03 3:00 AM,0,0,0
Year 1 Aug 03 4:00 AM,0,0,0
Year 1 Aug 03 5:00 AM,1.624809554,1.624809554,0
Year 1 Aug 03 6:00 AM,22.36324515,22.36324515,0
Year 1 Aug 03 7:00 AM,45.83835635,45.83835635,0
Year 1 Aug 03 8:00 AM,62.0697848,62.0697848,0
Year 1 Aug 03 9:00 AM,80.42953456,80.42953456,0
Year 1 Aug 03 10:00 AM,84.85480093,84.85480093,0
Year 1 Aug 03 11:00 AM,97.12073712,97.12073712,0
Year 1 Aug 03 12:00 PM,98.21427761,98.21427761,0
Year 1 Aug 03 1:00 PM,98.018977,98.018977,0
Year 1 Aug 03 2:00 PM,93.31396698,93.31396698,0
Year 1 Aug 03 3:00 PM,91.37505885,91.37505885,0
Year 1 Aug 03 4:00 PM,83.4724467,83.4724467,0
Year 1 Aug 03 5:00 PM,70.39701874,70.39701874,0
Year 1 Aug 03 6:00 PM,42.93064756,42.93064756,0
Year 1 Aug 03 7:00 PM,15.65643809,15.65643809,0
Year 1 Aug 03 8:00 PM,0,0,0
Year 1 Aug 03 9:00 PM,0,0,0
Year 1 Aug 03 10:00 PM,0,0,0
Year 1 Aug 03 11:00 PM,0,0,0
Year 1 Aug 04 12:00 AM,0,0,0
Year 1 Aug 04 1:00 AM,0,0,0
Year 1 Aug 04 2:00 AM,0,0,0
Year 1 Aug 04 3:00 AM,0,0,0
Year 1 Aug 04 4:00 AM,0,0,0
Year 1 Aug 04 5:00 AM,1.00390308,1.00390308,0
Year 1 Aug 04 6:00 AM,15.93834902,15.93834902,0
Year 1 Aug 04 7:00 AM,36.87559678,36.87559678,0
Year 1 Aug 04 8:00 AM,46.48263989,46.48263989,0
Year 1 Aug 04 9:00 AM,88.28868611,88.28868611,0
Year 1 Aug 04 10:00 AM,117.4099704,117.4099704,0
Year 1 Aug 04 11:00 AM,137.9125778,137.9125778,0
Year 1 Aug 04 12:00 PM,137.9185044,137.9185044,0
Year 1 Aug 04 1:00 PM,93.22025495,93.22025495,0
Year 1 Aug 04 2:00 PM,81.87644304,81.87644304,0
Year 1 Aug 04 3:00 PM,81.81173611,81.81173611,0
Year 1 Aug 04 4:00 PM,76.37734093,76.37734093,0
Year 1 Aug 04 5:00 PM,62.69722043,62.69722043,0
Year 1 Aug 04 6:00 PM,40.31400006,40.31400006,0
Year 1 Aug 04 7:00 PM,14.34290599,14.34290599,0
Year 1 Aug 04 8:00 PM,0,0,0
Year 1 Aug 04 9:00 PM,0,0,0
Year 1 Aug 04 10:00 PM,0,0,0
Year 1 Aug 04 11:00 PM,0,0,0
Year 1 Aug 05 12:00 AM,0,0,0
Year 1 Aug 05 1:00 AM,0,0,0
Year 1 Aug 05 2:00 AM,0,0,0
Year 1 Aug 05 3:00 AM,0,0,0
Year 1 Aug 05 4:00 AM,0,0,0
Year 1 Aug 05 5:00 AM,1.024343731,1.024343731,0
Year 1 Aug 05 6:00 AM,16.83660336,16.83660336,0
Year 1 Aug 05 7:00 AM,43.55201888,43.55201888,0
Year 1 Aug 05 8:00 AM,63.84039032,63.84039032,0
Year 1 Aug 05 9:00 AM,75.1839673,75.1839673,0
Year 1 Aug 05 10:00 AM,56.10441833,56.10441833,0
Year 1 Aug 05 11:00 AM,82.80146396,82.80146396,0
Year 1 Aug 05 12:00 PM,52.24690565,52.24690565,0
Year 1 Aug 05 1:00 PM,97.73730117,97.73730117,0
Year 1 Aug 05 2:00 PM,99.45724295,99.45724295,0
Year 1 Aug 05 3:00 PM,78.04872926,78.04872926,0
Year 1 Aug 05 4:00 PM,64.57506382,64.57506382,0
Year 1 Aug 05 5:00 PM,38.32004343,38.32004343,0
Year 1 Aug 05 6:00 PM,26.590296,26.590296,0
Year 1 Aug 05 7:00 PM,13.48687417,13.48687417,0
Year 1 Aug 05 8:00 PM,0,0,0
Year 1 Aug 05 9:00 PM,0,0,0
Year 1 Aug 05 10:00 PM,0,0,0
Year 1 Aug 05 11:00 PM,0,0,0
Year 1 Aug 06 12:00 AM,0,0,0
Year 1 Aug 06 1:00 AM,0,0,0
Year 1 Aug 06 2:00 AM,0,0,0
Year 1 Aug 06 3:00 AM,0,0,0
Year 1 Aug 06 4:00 AM,0,0,0
Year 1 Aug 06 5:00 AM,1.342598799,1.342598799,0
Year 1 Aug 06 6:00 AM,18.05728329,18.05728329,0
Year 1 Aug 06 7:00 AM,31.55124797,31.55124797,0
Year 1 Aug 06 8:00 AM,47.87341608,47.87341608,0
Year 1 Aug 06 9:00 AM,80.92065335,80.92065335,0
Year 1 Aug 06 10:00 AM,103.0191485,103.0191485,0
Year 1 Aug 06 11:00 AM,86.34392851,86.34392851,0
Year 1 Aug 06 12:00 PM,103.1678789,103.1678789,0
Year 1 Aug 06 1:00 PM,133.9053533,133.9053533,0
Year 1 Aug 06 2:00 PM,116.6195334,116.6195334,0
Year 1 Aug 06 3:00 PM,94.26124226,94.26124226,0
Year 1 Aug 06 4:00 PM,93.15406791,93.15406791,0
Year 1 Aug 06 5:00 PM,60.85794446,60.85794446,0
Year 1 Aug 06 6:00 PM,42.01086031,42.01086031,0
Year 1 Aug 06 7:00 PM,14.71101804,14.71101804,0
Year 1 Aug 06 8:00 PM,0,0,0
Year 1 Aug 06 9:00 PM,0,0,0
Year 1 Aug 06 10:00 PM,0,0,0
Year 1 Aug 06 11:00 PM,0,0,0
Year 1 Aug 07 12:00 AM,0,0,0
Year 1 Aug 07 1:00 AM,0,0,0
Year 1 Aug 07 2:00 AM,0,0,0
Year 1 Aug 07 3:00 AM,0,0,0
Year 1 Aug 07 4:00 AM,0,0,0
Year 1 Aug 07 5:00 AM,1.2640745,1.2640745,0
Year 1 Aug 07 6:00 AM,18.41962157,18.41962157,0
Year 1 Aug 07 7:00 AM,35.51613931,35.51613931,0
Year 1 Aug 07 8:00 AM,48.99159997,48.99159997,0
Year 1 Aug 07 9:00 AM,53.91985058,53.91985058,0
Year 1 Aug 07 10:00 AM,63.02643021,63.02643021,0
Year 1 Aug 07 11:00 AM,77.1134515,77.1134515,0
Year 1 Aug 07 12:00 PM,109.8360517,109.8360517,0
Year 1 Aug 07 1:00 PM,91.41549505,91.41549505,0
Year 1 Aug 07 2:00 PM,76.75756802,76.75756802,0
Year 1 Aug 07 3:00 PM,63.97889614,63.97889614,0
Year 1 Aug 07 4:00 PM,63.22324451,63.22324451,0
Year 1 Aug 07 5:00 PM,63.16150983,63.16150983,0
Year 1 Aug 07 6:00 PM,33.72740266,33.72740266,0
Year 1 Aug 07 7:00 PM,11.81941061,11.81941061,0
Year 1 Aug 07 8:00 PM,0,0,0
Year 1 Aug 07 9:00 PM,0,0,0
Year 1 Aug 07 10:00 PM,0,0,0
Year 1 Aug 07 11:00 PM,0,0,0
Year 1 Aug 08 12:00 AM,0,0,0
Year 1 Aug 08 1:00 AM,0,0,0
Year 1 Aug 08 2:00 AM,0,0,0
Year 1 Aug 08 3:00 AM,0,0,0
Year 1 Aug 08 4:00 AM,0,0,0
Year 1 Aug 08 5:00 AM,1.349987663,1.349987663,0
Year 1 Aug 08 6:00 AM,17.97771752,17.97771752,0
Year 1 Aug 08 7:00 AM,36.58208627,36.58208627,0
Year 1 Aug 08 8:00 AM,47.11037809,47.11037809,0
Year 1 Aug 08 9:00 AM,56.70719943,56.70719943,0
Year 1 Aug 08 10:00 AM,80.03817637,80.03817637,0
Year 1 Aug 08 11:00 AM,111.8515202,111.8515202,0
Year 1 Aug 08 12:00 PM,92.40447157,92.40447157,0
Year 1 Aug 08 1:00 PM,83.88511896,83.88511896,0
Year 1 Aug 08 2:00 PM,106.5793499,106.5793499,0
Year 1 Aug 08 3:00 PM,119.6891363,119.6891363,0
Year 1 Aug 08 4:00 PM,92.02116473,92.02116473,0
Year 1 Aug 08 5:00 PM,73.24373055,73.24373055,0
Year 1 Aug 08 6:00 PM,43.76418238,43.76418238,0
Year 1 Aug 08 7:00 PM,7.477975594,7.477975594,0
Year 1 Aug 08 8:00 PM,0,0,0
Year 1 Aug 08 9:00 PM,0,0,0
Year 1 Aug 08 10:00 PM,0,0,0
Year 1 Aug 08 11:00 PM,0,0,0
Year 1 Aug 09 12:00 AM,0,0,0
Year 1 Aug 09 1:00 AM,0,0,0
Year 1 Aug 09 2:00 AM,0,0,0
Year 1 Aug 09 3:00 AM,0,0,0
Year 1 Aug 09 4:00 AM,0,0,0
Year 1 Aug 09 5:00 AM,1.355177602,1.355177602,0
Year 1 Aug 09 6:00 AM,18.23926455,18.23926455,0
Year 1 Aug 09 7:00 AM,37.27412353,37.27412353,0
Year 1 Aug 09 8:00 AM,60.32763147,60.32763147,0
Year 1 Aug 09 9:00 AM,60.13630077,60.13630077,0
Year 1 Aug 09 10:00 AM,63.07086165,63.07086165,0
Year 1 Aug 09 11:00 AM,62.51892844,62.51892844,0
Year 1 Aug 09 12:00 PM,72.15124341,72.15124341,0
Year 1 Aug 09 1:00 PM,104.8080277,104.8080277,0
Year 1 Aug 09 2:00 PM,125.3365095,125.3365095,0
Year 1 Aug 09 3:00 PM,125.263594,125.263594,0
Year 1 Aug 09 4:00 PM,78.43314729,78.43314729,0
Year 1 Aug 09 5:00 PM,63.37035518,63.37035518,0
Year 1 Aug 09 6:00 PM,34.90216996,34.90216996,0
Year 1 Aug 09 7:00 PM,8.553247628,8.553247628,0
Year 1 Aug 09 8:00 PM,0,0,0
Year 1 Aug 09 9:00 PM,0,0,0
Year 1 Aug 09 10:00 PM,0,0,0
Year 1 Aug 09 11:00 PM,0,0,0
Year 1 Aug 10 12:00 AM,0,0,0
Year 1 Aug 10 1:00 AM,0,0,0
Year 1 Aug 10 2:00 AM,0,0,0
Year 1 Aug 10 3:00 AM,0,0,0
Year 1 Aug 10 4:00 AM,0,0,0
Year 1 Aug 10 5:00 AM,1.132336274,1.132336274,0
Year 1 Aug 10 6:00 AM,18.98338178,18.98338178,0
Year 1 Aug 10 7:00 AM,44.4341588,44.4341588,0
Year 1 Aug 10 8:00 AM,64.51362504,64.51362504,0
Year 1 Aug 10 9:00 AM,77.59984499,77.59984499,0
Year 1 Aug 10 10:00 AM,92.68708605,92.68708605,0
Year 1 Aug 10 11:00 AM,92.34449672,92.34449672,0
Year 1 Aug 10 12:00 PM,94.44638137,94.44638137,0
Year 1 Aug 10 1:00 PM,101.627094,101.627094,0
Year 1 Aug 10 2:00 PM,110.1214297,110.1214297,0
Year 1 Aug 10 3:00 PM,109.0482997,109.0482997,0
Year 1 Aug 10 4:00 PM,60.29114063,60.29114063,0
Year 1 Aug 10 5:00 PM,36.80493665,36.80493665,0
Year 1 Aug 10 6:00 PM,16.54807801,16.54807801,0
Year 1 Aug 10 7:00 PM,8.827272858,8.827272858,0
Year 1 Aug 10 8:00 PM,0,0,0
Year 1 Aug 10 9:00 PM,0,0,0
Year 1 Aug 10 10:00 PM,0,0,0
Year 1 Aug 10 11:00 PM,0,0,0
Year 1 Aug 11 12:00 AM,0,0,0
Year 1 Aug 11 1:00 AM,0,0,0
Year 1 Aug 11 2:00 AM,0,0,0
Year 1 Aug 11 3:00 AM,0,0,0
Year 1 Aug 11 4:00 AM,0,0,0
Year 1 Aug 11 5:00 AM,1.072337876,1.072337876,0
Year 1 Aug 11 6:00 AM,15.94545717,15.94545717,0
Year 1 Aug 11 7:00 AM,28.89840653,28.89840653,0
Year 1 Aug 11 8:00 AM,42.07250675,42.07250675,0
Year 1 Aug 11 9:00 AM,56.81705823,56.81705823,0
Year 1 Aug 11 10:00 AM,62.9741075,62.9741075,0
Year 1 Aug 11 11:00 AM,77.73208284,77.73208284,0
Year 1 Aug 11 12:00 PM,99.19663961,99.19663961,0
Year 1 Aug 11 1:00 PM,66.29581069,66.29581069,0
Year 1 Aug 11 2:00 PM,88.42286264,88.42286264,0
Year 1 Aug 11 3:00 PM,88.65322764,88.65322764,0
Year 1 Aug 11 4:00 PM,64.95911312,64.95911312,0
Year 1 Aug 11 5:00 PM,40.11550171,40.11550171,0
Year 1 Aug 11 6:00 PM,29.56735753,29.56735753,0
Year 1 Aug 11 7:00 PM,10.53887709,10.53887709,0
Year 1 Aug 11 8:00 PM,0,0,0
Year 1 Aug 11 9:00 PM,0,0,0
Year 1 Aug 11 10:00 PM,0,0,0
Year 1 Aug 11 11:00 PM,0,0,0
Year 1 Aug 12 12:00 AM,0,0,0
Year 1 Aug 12 1:00 AM,0,0,0
Year 1 Aug 12 2:00 AM,0,0,0
Year 1 Aug 12 3:00 AM,0,0,0
Year 1 Aug 12 4:00 AM,0,0,0
Year 1 Aug 12 5:00 AM,0,0,0
Year 1 Aug 12 6:00 AM,16.5214679,16.5214679,0
Year 1 Aug 12 7:00 AM,46.98408438,46.98408438,0
Year 1 Aug 12 8:00 AM,70.12928546,70.12928546,0
Year 1 Aug 12 9:00 AM,85.13461781,85.13461781,0
Year 1 Aug 12 10:00 AM,92.74900808,92.74900808,0
Year 1 Aug 12 11:00 AM,100.1648932,100.1648932,0
Year 1 Aug 12 12:00 PM,104.8268923,104.8268923,0
Year 1 Aug 12 1:00 PM,117.5617169,117.5617169,0
Year 1 Aug 12 2:00 PM,135.6916872,135.6916872,0
Year 1 Aug 12 3:00 PM,103.6102816,103.6102816,0
Year 1 Aug 12 4:00 PM,95.0942456,95.0942456,0
Year 1 Aug 12 5:00 PM,70.76551647,70.76551647,0
Year 1 Aug 12 6:00 PM,32.06109769,32.06109769,0
Year 1 Aug 12 7:00 PM,10.22667658,10.22667658,0
Year 1 Aug 12 8:00 PM,0,0,0
Year 1 Aug 12 9:00 PM,0,0,0
Year 1 Aug 12 10:00 PM,0,0,0
Year 1 Aug 12 11:00 PM,0,0,0
Year 1 Aug 13 12:00 AM,0,0,0
Year 1 Aug 13 1:00 AM,0,0,0
Year 1 Aug 13 2:00 AM,0,0,0
Year 1 Aug 13 3:00 AM,0,0,0
Year 1 Aug 13 4:00 AM,0,0,0
Year 1 Aug 13 5:00 AM,0,0,0
Year 1 Aug 13 6:00 AM,16.91162288,16.91162288,0
Year 1 Aug 13 7:00 AM,37.56410319,37.56410319,0
Year 1 Aug 13 8:00 AM,54.91704682,54.91704682,0
Year 1 Aug 13 9:00 AM,61.73957355,61.73957355,0
Year 1 Aug 13 10:00 AM,63.38187275,63.38187275,0
Year 1 Aug 13 11:00 AM,63.94047858,63.94047858,0
Year 1 Aug 13 12:00 PM,66.09801375,66.09801375,0
Year 1 Aug 13 1:00 PM,88.193117,88.193117,0
Year 1 Aug 13 2:00 PM,92.31317485,92.31317485,0
Year 1 Aug 13 3:00 PM,90.66417167,90.66417167,0
Year 1 Aug 13 4:00 PM,83.8402647,83.8402647,0
Year 1 Aug 13 5:00 PM,70.70560027,70.70560027,0
Year 1 Aug 13 6:00 PM,24.41900402,24.41900402,0
Year 1 Aug 13 7:00 PM,5.941898608,5.941898608,0
Year 1 Aug 13 8:00 PM,0,0,0
Year 1 Aug 13 9:00 PM,0,0,0
Year 1 Aug 13 10:00 PM,0,0,0
Year 1 Aug 13 11:00 PM,0,0,0
Year 1 Aug 14 12:00 AM,0,0,0
Year 1 Aug 14 1:00 AM,0,0,0
Year 1 Aug 14 2:00 AM,0,0,0
Year 1 Aug 14 3:00 AM,0,0,0
Year 1 Aug 14 4:00 AM,0,0,0
Year 1 Aug 14 5:00 AM,0,0,0
Year 1 Aug 14 6:00 AM,13.30582317,13.30582317,0
Year 1 Aug 14 7:00 AM,37.50025753,37.50025753,0
Year 1 Aug 14 8:00 AM,69.8319034,69.8319034,0
Year 1 Aug 14 9:00 AM,91.01016127,91.01016127,0
Year 1 Aug 14 10:00 AM,101.8183016,101.8183016,0
Year 1 Aug 14 11:00 AM,127.6496587,127.6496587,0
Year 1 Aug 14 12:00 PM,94.83402494,94.83402494,0
Year 1 Aug 14 1:00 PM,124.7806138,124.7806138,0
Year 1 Aug 14 2:00 PM,118.3757492,118.3757492,0
Year 1 Aug 14 3:00 PM,74.2063891,74.2063891,0
Year 1 Aug 14 4:00 PM,85.73785216,85.73785216,0
Year 1 Aug 14 5:00 PM,56.44883391,56.44883391,0
Year 1 Aug 14 6:00 PM,19.39982075,19.39982075,0
Year 1 Aug 14 7:00 PM,5.064075025,5.064075025,0
Year 1 Aug 14 8:00 PM,0,0,0
Year 1 Aug 14 9:00 PM,0,0,0
Year 1 Aug 14 10:00 PM,0,0,0
Year 1 Aug 14 11:00 PM,0,0,0
Year 1 Aug 15 12:00 AM,0,0,0
Year 1 Aug 15 1:00 AM,0,0,0
Year 1 Aug 15 2:00 AM,0,0,0
Year 1 Aug 15 3:00 AM,0,0,0
Year 1 Aug 15 4:00 AM,0,0,0
Year 1 Aug 15 5:00 AM,0,0,0
Year 1 Aug 15 6:00 AM,11.35723072,11.35723072,0
Year 1 Aug 15 7:00 AM,31.36710569,31.36710569,0
Year 1 Aug 15 8:00 AM,71.38253841,71.38253841,0
Year 1 Aug 15 9:00 AM,98.42430938,98.42430938,0
Year 1 Aug 15 10:00 AM,105.7436298,105.7436298,0
Year 1 Aug 15 11:00 AM,114.8442452,114.8442452,0
Year 1 Aug 15 12:00 PM,116.7692069,116.7692069,0
Year 1 Aug 15 1:00 PM,104.3043693,104.3043693,0
Year 1 Aug 15 2:00 PM,105.0645525,105.0645525,0
Year 1 Aug 15 3:00 PM,114.6716512,114.6716512,0
Year 1 Aug 15 4:00 PM,82.60573886,82.60573886,0
Year 1 Aug 15 5:00 PM,72.91605983,72.91605983,0
Year 1 Aug 15 6:00 PM,34.53954298,34.53954298,0
Year 1 Aug 15 7:00 PM,4.731779355,4.731779355,0
Year 1 Aug 15 8:00 PM,0,0,0
Year 1 Aug 15 9:00 PM,0,0,0
Year 1 Aug 15 10:00 PM,0,0,0
Year 1 Aug 15 11:00 PM,0,0,0
Year 1 Aug 16 12:00 AM,0,0,0
Year 1 Aug 16 1:00 AM,0,0,0
Year 1 Aug 16 2:00 AM,0,0,0
Year 1 Aug 16 3:00 AM,0,0,0
Year 1 Aug 16 4:00 AM,0,0,0
Year 1 Aug 16 5:00 AM,0,0,0
Year 1 Aug 16 6:00 AM,14.21308855,14.21308855,0
Year 1 Aug 16 7:00 AM,36.53404608,36.53404608,0
Year 1 Aug 16 8:00 AM,76.19152825,76.19152825,0
Year 1 Aug 16 9:00 AM,88.21272774,88.21272774,0
Year 1 Aug 16 10:00 AM,95.84004718,95.84004718,0
Year 1 Aug 16 11:00 AM,88.83045368,88.83045368,0
Year 1 Aug 16 12:00 PM,96.79889293,96.79889293,0
Year 1 Aug 16 1:00 PM,93.87746985,93.87746985,0
Year 1 Aug 16 2:00 PM,81.14394826,81.14394826,0
Year 1 Aug 16 3:00 PM,63.9869044,63.9869044,0
Year 1 Aug 16 4:00 PM,53.77110512,53.77110512,0
Year 1 Aug 16 5:00 PM,45.86002021,45.86002021,0
Year 1 Aug 16 6:00 PM,29.1628067,29.1628067,0
Year 1 Aug 16 7:00 PM,8.561270453,8.561270453,0
Year 1 Aug 16 8:00 PM,0,0,0
Year 1 Aug 16 9:00 PM,0,0,0
Year 1 Aug 16 10:00 PM,0,0,0
Year 1 Aug 16 11:00 PM,0,0,0
Year 1 Aug 17 12:00 AM,0,0,0
Year 1 Aug 17 1:00 AM,0,0,0
Year 1 Aug 17 2:00 AM,0,0,0
Year 1 Aug 17 3:00 AM,0,0,0
Year 1 Aug 17 4:00 AM,0,0,0
Year 1 Aug 17 5:00 AM,0,0,0
Year 1 Aug 17 6:00 AM,14.84518491,14.84518491,0
Year 1 Aug 17 7:00 AM,38.87641182,38.87641182,0
Year 1 Aug 17 8:00 AM,69.21201415,69.21201415,0
Year 1 Aug 17 9:00 AM,95.62464429,95.62464429,0
Year 1 Aug 17 10:00 AM,103.2311133,103.2311133,0
Year 1 Aug 17 11:00 AM,101.6233286,101.6233286,0
Year 1 Aug 17 12:00 PM,100.6857607,100.6857607,0
Year 1 Aug 17 1:00 PM,101.5566897,101.5566897,0
Year 1 Aug 17 2:00 PM,103.5039329,103.5039329,0
Year 1 Aug 17 3:00 PM,89.10687292,89.10687292,0
Year 1 Aug 17 4:00 PM,79.21187702,79.21187702,0
Year 1 Aug 17 5:00 PM,61.00347401,61.00347401,0
Year 1 Aug 17 6:00 PM,35.64094819,35.64094819,0
Year 1 Aug 17 7:00 PM,8.660339545,8.660339545,0
Year 1 Aug 17 8:00 PM,0,0,0
Year 1 Aug 17 9:00 PM,0,0,0
Year 1 Aug 17 10:00 PM,0,0,0
Year 1 Aug 17 11:00 PM,0,0,0
Year 1 Aug 18 12:00 AM,0,0,0
Year 1 Aug 18 1:00 AM,0,0,0
Year 1 Aug 18 2:00 AM,0,0,0
Year 1 Aug 18 3:00 AM,0,0,0
Year 1 Aug 18 4:00 AM,0,0,0
Year 1 Aug 18 5:00 AM,0,0,0
Year 1 Aug 18 6:00 AM,14.28994907,14.28994907,0
Year 1 Aug 18 7:00 AM,28.30362106,28.30362106,0
Year 1 Aug 18 8:00 AM,39.6085985,39.6085985,0
Year 1 Aug 18 9:00 AM,51.15753812,51.15753812,0
Year 1 Aug 18 10:00 AM,49.59629577,49.59629577,0
Year 1 Aug 18 11:00 AM,49.75332735,49.75332735,0
Year 1 Aug 18 12:00 PM,50.2755295,50.2755295,0
Year 1 Aug 18 1:00 PM,46.63155586,46.63155586,0
Year 1 Aug 18 2:00 PM,44.29583666,44.29583666,0
Year 1 Aug 18 3:00 PM,46.80397754,46.80397754,0
Year 1 Aug 18 4:00 PM,41.65412626,41.65412626,0
Year 1 Aug 18 5:00 PM,35.4347746,35.4347746,0
Year 1 Aug 18 6:00 PM,24.15932748,24.15932748,0
Year 1 Aug 18 7:00 PM,8.008030992,8.008030992,0
Year 1 Aug 18 8:00 PM,0,0,0
Year 1 Aug 18 9:00 PM,0,0,0
Year 1 Aug 18 10:00 PM,0,0,0
Year 1 Aug 18 11:00 PM,0,0,0
Year 1 Aug 19 12:00 AM,0,0,0
Year 1 Aug 19 1:00 AM,0,0,0
Year 1 Aug 19 2:00 AM,0,0,0
Year 1 Aug 19 3:00 AM,0,0,0
Year 1 Aug 19 4:00 AM,0,0,0
Year 1 Aug 19 5:00 AM,0,0,0
Year 1 Aug 19 6:00 AM,14.81455252,14.81455252,0
Year 1 Aug 19 7:00 AM,36.10855355,36.10855355,0
Year 1 Aug 19 8:00 AM,53.20875959,53.20875959,0
Year 1 Aug 19 9:00 AM,60.31187566,60.31187566,0
Year 1 Aug 19 10:00 AM,67.95610781,67.95610781,0
Year 1 Aug 19 11:00 AM,93.1437065,93.1437065,0
Year 1 Aug 19 12:00 PM,84.79626854,84.79626854,0
Year 1 Aug 19 1:00 PM,110.7535349,110.7535349,0
Year 1 Aug 19 2:00 PM,105.74673,105.74673,0
Year 1 Aug 19 3:00 PM,102.6700627,102.6700627,0
Year 1 Aug 19 4:00 PM,90.27532743,90.27532743,0
Year 1 Aug 19 5:00 PM,63.11447581,63.11447581,0
Year 1 Aug 19 6:00 PM,30.8241985,30.8241985,0
Year 1 Aug 19 7:00 PM,6.955493459,6.955493459,0
Year 1 Aug 19 8:00 PM,0,0,0
Year 1 Aug 19 9:00 PM,0,0,0
Year 1 Aug 19 10:00 PM,0,0,0
Year 1 Aug 19 11:00 PM,0,0,0
Year 1 Aug 20 12:00 AM,0,0,0
Year 1 Aug 20 1:00 AM,0,0,0
Year 1 Aug 20 2:00 AM,0,0,0
Year 1 Aug 20 3:00 AM,0,0,0
Year 1 Aug 20 4:00 AM,0,0,0
Year 1 Aug 20 5:00 AM,0,0,0
Year 1 Aug 20 6:00 AM,12.95352049,12.95352049,0
Year 1 Aug 20 7:00 AM,38.61719933,38.61719933,0
Year 1 Aug 20 8:00 AM,67.50504424,67.50504424,0
Year 1 Aug 20 9:00 AM,109.3820377,109.3820377,0
Year 1 Aug 20 10:00 AM,112.9621486,112.9621486,0
Year 1 Aug 20 11:00 AM,112.4046398,112.4046398,0
Year 1 Aug 20 12:00 PM,110.5560096,110.5560096,0
Year 1 Aug 20 1:00 PM,109.5603188,109.5603188,0
Year 1 Aug 20 2:00 PM,128.4118302,128.4118302,0
Year 1 Aug 20 3:00 PM,109.1848598,109.1848598,0
Year 1 Aug 20 4:00 PM,90.34889516,90.34889516,0
Year 1 Aug 20 5:00 PM,64.37242191,64.37242191,0
Year 1 Aug 20 6:00 PM,32.3831031,32.3831031,0
Year 1 Aug 20 7:00 PM,6.715159022,6.715159022,0
Year 1 Aug 20 8:00 PM,0,0,0
Year 1 Aug 20 9:00 PM,0,0,0
Year 1 Aug 20 10:00 PM,0,0,0
Year 1 Aug 20 11:00 PM,0,0,0
Year 1 Aug 21 12:00 AM,0,0,0
Year 1 Aug 21 1:00 AM,0,0,0
Year 1 Aug 21 2:00 AM,0,0,0
Year 1 Aug 21 3:00 AM,0,0,0
Year 1 Aug 21 4:00 AM,0,0,0
Year 1 Aug 21 5:00 AM,0,0,0
Year 1 Aug 21 6:00 AM,14.09911488,14.09911488,0
Year 1 Aug 21 7:00 AM,40.46860304,40.46860304,0
Year 1 Aug 21 8:00 AM,62.15910858,62.15910858,0
Year 1 Aug 21 9:00 AM,72.10009335,72.10009335,0
Year 1 Aug 21 10:00 AM,77.84979266,77.84979266,0
Year 1 Aug 21 11:00 AM,71.40030229,71.40030229,0
Year 1 Aug 21 12:00 PM,68.14422648,68.14422648,0
Year 1 Aug 21 1:00 PM,75.832127,75.832127,0
Year 1 Aug 21 2:00 PM,94.08466264,94.08466264,0
Year 1 Aug 21 3:00 PM,88.51901259,88.51901259,0
Year 1 Aug 21 4:00 PM,74.85842352,74.85842352,0
Year 1 Aug 21 5:00 PM,56.49351404,56.49351404,0
Year 1 Aug 21 6:00 PM,29.97728319,29.97728319,0
Year 1 Aug 21 7:00 PM,5.635218237,5.635218237,0
Year 1 Aug 21 8:00 PM,0,0,0
Year 1 Aug 21 9:00 PM,0,0,0
Year 1 Aug 21 10:00 PM,0,0,0
Year 1 Aug 21 11:00 PM,0,0,0
Year 1 Aug 22 12:00 AM,0,0,0
Year 1 Aug 22 1:00 AM,0,0,0
Year 1 Aug 22 2:00 AM,0,0,0
Year 1 Aug 22 3:00 AM,0,0,0
Year 1 Aug 22 4:00 AM,0,0,0
Year 1 Aug 22 5:00 AM,0,0,0
Year 1 Aug 22 6:00 AM,4.553501108,4.553501108,0
Year 1 Aug 22 7:00 AM,21.83963037,21.83963037,0
Year 1 Aug 22 8:00 AM,44.6982384,44.6982384,0
Year 1 Aug 22 9:00 AM,87.39930644,87.39930644,0
Year 1 Aug 22 10:00 AM,119.8922662,119.8922662,0
Year 1 Aug 22 11:00 AM,128.6238976,128.6238976,0
Year 1 Aug 22 12:00 PM,152.5605209,152.5605209,0
Year 1 Aug 22 1:00 PM,134.5531544,134.5531544,0
Year 1 Aug 22 2:00 PM,101.3161154,101.3161154,0
Year 1 Aug 22 3:00 PM,85.65241127,85.65241127,0
Year 1 Aug 22 4:00 PM,67.73668942,67.73668942,0
Year 1 Aug 22 5:00 PM,46.44197519,46.44197519,0
Year 1 Aug 22 6:00 PM,28.2961238,28.2961238,0
Year 1 Aug 22 7:00 PM,5.922872659,5.922872659,0
Year 1 Aug 22 8:00 PM,0,0,0
Year 1 Aug 22 9:00 PM,0,0,0
Year 1 Aug 22 10:00 PM,0,0,0
Year 1 Aug 22 11:00 PM,0,0,0
Year 1 Aug 23 12:00 AM,0,0,0
Year 1 Aug 23 1:00 AM,0,0,0
Year 1 Aug 23 2:00 AM,0,0,0
Year 1 Aug 23 3:00 AM,0,0,0
Year 1 Aug 23 4:00 AM,0,0,0
Year 1 Aug 23 5:00 AM,0,0,0
Year 1 Aug 23 6:00 AM,8.320923032,8.320923032,0
Year 1 Aug 23 7:00 AM,26.02023162,26.02023162,0
Year 1 Aug 23 8:00 AM,61.62710172,61.62710172,0
Year 1 Aug 23 9:00 AM,77.57166742,77.57166742,0
Year 1 Aug 23 10:00 AM,70.93987016,70.93987016,0
Year 1 Aug 23 11:00 AM,92.81818562,92.81818562,0
Year 1 Aug 23 12:00 PM,97.39464871,97.39464871,0
Year 1 Aug 23 1:00 PM,137.797647,137.797647,0
Year 1 Aug 23 2:00 PM,130.4630489,130.4630489,0
Year 1 Aug 23 3:00 PM,109.8121538,109.8121538,0
Year 1 Aug 23 4:00 PM,72.01569666,72.01569666,0
Year 1 Aug 23 5:00 PM,51.18529369,51.18529369,0
Year 1 Aug 23 6:00 PM,28.59447683,28.59447683,0
Year 1 Aug 23 7:00 PM,5.193949269,5.193949269,0
Year 1 Aug 23 8:00 PM,0,0,0
Year 1 Aug 23 9:00 PM,0,0,0
Year 1 Aug 23 10:00 PM,0,0,0
Year 1 Aug 23 11:00 PM,0,0,0
Year 1 Aug 24 12:00 AM,0,0,0
Year 1 Aug 24 1:00 AM,0,0,0
Year 1 Aug 24 2:00 AM,0,0,0
Year 1 Aug 24 3:00 AM,0,0,0
Year 1 Aug 24 4:00 AM,0,0,0
Year 1 Aug 24 5:00 AM,0,0,0
Year 1 Aug 24 6:00 AM,8.635540089,8.635540089,0
Year 1 Aug 24 7:00 AM,32.24059531,32.24059531,0
Year 1 Aug 24 8:00 AM,63.8252528,63.8252528,0
Year 1 Aug 24 9:00 AM,100.7841474,100.7841474,0
Year 1 Aug 24 10:00 AM,114.4031322,114.4031322,0
Year 1 Aug 24 11:00 AM,112.8964592,112.8964592,0
Year 1 Aug 24 12:00 PM,114.9199386,114.9199386,0
Year 1 Aug 24 1:00 PM,111.973252,111.973252,0
Year 1 Aug 24 2:00 PM,117.4288811,117.4288811,0
Year 1 Aug 24 3:00 PM,101.0826531,101.0826531,0
Year 1 Aug 24 4:00 PM,72.11371182,72.11371182,0
Year 1 Aug 24 5:00 PM,46.30621768,46.30621768,0
Year 1 Aug 24 6:00 PM,26.64294902,26.64294902,0
Year 1 Aug 24 7:00 PM,5.592282277,5.592282277,0
Year 1 Aug 24 8:00 PM,0,0,0
Year 1 Aug 24 9:00 PM,0,0,0
Year 1 Aug 24 10:00 PM,0,0,0
Year 1 Aug 24 11:00 PM,0,0,0
Year 1 Aug 25 12:00 AM,0,0,0
Year 1 Aug 25 1:00 AM,0,0,0
Year 1 Aug 25 2:00 AM,0,0,0
Year 1 Aug 25 3:00 AM,0,0,0
Year 1 Aug 25 4:00 AM,0,0,0
Year 1 Aug 25 5:00 AM,0,0,0
Year 1 Aug 25 6:00 AM,13.36399656,13.36399656,0
Year 1 Aug 25 7:00 AM,43.19334779,43.19334779,0
Year 1 Aug 25 8:00 AM,66.43066344,66.43066344,0
Year 1 Aug 25 9:00 AM,77.87635539,77.87635539,0
Year 1 Aug 25 10:00 AM,69.21816084,69.21816084,0
Year 1 Aug 25 11:00 AM,62.44950361,62.44950361,0
Year 1 Aug 25 12:00 PM,59.35949216,59.35949216,0
Year 1 Aug 25 1:00 PM,57.26632088,57.26632088,0
Year 1 Aug 25 2:00 PM,59.05518227,59.05518227,0
Year 1 Aug 25 3:00 PM,58.12378187,58.12378187,0
Year 1 Aug 25 4:00 PM,51.06701687,51.06701687,0
Year 1 Aug 25 5:00 PM,44.89357791,44.89357791,0
Year 1 Aug 25 6:00 PM,26.25479821,26.25479821,0
Year 1 Aug 25 7:00 PM,4.891671754,4.891671754,0
Year 1 Aug 25 8:00 PM,0,0,0
Year 1 Aug 25 9:00 PM,0,0,0
Year 1 Aug 25 10:00 PM,0,0,0
Year 1 Aug 25 11:00 PM,0,0,0
Year 1 Aug 26 12:00 AM,0,0,0
Year 1 Aug 26 1:00 AM,0,0,0
Year 1 Aug 26 2:00 AM,0,0,0
Year 1 Aug 26 3:00 AM,0,0,0
Year 1 Aug 26 4:00 AM,0,0,0
Year 1 Aug 26 5:00 AM,0,0,0
Year 1 Aug 26 6:00 AM,9.559159998,9.559159998,0
Year 1 Aug 26 7:00 AM,34.4820914,34.4820914,0
Year 1 Aug 26 8:00 AM,66.11673394,66.11673394,0
Year 1 Aug 26 9:00 AM,85.19315773,85.19315773,0
Year 1 Aug 26 10:00 AM,116.420804,116.420804,0
Year 1 Aug 26 11:00 AM,129.7344408,129.7344408,0
Year 1 Aug 26 12:00 PM,126.2256876,126.2256876,0
Year 1 Aug 26 1:00 PM,127.2076759,127.2076759,0
Year 1 Aug 26 2:00 PM,126.0523446,126.0523446,0
Year 1 Aug 26 3:00 PM,97.1116535,97.1116535,0
Year 1 Aug 26 4:00 PM,76.17406833,76.17406833,0
Year 1 Aug 26 5:00 PM,29.94525308,29.94525308,0
Year 1 Aug 26 6:00 PM,20.6883687,20.6883687,0
Year 1 Aug 26 7:00 PM,3.748167024,3.748167024,0
Year 1 Aug 26 8:00 PM,0,0,0
Year 1 Aug 26 9:00 PM,0,0,0
Year 1 Aug 26 10:00 PM,0,0,0
Year 1 Aug 26 11:00 PM,0,0,0
Year 1 Aug 27 12:00 AM,0,0,0
Year 1 Aug 27 1:00 AM,0,0,0
Year 1 Aug 27 2:00 AM,0,0,0
Year 1 Aug 27 3:00 AM,0,0,0
Year 1 Aug 27 4:00 AM,0,0,0
Year 1 Aug 27 5:00 AM,0,0,0
Year 1 Aug 27 6:00 AM,11.01109197,11.01109197,0
Year 1 Aug 27 7:00 AM,38.93149397,38.93149397,0
Year 1 Aug 27 8:00 AM,65.97361041,65.97361041,0
Year 1 Aug 27 9:00 AM,84.0530738,84.0530738,0
Year 1 Aug 27 10:00 AM,117.2950571,117.2950571,0
Year 1 Aug 27 11:00 AM,125.2917122,125.2917122,0
Year 1 Aug 27 12:00 PM,126.8849824,126.8849824,0
Year 1 Aug 27 1:00 PM,99.77475484,99.77475484,0
Year 1 Aug 27 2:00 PM,90.41605361,90.41605361,0
Year 1 Aug 27 3:00 PM,95.48072815,95.48072815,0
Year 1 Aug 27 4:00 PM,87.70213385,87.70213385,0
Year 1 Aug 27 5:00 PM,59.60924885,59.60924885,0
Year 1 Aug 27 6:00 PM,29.52364503,29.52364503,0
Year 1 Aug 27 7:00 PM,4.496080973,4.496080973,0
Year 1 Aug 27 8:00 PM,0,0,0
Year 1 Aug 27 9:00 PM,0,0,0
Year 1 Aug 27 10:00 PM,0,0,0
Year 1 Aug 27 11:00 PM,0,0,0
Year 1 Aug 28 12:00 AM,0,0,0
Year 1 Aug 28 1:00 AM,0,0,0
Year 1 Aug 28 2:00 AM,0,0,0
Year 1 Aug 28 3:00 AM,0,0,0
Year 1 Aug 28 4:00 AM,0,0,0
Year 1 Aug 28 5:00 AM,0,0,0
Year 1 Aug 28 6:00 AM,5.713133761,5.713133761,0
Year 1 Aug 28 7:00 AM,18.04775681,18.04775681,0
Year 1 Aug 28 8:00 AM,40.54272347,40.54272347,0
Year 1 Aug 28 9:00 AM,93.35274593,93.35274593,0
Year 1 Aug 28 10:00 AM,114.0347045,114.0347045,0
Year 1 Aug 28 11:00 AM,100.1609734,100.1609734,0
Year 1 Aug 28 12:00 PM,115.1980881,115.1980881,0
Year 1 Aug 28 1:00 PM,94.74377575,94.74377575,0
Year 1 Aug 28 2:00 PM,118.0209637,118.0209637,0
Year 1 Aug 28 3:00 PM,106.6159229,106.6159229,0
Year 1 Aug 28 4:00 PM,79.88431422,79.88431422,0
Year 1 Aug 28 5:00 PM,42.4639597,42.4639597,0
Year 1 Aug 28 6:00 PM,19.09381711,19.09381711,0
Year 1 Aug 28 7:00 PM,2.74985253,2.74985253,0
Year 1 Aug 28 8:00 PM,0,0,0
Year 1 Aug 28 9:00 PM,0,0,0
Year 1 Aug 28 10:00 PM,0,0,0
Year 1 Aug 28 11:00 PM,0,0,0
Year 1 Aug 29 12:00 AM,0,0,0
Year 1 Aug 29 1:00 AM,0,0,0
Year 1 Aug 29 2:00 AM,0,0,0
Year 1 Aug 29 3:00 AM,0,0,0
Year 1 Aug 29 4:00 AM,0,0,0
Year 1 Aug 29 5:00 AM,0,0,0
Year 1 Aug 29 6:00 AM,9.692673113,9.692673113,0
Year 1 Aug 29 7:00 AM,28.27831564,28.27831564,0
Year 1 Aug 29 8:00 AM,35.63211815,35.63211815,0
Year 1 Aug 29 9:00 AM,58.66239463,58.66239463,0
Year 1 Aug 29 10:00 AM,107.0476607,107.0476607,0
Year 1 Aug 29 11:00 AM,104.6193383,104.6193383,0
Year 1 Aug 29 12:00 PM,83.17408839,83.17408839,0
Year 1 Aug 29 1:00 PM,105.8911602,105.8911602,0
Year 1 Aug 29 2:00 PM,94.7354708,94.7354708,0
Year 1 Aug 29 3:00 PM,83.95247052,83.95247052,0
Year 1 Aug 29 4:00 PM,80.70883838,80.70883838,0
Year 1 Aug 29 5:00 PM,56.51197495,56.51197495,0
Year 1 Aug 29 6:00 PM,20.43914828,20.43914828,0
Year 1 Aug 29 7:00 PM,2.734727003,2.734727003,0
Year 1 Aug 29 8:00 PM,0,0,0
Year 1 Aug 29 9:00 PM,0,0,0
Year 1 Aug 29 10:00 PM,0,0,0
Year 1 Aug 29 11:00 PM,0,0,0
Year 1 Aug 30 12:00 AM,0,0,0
Year 1 Aug 30 1:00 AM,0,0,0
Year 1 Aug 30 2:00 AM,0,0,0
Year 1 Aug 30 3:00 AM,0,0,0
Year 1 Aug 30 4:00 AM,0,0,0
Year 1 Aug 30 5:00 AM,0,0,0
Year 1 Aug 30 6:00 AM,11.63772567,11.63772567,0
Year 1 Aug 30 7:00 AM,35.34655755,35.34655755,0
Year 1 Aug 30 8:00 AM,53.18664954,53.18664954,0
Year 1 Aug 30 9:00 AM,65.85129762,65.85129762,0
Year 1 Aug 30 10:00 AM,62.58869991,62.58869991,0
Year 1 Aug 30 11:00 AM,74.76153728,74.76153728,0
Year 1 Aug 30 12:00 PM,84.38105513,84.38105513,0
Year 1 Aug 30 1:00 PM,61.8120561,61.8120561,0
Year 1 Aug 30 2:00 PM,59.70612105,59.70612105,0
Year 1 Aug 30 3:00 PM,60.0501516,60.0501516,0
Year 1 Aug 30 4:00 PM,55.02007249,55.02007249,0
Year 1 Aug 30 5:00 PM,42.84415228,42.84415228,0
Year 1 Aug 30 6:00 PM,23.89017449,23.89017449,0
Year 1 Aug 30 7:00 PM,3.269221308,3.269221308,0
Year 1 Aug 30 8:00 PM,0,0,0
Year 1 Aug 30 9:00 PM,0,0,0
Year 1 Aug 30 10:00 PM,0,0,0
Year 1 Aug 30 11:00 PM,0,0,0
Year 1 Aug 31 12:00 AM,0,0,0
Year 1 Aug 31 1:00 AM,0,0,0
Year 1 Aug 31 2:00 AM,0,0,0
Year 1 Aug 31 3:00 AM,0,0,0
Year 1 Aug 31 4:00 AM,0,0,0
Year 1 Aug 31 5:00 AM,0,0,0
Year 1 Aug 31 6:00 AM,10.96393403,10.96393403,0
Year 1 Aug 31 7:00 AM,31.78057143,31.78057143,0
Year 1 Aug 31 8:00 AM,50.86371066,50.86371066,0
Year 1 Aug 31 9:00 AM,65.00256846,65.00256846,0
Year 1 Aug 31 10:00 AM,78.53300103,78.53300103,0
Year 1 Aug 31 11:00 AM,99.27292676,99.27292676,0
Year 1 Aug 31 12:00 PM,112.7787747,112.7787747,0
Year 1 Aug 31 1:00 PM,100.500208,100.500208,0
Year 1 Aug 31 2:00 PM,77.02319538,77.02319538,0
Year 1 Aug 31 3:00 PM,91.77461078,91.77461078,0
Year 1 Aug 31 4:00 PM,74.08513278,74.08513278,0
Year 1 Aug 31 5:00 PM,27.96908228,27.96908228,0
Year 1 Aug 31 6:00 PM,10.15663749,10.15663749,0
Year 1 Aug 31 7:00 PM,1.284367459,1.284367459,0
Year 1 Aug 31 8:00 PM,0,0,0
Year 1 Aug 31 9:00 PM,0,0,0
Year 1 Aug 31 10:00 PM,0,0,0
Year 1 Aug 31 11:00 PM,0,0,0
Year 1 Sep 01 12:00 AM,0,0,0
Year 1 Sep 01 1:00 AM,0,0,0
Year 1 Sep 01 2:00 AM,0,0,0
Year 1 Sep 01 3:00 AM,0,0,0
Year 1 Sep 01 4:00 AM,0,0,0
Year 1 Sep 01 5:00 AM,0,0,0
Year 1 Sep 01 6:00 AM,8.080967798,8.080967798,0
Year 1 Sep 01 7:00 AM,26.08199206,26.08199206,0
Year 1 Sep 01 8:00 AM,38.77331514,38.77331514,0
Year 1 Sep 01 9:00 AM,46.34288405,46.34288405,0
Year 1 Sep 01 10:00 AM,56.20381117,56.20381117,0
Year 1 Sep 01 11:00 AM,60.78506755,60.78506755,0
Year 1 Sep 01 12:00 PM,57.37379426,57.37379426,0
Year 1 Sep 01 1:00 PM,68.60519095,68.60519095,0
Year 1 Sep 01 2:00 PM,65.15817832,65.15817832,0
Year 1 Sep 01 3:00 PM,75.65493408,75.65493408,0
Year 1 Sep 01 4:00 PM,55.16927989,55.16927989,0
Year 1 Sep 01 5:00 PM,34.73313565,34.73313565,0
Year 1 Sep 01 6:00 PM,21.07591893,21.07591893,0
Year 1 Sep 01 7:00 PM,2.911873851,2.911873851,0
Year 1 Sep 01 8:00 PM,0,0,0
Year 1 Sep 01 9:00 PM,0,0,0
Year 1 Sep 01 10:00 PM,0,0,0
Year 1 Sep 01 11:00 PM,0,0,0
Year 1 Sep 02 12:00 AM,0,0,0
Year 1 Sep 02 1:00 AM,0,0,0
Year 1 Sep 02 2:00 AM,0,0,0
Year 1 Sep 02 3:00 AM,0,0,0
Year 1 Sep 02 4:00 AM,0,0,0
Year 1 Sep 02 5:00 AM,0,0,0
Year 1 Sep 02 6:00 AM,8.744317462,8.744317462,0
Year 1 Sep 02 7:00 AM,35.6297092,35.6297092,0
Year 1 Sep 02 8:00 AM,69.90560989,69.90560989,0
Year 1 Sep 02 9:00 AM,95.23216535,95.23216535,0
Year 1 Sep 02 10:00 AM,109.1658041,109.1658041,0
Year 1 Sep 02 11:00 AM,93.50677015,93.50677015,0
Year 1 Sep 02 12:00 PM,96.64730466,96.64730466,0
Year 1 Sep 02 1:00 PM,90.88059645,90.88059645,0
Year 1 Sep 02 2:00 PM,106.4564775,106.4564775,0
Year 1 Sep 02 3:00 PM,64.6254898,64.6254898,0
Year 1 Sep 02 4:00 PM,47.32193037,47.32193037,0
Year 1 Sep 02 5:00 PM,33.61563304,33.61563304,0
Year 1 Sep 02 6:00 PM,20.56252487,20.56252487,0
Year 1 Sep 02 7:00 PM,2.740008059,2.740008059,0
Year 1 Sep 02 8:00 PM,0,0,0
Year 1 Sep 02 9:00 PM,0,0,0
Year 1 Sep 02 10:00 PM,0,0,0
Year 1 Sep 02 11:00 PM,0,0,0
Year 1 Sep 03 12:00 AM,0,0,0
Year 1 Sep 03 1:00 AM,0,0,0
Year 1 Sep 03 2:00 AM,0,0,0
Year 1 Sep 03 3:00 AM,0,0,0
Year 1 Sep 03 4:00 AM,0,0,0
Year 1 Sep 03 5:00 AM,0,0,0
Year 1 Sep 03 6:00 AM,9.455173359,9.455173359,0
Year 1 Sep 03 7:00 AM,33.79308439,33.79308439,0
Year 1 Sep 03 8:00 AM,52.43771541,52.43771541,0
Year 1 Sep 03 9:00 AM,65.49953011,65.49953011,0
Year 1 Sep 03 10:00 AM,69.17446308,69.17446308,0
Year 1 Sep 03 11:00 AM,69.08222063,69.08222063,0
Year 1 Sep 03 12:00 PM,68.35904595,68.35904595,0
Year 1 Sep 03 1:00 PM,68.49696679,68.49696679,0
Year 1 Sep 03 2:00 PM,69.25581922,69.25581922,0
Year 1 Sep 03 3:00 PM,67.96121544,67.96121544,0
Year 1 Sep 03 4:00 PM,60.88887409,60.88887409,0
Year 1 Sep 03 5:00 PM,43.68053318,43.68053318,0
Year 1 Sep 03 6:00 PM,23.04591375,23.04591375,0
Year 1 Sep 03 7:00 PM,1.726999696,1.726999696,0
Year 1 Sep 03 8:00 PM,0,0,0
Year 1 Sep 03 9:00 PM,0,0,0
Year 1 Sep 03 10:00 PM,0,0,0
Year 1 Sep 03 11:00 PM,0,0,0
Year 1 Sep 04 12:00 AM,0,0,0
Year 1 Sep 04 1:00 AM,0,0,0
Year 1 Sep 04 2:00 AM,0,0,0
Year 1 Sep 04 3:00 AM,0,0,0
Year 1 Sep 04 4:00 AM,0,0,0
Year 1 Sep 04 5:00 AM,0,0,0
Year 1 Sep 04 6:00 AM,8.870785476,8.870785476,0
Year 1 Sep 04 7:00 AM,30.63034056,30.63034056,0
Year 1 Sep 04 8:00 AM,45.61020834,45.61020834,0
Year 1 Sep 04 9:00 AM,53.07401617,53.07401617,0
Year 1 Sep 04 10:00 AM,58.94814716,58.94814716,0
Year 1 Sep 04 11:00 AM,59.96148488,59.96148488,0
Year 1 Sep 04 12:00 PM,59.11221464,59.11221464,0
Year 1 Sep 04 1:00 PM,59.43890459,59.43890459,0
Year 1 Sep 04 2:00 PM,60.41601172,60.41601172,0
Year 1 Sep 04 3:00 PM,55.85064656,55.85064656,0
Year 1 Sep 04 4:00 PM,49.95927292,49.95927292,0
Year 1 Sep 04 5:00 PM,39.50008474,39.50008474,0
Year 1 Sep 04 6:00 PM,20.79882441,20.79882441,0
Year 1 Sep 04 7:00 PM,1.500702594,1.500702594,0
Year 1 Sep 04 8:00 PM,0,0,0
Year 1 Sep 04 9:00 PM,0,0,0
Year 1 Sep 04 10:00 PM,0,0,0
Year 1 Sep 04 11:00 PM,0,0,0
Year 1 Sep 05 12:00 AM,0,0,0
Year 1 Sep 05 1:00 AM,0,0,0
Year 1 Sep 05 2:00 AM,0,0,0
Year 1 Sep 05 3:00 AM,0,0,0
Year 1 Sep 05 4:00 AM,0,0,0
Year 1 Sep 05 5:00 AM,0,0,0
Year 1 Sep 05 6:00 AM,8.880182984,8.880182984,0
Year 1 Sep 05 7:00 AM,32.87402878,32.87402878,0
Year 1 Sep 05 8:00 AM,51.19372692,51.19372692,0
Year 1 Sep 05 9:00 AM,63.75132458,63.75132458,0
Year 1 Sep 05 10:00 AM,67.40738483,67.40738483,0
Year 1 Sep 05 11:00 AM,67.54603105,67.54603105,0
Year 1 Sep 05 12:00 PM,69.15529194,69.15529194,0
Year 1 Sep 05 1:00 PM,80.33840979,80.33840979,0
Year 1 Sep 05 2:00 PM,83.53776717,83.53776717,0
Year 1 Sep 05 3:00 PM,77.22108057,77.22108057,0
Year 1 Sep 05 4:00 PM,60.29920245,60.29920245,0
Year 1 Sep 05 5:00 PM,42.0907785,42.0907785,0
Year 1 Sep 05 6:00 PM,21.55344645,21.55344645,0
Year 1 Sep 05 7:00 PM,1.41655087,1.41655087,0
Year 1 Sep 05 8:00 PM,0,0,0
Year 1 Sep 05 9:00 PM,0,0,0
Year 1 Sep 05 10:00 PM,0,0,0
Year 1 Sep 05 11:00 PM,0,0,0
Year 1 Sep 06 12:00 AM,0,0,0
Year 1 Sep 06 1:00 AM,0,0,0
Year 1 Sep 06 2:00 AM,0,0,0
Year 1 Sep 06 3:00 AM,0,0,0
Year 1 Sep 06 4:00 AM,0,0,0
Year 1 Sep 06 5:00 AM,0,0,0
Year 1 Sep 06 6:00 AM,8.383996099,8.383996099,0
Year 1 Sep 06 7:00 AM,29.24657155,29.24657155,0
Year 1 Sep 06 8:00 AM,40.89599021,40.89599021,0
Year 1 Sep 06 9:00 AM,49.53951987,49.53951987,0
Year 1 Sep 06 10:00 AM,54.88659234,54.88659234,0
Year 1 Sep 06 11:00 AM,58.57290106,58.57290106,0
Year 1 Sep 06 12:00 PM,84.20437588,84.20437588,0
Year 1 Sep 06 1:00 PM,79.27287467,79.27287467,0
Year 1 Sep 06 2:00 PM,110.9399789,110.9399789,0
Year 1 Sep 06 3:00 PM,92.55143026,92.55143026,0
Year 1 Sep 06 4:00 PM,78.67149031,78.67149031,0
Year 1 Sep 06 5:00 PM,49.80575703,49.80575703,0
Year 1 Sep 06 6:00 PM,20.77821967,20.77821967,0
Year 1 Sep 06 7:00 PM,1.21670347,1.21670347,0
Year 1 Sep 06 8:00 PM,0,0,0
Year 1 Sep 06 9:00 PM,0,0,0
Year 1 Sep 06 10:00 PM,0,0,0
Year 1 Sep 06 11:00 PM,0,0,0
Year 1 Sep 07 12:00 AM,0,0,0
Year 1 Sep 07 1:00 AM,0,0,0
Year 1 Sep 07 2:00 AM,0,0,0
Year 1 Sep 07 3:00 AM,0,0,0
Year 1 Sep 07 4:00 AM,0,0,0
Year 1 Sep 07 5:00 AM,0,0,0
Year 1 Sep 07 6:00 AM,6.474184144,6.474184144,0
Year 1 Sep 07 7:00 AM,28.64352216,28.64352216,0
Year 1 Sep 07 8:00 AM,53.26653159,53.26653159,0
Year 1 Sep 07 9:00 AM,84.08546306,84.08546306,0
Year 1 Sep 07 10:00 AM,104.4064095,104.4064095,0
Year 1 Sep 07 11:00 AM,123.6702652,123.6702652,0
Year 1 Sep 07 12:00 PM,143.3948152,143.3948152,0
Year 1 Sep 07 1:00 PM,148.6447214,148.6447214,0
Year 1 Sep 07 2:00 PM,136.794291,136.794291,0
Year 1 Sep 07 3:00 PM,112.6594253,112.6594253,0
Year 1 Sep 07 4:00 PM,81.16488329,81.16488329,0
Year 1 Sep 07 5:00 PM,48.35953035,48.35953035,0
Year 1 Sep 07 6:00 PM,19.41102433,19.41102433,0
Year 1 Sep 07 7:00 PM,1.171130532,1.171130532,0
Year 1 Sep 07 8:00 PM,0,0,0
Year 1 Sep 07 9:00 PM,0,0,0
Year 1 Sep 07 10:00 PM,0,0,0
Year 1 Sep 07 11:00 PM,0,0,0
Year 1 Sep 08 12:00 AM,0,0,0
Year 1 Sep 08 1:00 AM,0,0,0
Year 1 Sep 08 2:00 AM,0,0,0
Year 1 Sep 08 3:00 AM,0,0,0
Year 1 Sep 08 4:00 AM,0,0,0
Year 1 Sep 08 5:00 AM,0,0,0
Year 1 Sep 08 6:00 AM,7.770450327,7.770450327,0
Year 1 Sep 08 7:00 AM,34.35064459,34.35064459,0
Year 1 Sep 08 8:00 AM,69.95555289,69.95555289,0
Year 1 Sep 08 9:00 AM,97.50379609,97.50379609,0
Year 1 Sep 08 10:00 AM,118.7294833,118.7294833,0
Year 1 Sep 08 11:00 AM,125.1403831,125.1403831,0
Year 1 Sep 08 12:00 PM,129.8762968,129.8762968,0
Year 1 Sep 08 1:00 PM,97.5693627,97.5693627,0
Year 1 Sep 08 2:00 PM,75.14109988,75.14109988,0
Year 1 Sep 08 3:00 PM,84.15811406,84.15811406,0
Year 1 Sep 08 4:00 PM,59.95953606,59.95953606,0
Year 1 Sep 08 5:00 PM,40.69928278,40.69928278,0
Year 1 Sep 08 6:00 PM,17.96080724,17.96080724,0
Year 1 Sep 08 7:00 PM,1.030489999,1.030489999,0
Year 1 Sep 08 8:00 PM,0,0,0
Year 1 Sep 08 9:00 PM,0,0,0
Year 1 Sep 08 10:00 PM,0,0,0
Year 1 Sep 08 11:00 PM,0,0,0
Year 1 Sep 09 12:00 AM,0,0,0
Year 1 Sep 09 1:00 AM,0,0,0
Year 1 Sep 09 2:00 AM,0,0,0
Year 1 Sep 09 3:00 AM,0,0,0
Year 1 Sep 09 4:00 AM,0,0,0
Year 1 Sep 09 5:00 AM,0,0,0
Year 1 Sep 09 6:00 AM,7.747810602,7.747810602,0
Year 1 Sep 09 7:00 AM,30.73359094,30.73359094,0
Year 1 Sep 09 8:00 AM,60.57322316,60.57322316,0
Year 1 Sep 09 9:00 AM,55.48081692,55.48081692,0
Year 1 Sep 09 10:00 AM,69.81997095,69.81997095,0
Year 1 Sep 09 11:00 AM,102.8230172,102.8230172,0
Year 1 Sep 09 12:00 PM,107.659825,107.659825,0
Year 1 Sep 09 1:00 PM,80.49435319,80.49435319,0
Year 1 Sep 09 2:00 PM,89.69889943,89.69889943,0
Year 1 Sep 09 3:00 PM,98.81354703,98.81354703,0
Year 1 Sep 09 4:00 PM,59.72980562,59.72980562,0
Year 1 Sep 09 5:00 PM,39.11978087,39.11978087,0
Year 1 Sep 09 6:00 PM,20.02091273,20.02091273,0
Year 1 Sep 09 7:00 PM,0,0,0
Year 1 Sep 09 8:00 PM,0,0,0
Year 1 Sep 09 9:00 PM,0,0,0
Year 1 Sep 09 10:00 PM,0,0,0
Year 1 Sep 09 11:00 PM,0,0,0
Year 1 Sep 10 12:00 AM,0,0,0
Year 1 Sep 10 1:00 AM,0,0,0
Year 1 Sep 10 2:00 AM,0,0,0
Year 1 Sep 10 3:00 AM,0,0,0
Year 1 Sep 10 4:00 AM,0,0,0
Year 1 Sep 10 5:00 AM,0,0,0
Year 1 Sep 10 6:00 AM,7.082931406,7.082931406,0
Year 1 Sep 10 7:00 AM,32.74113939,32.74113939,0
Year 1 Sep 10 8:00 AM,59.51165452,59.51165452,0
Year 1 Sep 10 9:00 AM,74.04414948,74.04414948,0
Year 1 Sep 10 10:00 AM,76.73014371,76.73014371,0
Year 1 Sep 10 11:00 AM,82.1164251,82.1164251,0
Year 1 Sep 10 12:00 PM,84.48451426,84.48451426,0
Year 1 Sep 10 1:00 PM,92.89223038,92.89223038,0
Year 1 Sep 10 2:00 PM,100.9936683,100.9936683,0
Year 1 Sep 10 3:00 PM,81.59495495,81.59495495,0
Year 1 Sep 10 4:00 PM,63.05092732,63.05092732,0
Year 1 Sep 10 5:00 PM,32.05825141,32.05825141,0
Year 1 Sep 10 6:00 PM,11.79771594,11.79771594,0
Year 1 Sep 10 7:00 PM,0,0,0
Year 1 Sep 10 8:00 PM,0,0,0
Year 1 Sep 10 9:00 PM,0,0,0
Year 1 Sep 10 10:00 PM,0,0,0
Year 1 Sep 10 11:00 PM,0,0,0
Year 1 Sep 11 12:00 AM,0,0,0
Year 1 Sep 11 1:00 AM,0,0,0
Year 1 Sep 11 2:00 AM,0,0,0
Year 1 Sep 11 3:00 AM,0,0,0
Year 1 Sep 11 4:00 AM,0,0,0
Year 1 Sep 11 5:00 AM,0,0,0
Year 1 Sep 11 6:00 AM,7.47677484,7.47677484,0
Year 1 Sep 11 7:00 AM,32.09175717,32.09175717,0
Year 1 Sep 11 8:00 AM,43.84103592,43.84103592,0
Year 1 Sep 11 9:00 AM,51.89455361,51.89455361,0
Year 1 Sep 11 10:00 AM,70.7613343,70.7613343,0
Year 1 Sep 11 11:00 AM,73.04433554,73.04433554,0
Year 1 Sep 11 12:00 PM,84.14814204,84.14814204,0
Year 1 Sep 11 1:00 PM,68.5064104,68.5064104,0
Year 1 Sep 11 2:00 PM,48.91071621,48.91071621,0
Year 1 Sep 11 3:00 PM,50.02895508,50.02895508,0
Year 1 Sep 11 4:00 PM,55.53810809,55.53810809,0
Year 1 Sep 11 5:00 PM,37.86406943,37.86406943,0
Year 1 Sep 11 6:00 PM,16.77046001,16.77046001,0
Year 1 Sep 11 7:00 PM,0,0,0
Year 1 Sep 11 8:00 PM,0,0,0
Year 1 Sep 11 9:00 PM,0,0,0
Year 1 Sep 11 10:00 PM,0,0,0
Year 1 Sep 11 11:00 PM,0,0,0
Year 1 Sep 12 12:00 AM,0,0,0
Year 1 Sep 12 1:00 AM,0,0,0
Year 1 Sep 12 2:00 AM,0,0,0
Year 1 Sep 12 3:00 AM,0,0,0
Year 1 Sep 12 4:00 AM,0,0,0
Year 1 Sep 12 5:00 AM,0,0,0
Year 1 Sep 12 6:00 AM,3.66555539,3.66555539,0
Year 1 Sep 12 7:00 AM,22.33754692,22.33754692,0
Year 1 Sep 12 8:00 AM,63.61183381,63.61183381,0
Year 1 Sep 12 9:00 AM,59.76621357,59.76621357,0
Year 1 Sep 12 10:00 AM,53.98236816,53.98236816,0
Year 1 Sep 12 11:00 AM,63.60690253,63.60690253,0
Year 1 Sep 12 12:00 PM,76.38365109,76.38365109,0
Year 1 Sep 12 1:00 PM,95.75544656,95.75544656,0
Year 1 Sep 12 2:00 PM,76.39996788,76.39996788,0
Year 1 Sep 12 3:00 PM,64.00948004,64.00948004,0
Year 1 Sep 12 4:00 PM,47.57415713,47.57415713,0
Year 1 Sep 12 5:00 PM,40.53538013,40.53538013,0
Year 1 Sep 12 6:00 PM,17.40366323,17.40366323,0
Year 1 Sep 12 7:00 PM,0,0,0
Year 1 Sep 12 8:00 PM,0,0,0
Year 1 Sep 12 9:00 PM,0,0,0
Year 1 Sep 12 10:00 PM,0,0,0
Year 1 Sep 12 11:00 PM,0,0,0
Year 1 Sep 13 12:00 AM,0,0,0
Year 1 Sep 13 1:00 AM,0,0,0
Year 1 Sep 13 2:00 AM,0,0,0
Year 1 Sep 13 3:00 AM,0,0,0
Year 1 Sep 13 4:00 AM,0,0,0
Year 1 Sep 13 5:00 AM,0,0,0
Year 1 Sep 13 6:00 AM,5.72997974,5.72997974,0
Year 1 Sep 13 7:00 AM,26.74426333,26.74426333,0
Year 1 Sep 13 8:00 AM,55.57886559,55.57886559,0
Year 1 Sep 13 9:00 AM,84.06163839,84.06163839,0
Year 1 Sep 13 10:00 AM,68.33975404,68.33975404,0
Year 1 Sep 13 11:00 AM,65.37386113,65.37386113,0
Year 1 Sep 13 12:00 PM,71.85016914,71.85016914,0
Year 1 Sep 13 1:00 PM,94.05998614,94.05998614,0
Year 1 Sep 13 2:00 PM,61.20162733,61.20162733,0
Year 1 Sep 13 3:00 PM,65.78186194,65.78186194,0
Year 1 Sep 13 4:00 PM,64.32341665,64.32341665,0
Year 1 Sep 13 5:00 PM,33.55617418,33.55617418,0
Year 1 Sep 13 6:00 PM,16.31649152,16.31649152,0
Year 1 Sep 13 7:00 PM,0,0,0
Year 1 Sep 13 8:00 PM,0,0,0
Year 1 Sep 13 9:00 PM,0,0,0
Year 1 Sep 13 10:00 PM,0,0,0
Year 1 Sep 13 11:00 PM,0,0,0
Year 1 Sep 14 12:00 AM,0,0,0
Year 1 Sep 14 1:00 AM,0,0,0
Year 1 Sep 14 2:00 AM,0,0,0
Year 1 Sep 14 3:00 AM,0,0,0
Year 1 Sep 14 4:00 AM,0,0,0
Year 1 Sep 14 5:00 AM,0,0,0
Year 1 Sep 14 6:00 AM,5.694973864,5.694973864,0
Year 1 Sep 14 7:00 AM,22.51509974,22.51509974,0
Year 1 Sep 14 8:00 AM,36.51728862,36.51728862,0
Year 1 Sep 14 9:00 AM,45.90580543,45.90580543,0
Year 1 Sep 14 10:00 AM,47.99536839,47.99536839,0
Year 1 Sep 14 11:00 AM,50.5203392,50.5203392,0
Year 1 Sep 14 12:00 PM,50.22663049,50.22663049,0
Year 1 Sep 14 1:00 PM,50.20714202,50.20714202,0
Year 1 Sep 14 2:00 PM,53.24878422,53.24878422,0
Year 1 Sep 14 3:00 PM,48.01762488,48.01762488,0
Year 1 Sep 14 4:00 PM,51.51762834,51.51762834,0
Year 1 Sep 14 5:00 PM,40.87188046,40.87188046,0
Year 1 Sep 14 6:00 PM,12.80479973,12.80479973,0
Year 1 Sep 14 7:00 PM,0,0,0
Year 1 Sep 14 8:00 PM,0,0,0
Year 1 Sep 14 9:00 PM,0,0,0
Year 1 Sep 14 10:00 PM,0,0,0
Year 1 Sep 14 11:00 PM,0,0,0
Year 1 Sep 15 12:00 AM,0,0,0
Year 1 Sep 15 1:00 AM,0,0,0
Year 1 Sep 15 2:00 AM,0,0,0
Year 1 Sep 15 3:00 AM,0,0,0
Year 1 Sep 15 4:00 AM,0,0,0
Year 1 Sep 15 5:00 AM,0,0,0
Year 1 Sep 15 6:00 AM,4.967362599,4.967362599,0
Year 1 Sep 15 7:00 AM,25.47106752,25.47106752,0
Year 1 Sep 15 8:00 AM,57.863537,57.863537,0
Year 1 Sep 15 9:00 AM,89.75345682,89.75345682,0
Year 1 Sep 15 10:00 AM,99.80051549,99.80051549,0
Year 1 Sep 15 11:00 AM,104.0773016,104.0773016,0
Year 1 Sep 15 12:00 PM,105.9987168,105.9987168,0
Year 1 Sep 15 1:00 PM,101.3574723,101.3574723,0
Year 1 Sep 15 2:00 PM,92.8499747,92.8499747,0
Year 1 Sep 15 3:00 PM,88.17360949,88.17360949,0
Year 1 Sep 15 4:00 PM,77.81092484,77.81092484,0
Year 1 Sep 15 5:00 PM,41.76781574,41.76781574,0
Year 1 Sep 15 6:00 PM,11.5306954,11.5306954,0
Year 1 Sep 15 7:00 PM,0,0,0
Year 1 Sep 15 8:00 PM,0,0,0
Year 1 Sep 15 9:00 PM,0,0,0
Year 1 Sep 15 10:00 PM,0,0,0
Year 1 Sep 15 11:00 PM,0,0,0
Year 1 Sep 16 12:00 AM,0,0,0
Year 1 Sep 16 1:00 AM,0,0,0
Year 1 Sep 16 2:00 AM,0,0,0
Year 1 Sep 16 3:00 AM,0,0,0
Year 1 Sep 16 4:00 AM,0,0,0
Year 1 Sep 16 5:00 AM,0,0,0
Year 1 Sep 16 6:00 AM,4.162191323,4.162191323,0
Year 1 Sep 16 7:00 AM,24.52515667,24.52515667,0
Year 1 Sep 16 8:00 AM,52.24631728,52.24631728,0
Year 1 Sep 16 9:00 AM,65.20350091,65.20350091,0
Year 1 Sep 16 10:00 AM,74.27728505,74.27728505,0
Year 1 Sep 16 11:00 AM,76.8944424,76.8944424,0
Year 1 Sep 16 12:00 PM,81.07226191,81.07226191,0
Year 1 Sep 16 1:00 PM,93.94240739,93.94240739,0
Year 1 Sep 16 2:00 PM,116.6231561,116.6231561,0
Year 1 Sep 16 3:00 PM,93.17225579,93.17225579,0
Year 1 Sep 16 4:00 PM,63.57809242,63.57809242,0
Year 1 Sep 16 5:00 PM,44.65415321,44.65415321,0
Year 1 Sep 16 6:00 PM,12.84630179,12.84630179,0
Year 1 Sep 16 7:00 PM,0,0,0
Year 1 Sep 16 8:00 PM,0,0,0
Year 1 Sep 16 9:00 PM,0,0,0
Year 1 Sep 16 10:00 PM,0,0,0
Year 1 Sep 16 11:00 PM,0,0,0
Year 1 Sep 17 12:00 AM,0,0,0
Year 1 Sep 17 1:00 AM,0,0,0
Year 1 Sep 17 2:00 AM,0,0,0
Year 1 Sep 17 3:00 AM,0,0,0
Year 1 Sep 17 4:00 AM,0,0,0
Year 1 Sep 17 5:00 AM,0,0,0
Year 1 Sep 17 6:00 AM,3.119103406,3.119103406,0
Year 1 Sep 17 7:00 AM,15.26689894,15.26689894,0
Year 1 Sep 17 8:00 AM,26.48419975,26.48419975,0
Year 1 Sep 17 9:00 AM,41.82364818,41.82364818,0
Year 1 Sep 17 10:00 AM,62.19637918,62.19637918,0
Year 1 Sep 17 11:00 AM,107.8589522,107.8589522,0
Year 1 Sep 17 12:00 PM,122.8744675,122.8744675,0
Year 1 Sep 17 1:00 PM,117.2505748,117.2505748,0
Year 1 Sep 17 2:00 PM,109.1981479,109.1981479,0
Year 1 Sep 17 3:00 PM,69.72414895,69.72414895,0
Year 1 Sep 17 4:00 PM,68.03813855,68.03813855,0
Year 1 Sep 17 5:00 PM,33.75612868,33.75612868,0
Year 1 Sep 17 6:00 PM,8.987190941,8.987190941,0
Year 1 Sep 17 7:00 PM,0,0,0
Year 1 Sep 17 8:00 PM,0,0,0
Year 1 Sep 17 9:00 PM,0,0,0
Year 1 Sep 17 10:00 PM,0,0,0
Year 1 Sep 17 11:00 PM,0,0,0
Year 1 Sep 18 12:00 AM,0,0,0
Year 1 Sep 18 1:00 AM,0,0,0
Year 1 Sep 18 2:00 AM,0,0,0
Year 1 Sep 18 3:00 AM,0,0,0
Year 1 Sep 18 4:00 AM,0,0,0
Year 1 Sep 18 5:00 AM,0,0,0
Year 1 Sep 18 6:00 AM,3.647355686,3.647355686,0
Year 1 Sep 18 7:00 AM,20.10862291,20.10862291,0
Year 1 Sep 18 8:00 AM,42.10874053,42.10874053,0
Year 1 Sep 18 9:00 AM,74.26604704,74.26604704,0
Year 1 Sep 18 10:00 AM,92.12491443,92.12491443,0
Year 1 Sep 18 11:00 AM,112.793871,112.793871,0
Year 1 Sep 18 12:00 PM,119.4869281,119.4869281,0
Year 1 Sep 18 1:00 PM,110.8952961,110.8952961,0
Year 1 Sep 18 2:00 PM,74.1540712,74.1540712,0
Year 1 Sep 18 3:00 PM,64.57562446,64.57562446,0
Year 1 Sep 18 4:00 PM,41.97761083,41.97761083,0
Year 1 Sep 18 5:00 PM,24.04551789,24.04551789,0
Year 1 Sep 18 6:00 PM,7.129001899,7.129001899,0
Year 1 Sep 18 7:00 PM,0,0,0
Year 1 Sep 18 8:00 PM,0,0,0
Year 1 Sep 18 9:00 PM,0,0,0
Year 1 Sep 18 10:00 PM,0,0,0
Year 1 Sep 18 11:00 PM,0,0,0
Year 1 Sep 19 12:00 AM,0,0,0
Year 1 Sep 19 1:00 AM,0,0,0
Year 1 Sep 19 2:00 AM,0,0,0
Year 1 Sep 19 3:00 AM,0,0,0
Year 1 Sep 19 4:00 AM,0,0,0
Year 1 Sep 19 5:00 AM,0,0,0
Year 1 Sep 19 6:00 AM,5.314655479,5.314655479,0
Year 1 Sep 19 7:00 AM,25.9231675,25.9231675,0
Year 1 Sep 19 8:00 AM,41.96197767,41.96197767,0
Year 1 Sep 19 9:00 AM,50.66973052,50.66973052,0
Year 1 Sep 19 10:00 AM,59.94974143,59.94974143,0
Year 1 Sep 19 11:00 AM,87.01680649,87.01680649,0
Year 1 Sep 19 12:00 PM,110.6828143,110.6828143,0
Year 1 Sep 19 1:00 PM,117.1810063,117.1810063,0
Year 1 Sep 19 2:00 PM,101.0885654,101.0885654,0
Year 1 Sep 19 3:00 PM,82.60326981,82.60326981,0
Year 1 Sep 19 4:00 PM,54.17718171,54.17718171,0
Year 1 Sep 19 5:00 PM,21.00207112,21.00207112,0
Year 1 Sep 19 6:00 PM,6.342150421,6.342150421,0
Year 1 Sep 19 7:00 PM,0,0,0
Year 1 Sep 19 8:00 PM,0,0,0
Year 1 Sep 19 9:00 PM,0,0,0
Year 1 Sep 19 10:00 PM,0,0,0
Year 1 Sep 19 11:00 PM,0,0,0
Year 1 Sep 20 12:00 AM,0,0,0
Year 1 Sep 20 1:00 AM,0,0,0
Year 1 Sep 20 2:00 AM,0,0,0
Year 1 Sep 20 3:00 AM,0,0,0
Year 1 Sep 20 4:00 AM,0,0,0
Year 1 Sep 20 5:00 AM,0,0,0
Year 1 Sep 20 6:00 AM,3.044604736,3.044604736,0
Year 1 Sep 20 7:00 AM,24.72149636,24.72149636,0
Year 1 Sep 20 8:00 AM,49.83532851,49.83532851,0
Year 1 Sep 20 9:00 AM,75.69607037,75.69607037,0
Year 1 Sep 20 10:00 AM,100.1926149,100.1926149,0
Year 1 Sep 20 11:00 AM,75.17254031,75.17254031,0
Year 1 Sep 20 12:00 PM,115.1704336,115.1704336,0
Year 1 Sep 20 1:00 PM,113.1288677,113.1288677,0
Year 1 Sep 20 2:00 PM,95.29081484,95.29081484,0
Year 1 Sep 20 3:00 PM,75.88208478,75.88208478,0
Year 1 Sep 20 4:00 PM,45.39382435,45.39382435,0
Year 1 Sep 20 5:00 PM,33.80826038,33.80826038,0
Year 1 Sep 20 6:00 PM,7.204620636,7.204620636,0
Year 1 Sep 20 7:00 PM,0,0,0
Year 1 Sep 20 8:00 PM,0,0,0
Year 1 Sep 20 9:00 PM,0,0,0
Year 1 Sep 20 10:00 PM,0,0,0
Year 1 Sep 20 11:00 PM,0,0,0
Year 1 Sep 21 12:00 AM,0,0,0
Year 1 Sep 21 1:00 AM,0,0,0
Year 1 Sep 21 2:00 AM,0,0,0
Year 1 Sep 21 3:00 AM,0,0,0
Year 1 Sep 21 4:00 AM,0,0,0
Year 1 Sep 21 5:00 AM,0,0,0
Year 1 Sep 21 6:00 AM,3.678982785,3.678982785,0
Year 1 Sep 21 7:00 AM,24.92373066,24.92373066,0
Year 1 Sep 21 8:00 AM,40.28842288,40.28842288,0
Year 1 Sep 21 9:00 AM,68.69921584,68.69921584,0
Year 1 Sep 21 10:00 AM,93.56449683,93.56449683,0
Year 1 Sep 21 11:00 AM,75.03982135,75.03982135,0
Year 1 Sep 21 12:00 PM,88.48998644,88.48998644,0
Year 1 Sep 21 1:00 PM,109.2557154,109.2557154,0
Year 1 Sep 21 2:00 PM,79.91877852,79.91877852,0
Year 1 Sep 21 3:00 PM,64.07997742,64.07997742,0
Year 1 Sep 21 4:00 PM,44.45825255,44.45825255,0
Year 1 Sep 21 5:00 PM,23.78291431,23.78291431,0
Year 1 Sep 21 6:00 PM,4.678329895,4.678329895,0
Year 1 Sep 21 7:00 PM,0,0,0
Year 1 Sep 21 8:00 PM,0,0,0
Year 1 Sep 21 9:00 PM,0,0,0
Year 1 Sep 21 10:00 PM,0,0,0
Year 1 Sep 21 11:00 PM,0,0,0
Year 1 Sep 22 12:00 AM,0,0,0
Year 1 Sep 22 1:00 AM,0,0,0
Year 1 Sep 22 2:00 AM,0,0,0
Year 1 Sep 22 3:00 AM,0,0,0
Year 1 Sep 22 4:00 AM,0,0,0
Year 1 Sep 22 5:00 AM,0,0,0
Year 1 Sep 22 6:00 AM,3.775734087,3.775734087,0
Year 1 Sep 22 7:00 AM,26.75788339,26.75788339,0
Year 1 Sep 22 8:00 AM,46.60764019,46.60764019,0
Year 1 Sep 22 9:00 AM,88.07277794,88.07277794,0
Year 1 Sep 22 10:00 AM,114.1112169,114.1112169,0
Year 1 Sep 22 11:00 AM,108.8407461,108.8407461,0
Year 1 Sep 22 12:00 PM,105.9942277,105.9942277,0
Year 1 Sep 22 1:00 PM,107.7872166,107.7872166,0
Year 1 Sep 22 2:00 PM,89.82748418,89.82748418,0
Year 1 Sep 22 3:00 PM,52.31269922,52.31269922,0
Year 1 Sep 22 4:00 PM,50.18245868,50.18245868,0
Year 1 Sep 22 5:00 PM,30.6322646,30.6322646,0
Year 1 Sep 22 6:00 PM,8.542814167,8.542814167,0
Year 1 Sep 22 7:00 PM,0,0,0
Year 1 Sep 22 8:00 PM,0,0,0
Year 1 Sep 22 9:00 PM,0,0,0
Year 1 Sep 22 10:00 PM,0,0,0
Year 1 Sep 22 11:00 PM,0,0,0
Year 1 Sep 23 12:00 AM,0,0,0
Year 1 Sep 23 1:00 AM,0,0,0
Year 1 Sep 23 2:00 AM,0,0,0
Year 1 Sep 23 3:00 AM,0,0,0
Year 1 Sep 23 4:00 AM,0,0,0
Year 1 Sep 23 5:00 AM,0,0,0
Year 1 Sep 23 6:00 AM,3.518022679,3.518022679,0
Year 1 Sep 23 7:00 AM,23.19640087,23.19640087,0
Year 1 Sep 23 8:00 AM,35.87741347,35.87741347,0
Year 1 Sep 23 9:00 AM,46.23576335,46.23576335,0
Year 1 Sep 23 10:00 AM,51.51329349,51.51329349,0
Year 1 Sep 23 11:00 AM,56.5697996,56.5697996,0
Year 1 Sep 23 12:00 PM,73.2186108,73.2186108,0
Year 1 Sep 23 1:00 PM,75.43870601,75.43870601,0
Year 1 Sep 23 2:00 PM,72.16121783,72.16121783,0
Year 1 Sep 23 3:00 PM,50.10191432,50.10191432,0
Year 1 Sep 23 4:00 PM,39.00276908,39.00276908,0
Year 1 Sep 23 5:00 PM,27.43127495,27.43127495,0
Year 1 Sep 23 6:00 PM,8.445225302,8.445225302,0
Year 1 Sep 23 7:00 PM,0,0,0
Year 1 Sep 23 8:00 PM,0,0,0
Year 1 Sep 23 9:00 PM,0,0,0
Year 1 Sep 23 10:00 PM,0,0,0
Year 1 Sep 23 11:00 PM,0,0,0
Year 1 Sep 24 12:00 AM,0,0,0
Year 1 Sep 24 1:00 AM,0,0,0
Year 1 Sep 24 2:00 AM,0,0,0
Year 1 Sep 24 3:00 AM,0,0,0
Year 1 Sep 24 4:00 AM,0,0,0
Year 1 Sep 24 5:00 AM,0,0,0
Year 1 Sep 24 6:00 AM,3.092587842,3.092587842,0
Year 1 Sep 24 7:00 AM,22.60802783,22.60802783,0
Year 1 Sep 24 8:00 AM,46.45613736,46.45613736,0
Year 1 Sep 24 9:00 AM,70.15695551,70.15695551,0
Year 1 Sep 24 10:00 AM,59.65886783,59.65886783,0
Year 1 Sep 24 11:00 AM,58.27800437,58.27800437,0
Year 1 Sep 24 12:00 PM,72.36798533,72.36798533,0
Year 1 Sep 24 1:00 PM,64.45139899,64.45139899,0
Year 1 Sep 24 2:00 PM,75.4443413,75.4443413,0
Year 1 Sep 24 3:00 PM,63.43940117,63.43940117,0
Year 1 Sep 24 4:00 PM,49.01791863,49.01791863,0
Year 1 Sep 24 5:00 PM,32.26389665,32.26389665,0
Year 1 Sep 24 6:00 PM,5.820366134,5.820366134,0
Year 1 Sep 24 7:00 PM,0,0,0
Year 1 Sep 24 8:00 PM,0,0,0
Year 1 Sep 24 9:00 PM,0,0,0
Year 1 Sep 24 10:00 PM,0,0,0
Year 1 Sep 24 11:00 PM,0,0,0
Year 1 Sep 25 12:00 AM,0,0,0
Year 1 Sep 25 1:00 AM,0,0,0
Year 1 Sep 25 2:00 AM,0,0,0
Year 1 Sep 25 3:00 AM,0,0,0
Year 1 Sep 25 4:00 AM,0,0,0
Year 1 Sep 25 5:00 AM,0,0,0
Year 1 Sep 25 6:00 AM,3.047470988,3.047470988,0
Year 1 Sep 25 7:00 AM,23.77669731,23.77669731,0
Year 1 Sep 25 8:00 AM,44.83844761,44.83844761,0
Year 1 Sep 25 9:00 AM,57.57298576,57.57298576,0
Year 1 Sep 25 10:00 AM,62.93733423,62.93733423,0
Year 1 Sep 25 11:00 AM,58.06981756,58.06981756,0
Year 1 Sep 25 12:00 PM,57.48112902,57.48112902,0
Year 1 Sep 25 1:00 PM,58.7069288,58.7069288,0
Year 1 Sep 25 2:00 PM,57.08555701,57.08555701,0
Year 1 Sep 25 3:00 PM,49.98610237,49.98610237,0
Year 1 Sep 25 4:00 PM,42.49615217,42.49615217,0
Year 1 Sep 25 5:00 PM,28.82241251,28.82241251,0
Year 1 Sep 25 6:00 PM,8.14008976,8.14008976,0
Year 1 Sep 25 7:00 PM,0,0,0
Year 1 Sep 25 8:00 PM,0,0,0
Year 1 Sep 25 9:00 PM,0,0,0
Year 1 Sep 25 10:00 PM,0,0,0
Year 1 Sep 25 11:00 PM,0,0,0
Year 1 Sep 26 12:00 AM,0,0,0
Year 1 Sep 26 1:00 AM,0,0,0
Year 1 Sep 26 2:00 AM,0,0,0
Year 1 Sep 26 3:00 AM,0,0,0
Year 1 Sep 26 4:00 AM,0,0,0
Year 1 Sep 26 5:00 AM,0,0,0
Year 1 Sep 26 6:00 AM,3.466983308,3.466983308,0
Year 1 Sep 26 7:00 AM,23.56662802,23.56662802,0
Year 1 Sep 26 8:00 AM,41.93092678,41.93092678,0
Year 1 Sep 26 9:00 AM,51.85414512,51.85414512,0
Year 1 Sep 26 10:00 AM,56.45680507,56.45680507,0
Year 1 Sep 26 11:00 AM,61.03601436,61.03601436,0
Year 1 Sep 26 12:00 PM,62.61134214,62.61134214,0
Year 1 Sep 26 1:00 PM,62.59165016,62.59165016,0
Year 1 Sep 26 2:00 PM,56.76782803,56.76782803,0
Year 1 Sep 26 3:00 PM,55.22844502,55.22844502,0
Year 1 Sep 26 4:00 PM,52.96638144,52.96638144,0
Year 1 Sep 26 5:00 PM,34.34014158,34.34014158,0
Year 1 Sep 26 6:00 PM,6.333695001,6.333695001,0
Year 1 Sep 26 7:00 PM,0,0,0
Year 1 Sep 26 8:00 PM,0,0,0
Year 1 Sep 26 9:00 PM,0,0,0
Year 1 Sep 26 10:00 PM,0,0,0
Year 1 Sep 26 11:00 PM,0,0,0
Year 1 Sep 27 12:00 AM,0,0,0
Year 1 Sep 27 1:00 AM,0,0,0
Year 1 Sep 27 2:00 AM,0,0,0
Year 1 Sep 27 3:00 AM,0,0,0
Year 1 Sep 27 4:00 AM,0,0,0
Year 1 Sep 27 5:00 AM,0,0,0
Year 1 Sep 27 6:00 AM,2.871270347,2.871270347,0
Year 1 Sep 27 7:00 AM,22.02450502,22.02450502,0
Year 1 Sep 27 8:00 AM,36.67319194,36.67319194,0
Year 1 Sep 27 9:00 AM,49.92619601,49.92619601,0
Year 1 Sep 27 10:00 AM,80.64589015,80.64589015,0
Year 1 Sep 27 11:00 AM,99.84280781,99.84280781,0
Year 1 Sep 27 12:00 PM,113.5394975,113.5394975,0
Year 1 Sep 27 1:00 PM,83.51584749,83.51584749,0
Year 1 Sep 27 2:00 PM,54.76024082,54.76024082,0
Year 1 Sep 27 3:00 PM,47.82420355,47.82420355,0
Year 1 Sep 27 4:00 PM,38.47843909,38.47843909,0
Year 1 Sep 27 5:00 PM,28.93889035,28.93889035,0
Year 1 Sep 27 6:00 PM,6.245302603,6.245302603,0
Year 1 Sep 27 7:00 PM,0,0,0
Year 1 Sep 27 8:00 PM,0,0,0
Year 1 Sep 27 9:00 PM,0,0,0
Year 1 Sep 27 10:00 PM,0,0,0
Year 1 Sep 27 11:00 PM,0,0,0
Year 1 Sep 28 12:00 AM,0,0,0
Year 1 Sep 28 1:00 AM,0,0,0
Year 1 Sep 28 2:00 AM,0,0,0
Year 1 Sep 28 3:00 AM,0,0,0
Year 1 Sep 28 4:00 AM,0,0,0
Year 1 Sep 28 5:00 AM,0,0,0
Year 1 Sep 28 6:00 AM,3.354919447,3.354919447,0
Year 1 Sep 28 7:00 AM,23.0119859,23.0119859,0
Year 1 Sep 28 8:00 AM,32.79836747,32.79836747,0
Year 1 Sep 28 9:00 AM,49.13338812,49.13338812,0
Year 1 Sep 28 10:00 AM,72.51839834,72.51839834,0
Year 1 Sep 28 11:00 AM,55.61513148,55.61513148,0
Year 1 Sep 28 12:00 PM,89.9757987,89.9757987,0
Year 1 Sep 28 1:00 PM,78.26839905,78.26839905,0
Year 1 Sep 28 2:00 PM,85.52458328,85.52458328,0
Year 1 Sep 28 3:00 PM,79.92383979,79.92383979,0
Year 1 Sep 28 4:00 PM,60.97822351,60.97822351,0
Year 1 Sep 28 5:00 PM,28.9699124,28.9699124,0
Year 1 Sep 28 6:00 PM,4.837011797,4.837011797,0
Year 1 Sep 28 7:00 PM,0,0,0
Year 1 Sep 28 8:00 PM,0,0,0
Year 1 Sep 28 9:00 PM,0,0,0
Year 1 Sep 28 10:00 PM,0,0,0
Year 1 Sep 28 11:00 PM,0,0,0
Year 1 Sep 29 12:00 AM,0,0,0
Year 1 Sep 29 1:00 AM,0,0,0
Year 1 Sep 29 2:00 AM,0,0,0
Year 1 Sep 29 3:00 AM,0,0,0
Year 1 Sep 29 4:00 AM,0,0,0
Year 1 Sep 29 5:00 AM,0,0,0
Year 1 Sep 29 6:00 AM,2.670657254,2.670657254,0
Year 1 Sep 29 7:00 AM,21.31890611,21.31890611,0
Year 1 Sep 29 8:00 AM,35.11847705,35.11847705,0
Year 1 Sep 29 9:00 AM,44.86386994,44.86386994,0
Year 1 Sep 29 10:00 AM,65.21042097,65.21042097,0
Year 1 Sep 29 11:00 AM,105.091709,105.091709,0
Year 1 Sep 29 12:00 PM,111.2206162,111.2206162,0
Year 1 Sep 29 1:00 PM,101.9921472,101.9921472,0
Year 1 Sep 29 2:00 PM,87.55051878,87.55051878,0
Year 1 Sep 29 3:00 PM,69.58789296,69.58789296,0
Year 1 Sep 29 4:00 PM,54.57645214,54.57645214,0
Year 1 Sep 29 5:00 PM,27.35482119,27.35482119,0
Year 1 Sep 29 6:00 PM,5.463951282,5.463951282,0
Year 1 Sep 29 7:00 PM,0,0,0
Year 1 Sep 29 8:00 PM,0,0,0
Year 1 Sep 29 9:00 PM,0,0,0
Year 1 Sep 29 10:00 PM,0,0,0
Year 1 Sep 29 11:00 PM,0,0,0
Year 1 Sep 30 12:00 AM,0,0,0
Year 1 Sep 30 1:00 AM,0,0,0
Year 1 Sep 30 2:00 AM,0,0,0
Year 1 Sep 30 3:00 AM,0,0,0
Year 1 Sep 30 4:00 AM,0,0,0
Year 1 Sep 30 5:00 AM,0,0,0
Year 1 Sep 30 6:00 AM,1.599449905,1.599449905,0
Year 1 Sep 30 7:00 AM,22.81004373,22.81004373,0
Year 1 Sep 30 8:00 AM,51.07714566,51.07714566,0
Year 1 Sep 30 9:00 AM,74.73464879,74.73464879,0
Year 1 Sep 30 10:00 AM,87.91885976,87.91885976,0
Year 1 Sep 30 11:00 AM,93.69361955,93.69361955,0
Year 1 Sep 30 12:00 PM,90.22849547,90.22849547,0
Year 1 Sep 30 1:00 PM,87.03694492,87.03694492,0
Year 1 Sep 30 2:00 PM,87.11991834,87.11991834,0
Year 1 Sep 30 3:00 PM,75.77535751,75.77535751,0
Year 1 Sep 30 4:00 PM,57.64749972,57.64749972,0
Year 1 Sep 30 5:00 PM,30.85711518,30.85711518,0
Year 1 Sep 30 6:00 PM,4.841555272,4.841555272,0
Year 1 Sep 30 7:00 PM,0,0,0
Year 1 Sep 30 8:00 PM,0,0,0
Year 1 Sep 30 9:00 PM,0,0,0
Year 1 Sep 30 10:00 PM,0,0,0
Year 1 Sep 30 11:00 PM,0,0,0
Year 1 Oct 01 12:00 AM,0,0,0
Year 1 Oct 01 1:00 AM,0,0,0
Year 1 Oct 01 2:00 AM,0,0,0
Year 1 Oct 01 3:00 AM,0,0,0
Year 1 Oct 01 4:00 AM,0,0,0
Year 1 Oct 01 5:00 AM,0,0,0
Year 1 Oct 01 6:00 AM,1.678453141,1.678453141,0
Year 1 Oct 01 7:00 AM,22.53855171,22.53855171,0
Year 1 Oct 01 8:00 AM,42.10486471,42.10486471,0
Year 1 Oct 01 9:00 AM,57.20751532,57.20751532,0
Year 1 Oct 01 10:00 AM,62.43723585,62.43723585,0
Year 1 Oct 01 11:00 AM,64.53470156,64.53470156,0
Year 1 Oct 01 12:00 PM,79.14881456,79.14881456,0
Year 1 Oct 01 1:00 PM,83.45281701,83.45281701,0
Year 1 Oct 01 2:00 PM,78.12063272,78.12063272,0
Year 1 Oct 01 3:00 PM,64.75111419,64.75111419,0
Year 1 Oct 01 4:00 PM,47.58846054,47.58846054,0
Year 1 Oct 01 5:00 PM,27.55580566,27.55580566,0
Year 1 Oct 01 6:00 PM,5.105741915,5.105741915,0
Year 1 Oct 01 7:00 PM,0,0,0
Year 1 Oct 01 8:00 PM,0,0,0
Year 1 Oct 01 9:00 PM,0,0,0
Year 1 Oct 01 10:00 PM,0,0,0
Year 1 Oct 01 11:00 PM,0,0,0
Year 1 Oct 02 12:00 AM,0,0,0
Year 1 Oct 02 1:00 AM,0,0,0
Year 1 Oct 02 2:00 AM,0,0,0
Year 1 Oct 02 3:00 AM,0,0,0
Year 1 Oct 02 4:00 AM,0,0,0
Year 1 Oct 02 5:00 AM,0,0,0
Year 1 Oct 02 6:00 AM,1.560906842,1.560906842,0
Year 1 Oct 02 7:00 AM,19.77636143,19.77636143,0
Year 1 Oct 02 8:00 AM,38.30756884,38.30756884,0
Year 1 Oct 02 9:00 AM,51.4805727,51.4805727,0
Year 1 Oct 02 10:00 AM,60.90952957,60.90952957,0
Year 1 Oct 02 11:00 AM,52.3433442,52.3433442,0
Year 1 Oct 02 12:00 PM,54.87688575,54.87688575,0
Year 1 Oct 02 1:00 PM,44.30062469,44.30062469,0
Year 1 Oct 02 2:00 PM,57.78109791,57.78109791,0
Year 1 Oct 02 3:00 PM,65.45999494,65.45999494,0
Year 1 Oct 02 4:00 PM,44.7445847,44.7445847,0
Year 1 Oct 02 5:00 PM,19.64522296,19.64522296,0
Year 1 Oct 02 6:00 PM,2.312886773,2.312886773,0
Year 1 Oct 02 7:00 PM,0,0,0
Year 1 Oct 02 8:00 PM,0,0,0
Year 1 Oct 02 9:00 PM,0,0,0
Year 1 Oct 02 10:00 PM,0,0,0
Year 1 Oct 02 11:00 PM,0,0,0
Year 1 Oct 03 12:00 AM,0,0,0
Year 1 Oct 03 1:00 AM,0,0,0
Year 1 Oct 03 2:00 AM,0,0,0
Year 1 Oct 03 3:00 AM,0,0,0
Year 1 Oct 03 4:00 AM,0,0,0
Year 1 Oct 03 5:00 AM,0,0,0
Year 1 Oct 03 6:00 AM,0.962706556,0.962706556,0
Year 1 Oct 03 7:00 AM,16.25867596,16.25867596,0
Year 1 Oct 03 8:00 AM,45.61381637,45.61381637,0
Year 1 Oct 03 9:00 AM,76.23271255,76.23271255,0
Year 1 Oct 03 10:00 AM,97.86127286,97.86127286,0
Year 1 Oct 03 11:00 AM,108.7847887,108.7847887,0
Year 1 Oct 03 12:00 PM,102.9123934,102.9123934,0
Year 1 Oct 03 1:00 PM,98.76234743,98.76234743,0
Year 1 Oct 03 2:00 PM,88.19680895,88.19680895,0
Year 1 Oct 03 3:00 PM,73.71009034,73.71009034,0
Year 1 Oct 03 4:00 PM,51.49108892,51.49108892,0
Year 1 Oct 03 5:00 PM,28.47264249,28.47264249,0
Year 1 Oct 03 6:00 PM,3.890038095,3.890038095,0
Year 1 Oct 03 7:00 PM,0,0,0
Year 1 Oct 03 8:00 PM,0,0,0
Year 1 Oct 03 9:00 PM,0,0,0
Year 1 Oct 03 10:00 PM,0,0,0
Year 1 Oct 03 11:00 PM,0,0,0
Year 1 Oct 04 12:00 AM,0,0,0
Year 1 Oct 04 1:00 AM,0,0,0
Year 1 Oct 04 2:00 AM,0,0,0
Year 1 Oct 04 3:00 AM,0,0,0
Year 1 Oct 04 4:00 AM,0,0,0
Year 1 Oct 04 5:00 AM,0,0,0
Year 1 Oct 04 6:00 AM,1.375588843,1.375588843,0
Year 1 Oct 04 7:00 AM,20.33073531,20.33073531,0
Year 1 Oct 04 8:00 AM,40.75720514,40.75720514,0
Year 1 Oct 04 9:00 AM,58.5488293,58.5488293,0
Year 1 Oct 04 10:00 AM,78.92506752,78.92506752,0
Year 1 Oct 04 11:00 AM,75.69476527,75.69476527,0
Year 1 Oct 04 12:00 PM,85.40629776,85.40629776,0
Year 1 Oct 04 1:00 PM,88.66197476,88.66197476,0
Year 1 Oct 04 2:00 PM,91.67242502,91.67242502,0
Year 1 Oct 04 3:00 PM,76.64958436,76.64958436,0
Year 1 Oct 04 4:00 PM,53.35957743,53.35957743,0
Year 1 Oct 04 5:00 PM,29.37809204,29.37809204,0
Year 1 Oct 04 6:00 PM,3.744023234,3.744023234,0
Year 1 Oct 04 7:00 PM,0,0,0
Year 1 Oct 04 8:00 PM,0,0,0
Year 1 Oct 04 9:00 PM,0,0,0
Year 1 Oct 04 10:00 PM,0,0,0
Year 1 Oct 04 11:00 PM,0,0,0
Year 1 Oct 05 12:00 AM,0,0,0
Year 1 Oct 05 1:00 AM,0,0,0
Year 1 Oct 05 2:00 AM,0,0,0
Year 1 Oct 05 3:00 AM,0,0,0
Year 1 Oct 05 4:00 AM,0,0,0
Year 1 Oct 05 5:00 AM,0,0,0
Year 1 Oct 05 6:00 AM,1.374101385,1.374101385,0
Year 1 Oct 05 7:00 AM,21.23594606,21.23594606,0
Year 1 Oct 05 8:00 AM,42.9575304,42.9575304,0
Year 1 Oct 05 9:00 AM,51.7540488,51.7540488,0
Year 1 Oct 05 10:00 AM,60.35914813,60.35914813,0
Year 1 Oct 05 11:00 AM,77.19209597,77.19209597,0
Year 1 Oct 05 12:00 PM,86.97491871,86.97491871,0
Year 1 Oct 05 1:00 PM,80.47756366,80.47756366,0
Year 1 Oct 05 2:00 PM,57.06512483,57.06512483,0
Year 1 Oct 05 3:00 PM,40.65636794,40.65636794,0
Year 1 Oct 05 4:00 PM,33.1254556,33.1254556,0
Year 1 Oct 05 5:00 PM,11.61947844,11.61947844,0
Year 1 Oct 05 6:00 PM,1.790437243,1.790437243,0
Year 1 Oct 05 7:00 PM,0,0,0
Year 1 Oct 05 8:00 PM,0,0,0
Year 1 Oct 05 9:00 PM,0,0,0
Year 1 Oct 05 10:00 PM,0,0,0
Year 1 Oct 05 11:00 PM,0,0,0
Year 1 Oct 06 12:00 AM,0,0,0
Year 1 Oct 06 1:00 AM,0,0,0
Year 1 Oct 06 2:00 AM,0,0,0
Year 1 Oct 06 3:00 AM,0,0,0
Year 1 Oct 06 4:00 AM,0,0,0
Year 1 Oct 06 5:00 AM,0,0,0
Year 1 Oct 06 6:00 AM,1.105561793,1.105561793,0
Year 1 Oct 06 7:00 AM,18.00773738,18.00773738,0
Year 1 Oct 06 8:00 AM,44.53791176,44.53791176,0
Year 1 Oct 06 9:00 AM,60.5534027,60.5534027,0
Year 1 Oct 06 10:00 AM,84.42814699,84.42814699,0
Year 1 Oct 06 11:00 AM,98.4443512,98.4443512,0
Year 1 Oct 06 12:00 PM,101.5063425,101.5063425,0
Year 1 Oct 06 1:00 PM,99.5353703,99.5353703,0
Year 1 Oct 06 2:00 PM,83.1736083,83.1736083,0
Year 1 Oct 06 3:00 PM,66.77691902,66.77691902,0
Year 1 Oct 06 4:00 PM,49.28827775,49.28827775,0
Year 1 Oct 06 5:00 PM,21.15287472,21.15287472,0
Year 1 Oct 06 6:00 PM,2.485866028,2.485866028,0
Year 1 Oct 06 7:00 PM,0,0,0
Year 1 Oct 06 8:00 PM,0,0,0
Year 1 Oct 06 9:00 PM,0,0,0
Year 1 Oct 06 10:00 PM,0,0,0
Year 1 Oct 06 11:00 PM,0,0,0
Year 1 Oct 07 12:00 AM,0,0,0
Year 1 Oct 07 1:00 AM,0,0,0
Year 1 Oct 07 2:00 AM,0,0,0
Year 1 Oct 07 3:00 AM,0,0,0
Year 1 Oct 07 4:00 AM,0,0,0
Year 1 Oct 07 5:00 AM,0,0,0
Year 1 Oct 07 6:00 AM,1.283526668,1.283526668,0
Year 1 Oct 07 7:00 AM,18.9166465,18.9166465,0
Year 1 Oct 07 8:00 AM,43.50278983,43.50278983,0
Year 1 Oct 07 9:00 AM,75.47005297,75.47005297,0
Year 1 Oct 07 10:00 AM,94.85150758,94.85150758,0
Year 1 Oct 07 11:00 AM,99.60007293,99.60007293,0
Year 1 Oct 07 12:00 PM,98.81822799,98.81822799,0
Year 1 Oct 07 1:00 PM,101.7572854,101.7572854,0
Year 1 Oct 07 2:00 PM,87.87896011,87.87896011,0
Year 1 Oct 07 3:00 PM,57.80301368,57.80301368,0
Year 1 Oct 07 4:00 PM,43.15696048,43.15696048,0
Year 1 Oct 07 5:00 PM,17.32670422,17.32670422,0
Year 1 Oct 07 6:00 PM,1.894141512,1.894141512,0
Year 1 Oct 07 7:00 PM,0,0,0
Year 1 Oct 07 8:00 PM,0,0,0
Year 1 Oct 07 9:00 PM,0,0,0
Year 1 Oct 07 10:00 PM,0,0,0
Year 1 Oct 07 11:00 PM,0,0,0
Year 1 Oct 08 12:00 AM,0,0,0
Year 1 Oct 08 1:00 AM,0,0,0
Year 1 Oct 08 2:00 AM,0,0,0
Year 1 Oct 08 3:00 AM,0,0,0
Year 1 Oct 08 4:00 AM,0,0,0
Year 1 Oct 08 5:00 AM,0,0,0
Year 1 Oct 08 6:00 AM,1.300710408,1.300710408,0
Year 1 Oct 08 7:00 AM,16.5918039,16.5918039,0
Year 1 Oct 08 8:00 AM,29.9936313,29.9936313,0
Year 1 Oct 08 9:00 AM,38.32348636,38.32348636,0
Year 1 Oct 08 10:00 AM,48.11784914,48.11784914,0
Year 1 Oct 08 11:00 AM,53.77378806,53.77378806,0
Year 1 Oct 08 12:00 PM,47.70775913,47.70775913,0
Year 1 Oct 08 1:00 PM,48.88245452,48.88245452,0
Year 1 Oct 08 2:00 PM,57.90918329,57.90918329,0
Year 1 Oct 08 3:00 PM,58.47665823,58.47665823,0
Year 1 Oct 08 4:00 PM,42.84970237,42.84970237,0
Year 1 Oct 08 5:00 PM,23.18612448,23.18612448,0
Year 1 Oct 08 6:00 PM,1.739010889,1.739010889,0
Year 1 Oct 08 7:00 PM,0,0,0
Year 1 Oct 08 8:00 PM,0,0,0
Year 1 Oct 08 9:00 PM,0,0,0
Year 1 Oct 08 10:00 PM,0,0,0
Year 1 Oct 08 11:00 PM,0,0,0
Year 1 Oct 09 12:00 AM,0,0,0
Year 1 Oct 09 1:00 AM,0,0,0
Year 1 Oct 09 2:00 AM,0,0,0
Year 1 Oct 09 3:00 AM,0,0,0
Year 1 Oct 09 4:00 AM,0,0,0
Year 1 Oct 09 5:00 AM,0,0,0
Year 1 Oct 09 6:00 AM,0,0,0
Year 1 Oct 09 7:00 AM,22.51635749,22.51635749,0
Year 1 Oct 09 8:00 AM,49.20171387,49.20171387,0
Year 1 Oct 09 9:00 AM,47.89553063,47.89553063,0
Year 1 Oct 09 10:00 AM,53.60156018,53.60156018,0
Year 1 Oct 09 11:00 AM,60.94691533,60.94691533,0
Year 1 Oct 09 12:00 PM,79.39784453,79.39784453,0
Year 1 Oct 09 1:00 PM,65.19494436,65.19494436,0
Year 1 Oct 09 2:00 PM,70.283553,70.283553,0
Year 1 Oct 09 3:00 PM,66.41900069,66.41900069,0
Year 1 Oct 09 4:00 PM,46.18339275,46.18339275,0
Year 1 Oct 09 5:00 PM,23.23360898,23.23360898,0
Year 1 Oct 09 6:00 PM,1.670306319,1.670306319,0
Year 1 Oct 09 7:00 PM,0,0,0
Year 1 Oct 09 8:00 PM,0,0,0
Year 1 Oct 09 9:00 PM,0,0,0
Year 1 Oct 09 10:00 PM,0,0,0
Year 1 Oct 09 11:00 PM,0,0,0
Year 1 Oct 10 12:00 AM,0,0,0
Year 1 Oct 10 1:00 AM,0,0,0
Year 1 Oct 10 2:00 AM,0,0,0
Year 1 Oct 10 3:00 AM,0,0,0
Year 1 Oct 10 4:00 AM,0,0,0
Year 1 Oct 10 5:00 AM,0,0,0
Year 1 Oct 10 6:00 AM,0,0,0
Year 1 Oct 10 7:00 AM,12.7209984,12.7209984,0
Year 1 Oct 10 8:00 AM,38.13995075,38.13995075,0
Year 1 Oct 10 9:00 AM,56.38300256,56.38300256,0
Year 1 Oct 10 10:00 AM,80.06782979,80.06782979,0
Year 1 Oct 10 11:00 AM,95.38341867,95.38341867,0
Year 1 Oct 10 12:00 PM,104.011639,104.011639,0
Year 1 Oct 10 1:00 PM,100.2717564,100.2717564,0
Year 1 Oct 10 2:00 PM,97.75621196,97.75621196,0
Year 1 Oct 10 3:00 PM,72.13582938,72.13582938,0
Year 1 Oct 10 4:00 PM,47.21133295,47.21133295,0
Year 1 Oct 10 5:00 PM,15.58868613,15.58868613,0
Year 1 Oct 10 6:00 PM,0.874610208,0.874610208,0
Year 1 Oct 10 7:00 PM,0,0,0
Year 1 Oct 10 8:00 PM,0,0,0
Year 1 Oct 10 9:00 PM,0,0,0
Year 1 Oct 10 10:00 PM,0,0,0
Year 1 Oct 10 11:00 PM,0,0,0
Year 1 Oct 11 12:00 AM,0,0,0
Year 1 Oct 11 1:00 AM,0,0,0
Year 1 Oct 11 2:00 AM,0,0,0
Year 1 Oct 11 3:00 AM,0,0,0
Year 1 Oct 11 4:00 AM,0,0,0
Year 1 Oct 11 5:00 AM,0,0,0
Year 1 Oct 11 6:00 AM,0,0,0
Year 1 Oct 11 7:00 AM,15.15014575,15.15014575,0
Year 1 Oct 11 8:00 AM,36.80197056,36.80197056,0
Year 1 Oct 11 9:00 AM,65.95035326,65.95035326,0
Year 1 Oct 11 10:00 AM,74.72214039,74.72214039,0
Year 1 Oct 11 11:00 AM,86.86065164,86.86065164,0
Year 1 Oct 11 12:00 PM,97.51300703,97.51300703,0
Year 1 Oct 11 1:00 PM,97.94829949,97.94829949,0
Year 1 Oct 11 2:00 PM,82.95352292,82.95352292,0
Year 1 Oct 11 3:00 PM,68.20119979,68.20119979,0
Year 1 Oct 11 4:00 PM,47.2988974,47.2988974,0
Year 1 Oct 11 5:00 PM,21.38124652,21.38124652,0
Year 1 Oct 11 6:00 PM,1.28120226,1.28120226,0
Year 1 Oct 11 7:00 PM,0,0,0
Year 1 Oct 11 8:00 PM,0,0,0
Year 1 Oct 11 9:00 PM,0,0,0
Year 1 Oct 11 10:00 PM,0,0,0
Year 1 Oct 11 11:00 PM,0,0,0
Year 1 Oct 12 12:00 AM,0,0,0
Year 1 Oct 12 1:00 AM,0,0,0
Year 1 Oct 12 2:00 AM,0,0,0
Year 1 Oct 12 3:00 AM,0,0,0
Year 1 Oct 12 4:00 AM,0,0,0
Year 1 Oct 12 5:00 AM,0,0,0
Year 1 Oct 12 6:00 AM,0,0,0
Year 1 Oct 12 7:00 AM,18.26420408,18.26420408,0
Year 1 Oct 12 8:00 AM,50.03372858,50.03372858,0
Year 1 Oct 12 9:00 AM,76.91057599,76.91057599,0
Year 1 Oct 12 10:00 AM,92.42912916,92.42912916,0
Year 1 Oct 12 11:00 AM,102.7903118,102.7903118,0
Year 1 Oct 12 12:00 PM,103.0994537,103.0994537,0
Year 1 Oct 12 1:00 PM,99.19009855,99.19009855,0
Year 1 Oct 12 2:00 PM,52.50493402,52.50493402,0
Year 1 Oct 12 3:00 PM,48.61892527,48.61892527,0
Year 1 Oct 12 4:00 PM,24.05757121,24.05757121,0
Year 1 Oct 12 5:00 PM,8.449302257,8.449302257,0
Year 1 Oct 12 6:00 PM,0.599327387,0.599327387,0
Year 1 Oct 12 7:00 PM,0,0,0
Year 1 Oct 12 8:00 PM,0,0,0
Year 1 Oct 12 9:00 PM,0,0,0
Year 1 Oct 12 10:00 PM,0,0,0
Year 1 Oct 12 11:00 PM,0,0,0
Year 1 Oct 13 12:00 AM,0,0,0
Year 1 Oct 13 1:00 AM,0,0,0
Year 1 Oct 13 2:00 AM,0,0,0
Year 1 Oct 13 3:00 AM,0,0,0
Year 1 Oct 13 4:00 AM,0,0,0
Year 1 Oct 13 5:00 AM,0,0,0
Year 1 Oct 13 6:00 AM,0,0,0
Year 1 Oct 13 7:00 AM,14.78852711,14.78852711,0
Year 1 Oct 13 8:00 AM,29.09618219,29.09618219,0
Year 1 Oct 13 9:00 AM,38.81038936,38.81038936,0
Year 1 Oct 13 10:00 AM,51.20186203,51.20186203,0
Year 1 Oct 13 11:00 AM,66.74019359,66.74019359,0
Year 1 Oct 13 12:00 PM,74.33184607,74.33184607,0
Year 1 Oct 13 1:00 PM,73.83109264,73.83109264,0
Year 1 Oct 13 2:00 PM,78.21176017,78.21176017,0
Year 1 Oct 13 3:00 PM,59.41114475,59.41114475,0
Year 1 Oct 13 4:00 PM,38.1902073,38.1902073,0
Year 1 Oct 13 5:00 PM,18.81198126,18.81198126,0
Year 1 Oct 13 6:00 PM,1.138082091,1.138082091,0
Year 1 Oct 13 7:00 PM,0,0,0
Year 1 Oct 13 8:00 PM,0,0,0
Year 1 Oct 13 9:00 PM,0,0,0
Year 1 Oct 13 10:00 PM,0,0,0
Year 1 Oct 13 11:00 PM,0,0,0
Year 1 Oct 14 12:00 AM,0,0,0
Year 1 Oct 14 1:00 AM,0,0,0
Year 1 Oct 14 2:00 AM,0,0,0
Year 1 Oct 14 3:00 AM,0,0,0
Year 1 Oct 14 4:00 AM,0,0,0
Year 1 Oct 14 5:00 AM,0,0,0
Year 1 Oct 14 6:00 AM,0,0,0
Year 1 Oct 14 7:00 AM,15.90397292,15.90397292,0
Year 1 Oct 14 8:00 AM,34.26535892,34.26535892,0
Year 1 Oct 14 9:00 AM,53.65093938,53.65093938,0
Year 1 Oct 14 10:00 AM,81.93284499,81.93284499,0
Year 1 Oct 14 11:00 AM,87.46716595,87.46716595,0
Year 1 Oct 14 12:00 PM,94.46077332,94.46077332,0
Year 1 Oct 14 1:00 PM,101.987967,101.987967,0
Year 1 Oct 14 2:00 PM,80.69155382,80.69155382,0
Year 1 Oct 14 3:00 PM,66.92027407,66.92027407,0
Year 1 Oct 14 4:00 PM,45.52421854,45.52421854,0
Year 1 Oct 14 5:00 PM,20.33102479,20.33102479,0
Year 1 Oct 14 6:00 PM,0,0,0
Year 1 Oct 14 7:00 PM,0,0,0
Year 1 Oct 14 8:00 PM,0,0,0
Year 1 Oct 14 9:00 PM,0,0,0
Year 1 Oct 14 10:00 PM,0,0,0
Year 1 Oct 14 11:00 PM,0,0,0
Year 1 Oct 15 12:00 AM,0,0,0
Year 1 Oct 15 1:00 AM,0,0,0
Year 1 Oct 15 2:00 AM,0,0,0
Year 1 Oct 15 3:00 AM,0,0,0
Year 1 Oct 15 4:00 AM,0,0,0
Year 1 Oct 15 5:00 AM,0,0,0
Year 1 Oct 15 6:00 AM,0,0,0
Year 1 Oct 15 7:00 AM,10.43435425,10.43435425,0
Year 1 Oct 15 8:00 AM,31.19872229,31.19872229,0
Year 1 Oct 15 9:00 AM,41.05616373,41.05616373,0
Year 1 Oct 15 10:00 AM,54.89436821,54.89436821,0
Year 1 Oct 15 11:00 AM,69.30724794,69.30724794,0
Year 1 Oct 15 12:00 PM,95.20227349,95.20227349,0
Year 1 Oct 15 1:00 PM,70.08385232,70.08385232,0
Year 1 Oct 15 2:00 PM,83.42861443,83.42861443,0
Year 1 Oct 15 3:00 PM,72.8392109,72.8392109,0
Year 1 Oct 15 4:00 PM,44.78324342,44.78324342,0
Year 1 Oct 15 5:00 PM,15.32339192,15.32339192,0
Year 1 Oct 15 6:00 PM,0,0,0
Year 1 Oct 15 7:00 PM,0,0,0
Year 1 Oct 15 8:00 PM,0,0,0
Year 1 Oct 15 9:00 PM,0,0,0
Year 1 Oct 15 10:00 PM,0,0,0
Year 1 Oct 15 11:00 PM,0,0,0
Year 1 Oct 16 12:00 AM,0,0,0
Year 1 Oct 16 1:00 AM,0,0,0
Year 1 Oct 16 2:00 AM,0,0,0
Year 1 Oct 16 3:00 AM,0,0,0
Year 1 Oct 16 4:00 AM,0,0,0
Year 1 Oct 16 5:00 AM,0,0,0
Year 1 Oct 16 6:00 AM,0,0,0
Year 1 Oct 16 7:00 AM,9.34895426,9.34895426,0
Year 1 Oct 16 8:00 AM,26.5407586,26.5407586,0
Year 1 Oct 16 9:00 AM,42.66581032,42.66581032,0
Year 1 Oct 16 10:00 AM,90.71507152,90.71507152,0
Year 1 Oct 16 11:00 AM,78.53866482,78.53866482,0
Year 1 Oct 16 12:00 PM,99.19149363,99.19149363,0
Year 1 Oct 16 1:00 PM,96.1336145,96.1336145,0
Year 1 Oct 16 2:00 PM,73.31219305,73.31219305,0
Year 1 Oct 16 3:00 PM,62.77936394,62.77936394,0
Year 1 Oct 16 4:00 PM,48.99251746,48.99251746,0
Year 1 Oct 16 5:00 PM,18.23691869,18.23691869,0
Year 1 Oct 16 6:00 PM,0,0,0
Year 1 Oct 16 7:00 PM,0,0,0
Year 1 Oct 16 8:00 PM,0,0,0
Year 1 Oct 16 9:00 PM,0,0,0
Year 1 Oct 16 10:00 PM,0,0,0
Year 1 Oct 16 11:00 PM,0,0,0
Year 1 Oct 17 12:00 AM,0,0,0
Year 1 Oct 17 1:00 AM,0,0,0
Year 1 Oct 17 2:00 AM,0,0,0
Year 1 Oct 17 3:00 AM,0,0,0
Year 1 Oct 17 4:00 AM,0,0,0
Year 1 Oct 17 5:00 AM,0,0,0
Year 1 Oct 17 6:00 AM,0,0,0
Year 1 Oct 17 7:00 AM,15.6055296,15.6055296,0
Year 1 Oct 17 8:00 AM,35.55245027,35.55245027,0
Year 1 Oct 17 9:00 AM,52.55621078,52.55621078,0
Year 1 Oct 17 10:00 AM,66.79743853,66.79743853,0
Year 1 Oct 17 11:00 AM,82.08374018,82.08374018,0
Year 1 Oct 17 12:00 PM,86.22641118,86.22641118,0
Year 1 Oct 17 1:00 PM,85.69202242,85.69202242,0
Year 1 Oct 17 2:00 PM,74.49866961,74.49866961,0
Year 1 Oct 17 3:00 PM,37.2619385,37.2619385,0
Year 1 Oct 17 4:00 PM,26.57054888,26.57054888,0
Year 1 Oct 17 5:00 PM,14.40335334,14.40335334,0
Year 1 Oct 17 6:00 PM,0,0,0
Year 1 Oct 17 7:00 PM,0,0,0
Year 1 Oct 17 8:00 PM,0,0,0
Year 1 Oct 17 9:00 PM,0,0,0
Year 1 Oct 17 10:00 PM,0,0,0
Year 1 Oct 17 11:00 PM,0,0,0
Year 1 Oct 18 12:00 AM,0,0,0
Year 1 Oct 18 1:00 AM,0,0,0
Year 1 Oct 18 2:00 AM,0,0,0
Year 1 Oct 18 3:00 AM,0,0,0
Year 1 Oct 18 4:00 AM,0,0,0
Year 1 Oct 18 5:00 AM,0,0,0
Year 1 Oct 18 6:00 AM,0,0,0
Year 1 Oct 18 7:00 AM,13.32471729,13.32471729,0
Year 1 Oct 18 8:00 AM,41.94377613,41.94377613,0
Year 1 Oct 18 9:00 AM,59.23507679,59.23507679,0
Year 1 Oct 18 10:00 AM,69.85419285,69.85419285,0
Year 1 Oct 18 11:00 AM,88.6446318,88.6446318,0
Year 1 Oct 18 12:00 PM,83.74894951,83.74894951,0
Year 1 Oct 18 1:00 PM,87.36167959,87.36167959,0
Year 1 Oct 18 2:00 PM,74.26689227,74.26689227,0
Year 1 Oct 18 3:00 PM,69.44222219,69.44222219,0
Year 1 Oct 18 4:00 PM,28.97357681,28.97357681,0
Year 1 Oct 18 5:00 PM,14.12755755,14.12755755,0
Year 1 Oct 18 6:00 PM,0,0,0
Year 1 Oct 18 7:00 PM,0,0,0
Year 1 Oct 18 8:00 PM,0,0,0
Year 1 Oct 18 9:00 PM,0,0,0
Year 1 Oct 18 10:00 PM,0,0,0
Year 1 Oct 18 11:00 PM,0,0,0
Year 1 Oct 19 12:00 AM,0,0,0
Year 1 Oct 19 1:00 AM,0,0,0
Year 1 Oct 19 2:00 AM,0,0,0
Year 1 Oct 19 3:00 AM,0,0,0
Year 1 Oct 19 4:00 AM,0,0,0
Year 1 Oct 19 5:00 AM,0,0,0
Year 1 Oct 19 6:00 AM,0,0,0
Year 1 Oct 19 7:00 AM,12.14829335,12.14829335,0
Year 1 Oct 19 8:00 AM,38.21892997,38.21892997,0
Year 1 Oct 19 9:00 AM,60.61898812,60.61898812,0
Year 1 Oct 19 10:00 AM,72.07127563,72.07127563,0
Year 1 Oct 19 11:00 AM,81.46669614,81.46669614,0
Year 1 Oct 19 12:00 PM,84.762541,84.762541,0
Year 1 Oct 19 1:00 PM,79.35781465,79.35781465,0
Year 1 Oct 19 2:00 PM,73.71548496,73.71548496,0
Year 1 Oct 19 3:00 PM,67.82799058,67.82799058,0
Year 1 Oct 19 4:00 PM,40.37053966,40.37053966,0
Year 1 Oct 19 5:00 PM,13.63142265,13.63142265,0
Year 1 Oct 19 6:00 PM,0,0,0
Year 1 Oct 19 7:00 PM,0,0,0
Year 1 Oct 19 8:00 PM,0,0,0
Year 1 Oct 19 9:00 PM,0,0,0
Year 1 Oct 19 10:00 PM,0,0,0
Year 1 Oct 19 11:00 PM,0,0,0
Year 1 Oct 20 12:00 AM,0,0,0
Year 1 Oct 20 1:00 AM,0,0,0
Year 1 Oct 20 2:00 AM,0,0,0
Year 1 Oct 20 3:00 AM,0,0,0
Year 1 Oct 20 4:00 AM,0,0,0
Year 1 Oct 20 5:00 AM,0,0,0
Year 1 Oct 20 6:00 AM,0,0,0
Year 1 Oct 20 7:00 AM,12.37365846,12.37365846,0
Year 1 Oct 20 8:00 AM,31.53409754,31.53409754,0
Year 1 Oct 20 9:00 AM,41.52613632,41.52613632,0
Year 1 Oct 20 10:00 AM,48.00583087,48.00583087,0
Year 1 Oct 20 11:00 AM,54.29870217,54.29870217,0
Year 1 Oct 20 12:00 PM,54.84933974,54.84933974,0
Year 1 Oct 20 1:00 PM,54.20448775,54.20448775,0
Year 1 Oct 20 2:00 PM,48.08639737,48.08639737,0
Year 1 Oct 20 3:00 PM,41.58742339,41.58742339,0
Year 1 Oct 20 4:00 PM,31.58018678,31.58018678,0
Year 1 Oct 20 5:00 PM,12.86507563,12.86507563,0
Year 1 Oct 20 6:00 PM,0,0,0
Year 1 Oct 20 7:00 PM,0,0,0
Year 1 Oct 20 8:00 PM,0,0,0
Year 1 Oct 20 9:00 PM,0,0,0
Year 1 Oct 20 10:00 PM,0,0,0
Year 1 Oct 20 11:00 PM,0,0,0
Year 1 Oct 21 12:00 AM,0,0,0
Year 1 Oct 21 1:00 AM,0,0,0
Year 1 Oct 21 2:00 AM,0,0,0
Year 1 Oct 21 3:00 AM,0,0,0
Year 1 Oct 21 4:00 AM,0,0,0
Year 1 Oct 21 5:00 AM,0,0,0
Year 1 Oct 21 6:00 AM,0,0,0
Year 1 Oct 21 7:00 AM,13.06750287,13.06750287,0
Year 1 Oct 21 8:00 AM,36.15657458,36.15657458,0
Year 1 Oct 21 9:00 AM,49.88675707,49.88675707,0
Year 1 Oct 21 10:00 AM,67.81708361,67.81708361,0
Year 1 Oct 21 11:00 AM,75.90914668,75.90914668,0
Year 1 Oct 21 12:00 PM,81.14785278,81.14785278,0
Year 1 Oct 21 1:00 PM,82.37439872,82.37439872,0
Year 1 Oct 21 2:00 PM,76.74298655,76.74298655,0
Year 1 Oct 21 3:00 PM,60.02042201,60.02042201,0
Year 1 Oct 21 4:00 PM,41.01594922,41.01594922,0
Year 1 Oct 21 5:00 PM,12.16366378,12.16366378,0
Year 1 Oct 21 6:00 PM,0,0,0
Year 1 Oct 21 7:00 PM,0,0,0
Year 1 Oct 21 8:00 PM,0,0,0
Year 1 Oct 21 9:00 PM,0,0,0
Year 1 Oct 21 10:00 PM,0,0,0
Year 1 Oct 21 11:00 PM,0,0,0
Year 1 Oct 22 12:00 AM,0,0,0
Year 1 Oct 22 1:00 AM,0,0,0
Year 1 Oct 22 2:00 AM,0,0,0
Year 1 Oct 22 3:00 AM,0,0,0
Year 1 Oct 22 4:00 AM,0,0,0
Year 1 Oct 22 5:00 AM,0,0,0
Year 1 Oct 22 6:00 AM,0,0,0
Year 1 Oct 22 7:00 AM,9.107006129,9.107006129,0
Year 1 Oct 22 8:00 AM,27.7115113,27.7115113,0
Year 1 Oct 22 9:00 AM,44.05936454,44.05936454,0
Year 1 Oct 22 10:00 AM,66.51974667,66.51974667,0
Year 1 Oct 22 11:00 AM,97.48895654,97.48895654,0
Year 1 Oct 22 12:00 PM,86.84126092,86.84126092,0
Year 1 Oct 22 1:00 PM,88.17462077,88.17462077,0
Year 1 Oct 22 2:00 PM,66.34794931,66.34794931,0
Year 1 Oct 22 3:00 PM,48.92994118,48.92994118,0
Year 1 Oct 22 4:00 PM,28.84505359,28.84505359,0
Year 1 Oct 22 5:00 PM,8.920673263,8.920673263,0
Year 1 Oct 22 6:00 PM,0,0,0
Year 1 Oct 22 7:00 PM,0,0,0
Year 1 Oct 22 8:00 PM,0,0,0
Year 1 Oct 22 9:00 PM,0,0,0
Year 1 Oct 22 10:00 PM,0,0,0
Year 1 Oct 22 11:00 PM,0,0,0
Year 1 Oct 23 12:00 AM,0,0,0
Year 1 Oct 23 1:00 AM,0,0,0
Year 1 Oct 23 2:00 AM,0,0,0
Year 1 Oct 23 3:00 AM,0,0,0
Year 1 Oct 23 4:00 AM,0,0,0
Year 1 Oct 23 5:00 AM,0,0,0
Year 1 Oct 23 6:00 AM,0,0,0
Year 1 Oct 23 7:00 AM,10.97702536,10.97702536,0
Year 1 Oct 23 8:00 AM,34.76229042,34.76229042,0
Year 1 Oct 23 9:00 AM,53.24018928,53.24018928,0
Year 1 Oct 23 10:00 AM,77.97915316,77.97915316,0
Year 1 Oct 23 11:00 AM,86.39251697,86.39251697,0
Year 1 Oct 23 12:00 PM,82.73251052,82.73251052,0
Year 1 Oct 23 1:00 PM,93.97068847,93.97068847,0
Year 1 Oct 23 2:00 PM,74.06050281,74.06050281,0
Year 1 Oct 23 3:00 PM,59.65883194,59.65883194,0
Year 1 Oct 23 4:00 PM,37.78578008,37.78578008,0
Year 1 Oct 23 5:00 PM,11.81439182,11.81439182,0
Year 1 Oct 23 6:00 PM,0,0,0
Year 1 Oct 23 7:00 PM,0,0,0
Year 1 Oct 23 8:00 PM,0,0,0
Year 1 Oct 23 9:00 PM,0,0,0
Year 1 Oct 23 10:00 PM,0,0,0
Year 1 Oct 23 11:00 PM,0,0,0
Year 1 Oct 24 12:00 AM,0,0,0
Year 1 Oct 24 1:00 AM,0,0,0
Year 1 Oct 24 2:00 AM,0,0,0
Year 1 Oct 24 3:00 AM,0,0,0
Year 1 Oct 24 4:00 AM,0,0,0
Year 1 Oct 24 5:00 AM,0,0,0
Year 1 Oct 24 6:00 AM,0,0,0
Year 1 Oct 24 7:00 AM,11.0639056,11.0639056,0
Year 1 Oct 24 8:00 AM,26.03299363,26.03299363,0
Year 1 Oct 24 9:00 AM,37.83601476,37.83601476,0
Year 1 Oct 24 10:00 AM,45.43891937,45.43891937,0
Year 1 Oct 24 11:00 AM,50.07905011,50.07905011,0
Year 1 Oct 24 12:00 PM,53.03309259,53.03309259,0
Year 1 Oct 24 1:00 PM,49.03786303,49.03786303,0
Year 1 Oct 24 2:00 PM,40.45670859,40.45670859,0
Year 1 Oct 24 3:00 PM,34.05276514,34.05276514,0
Year 1 Oct 24 4:00 PM,25.55936607,25.55936607,0
Year 1 Oct 24 5:00 PM,11.25153088,11.25153088,0
Year 1 Oct 24 6:00 PM,0,0,0
Year 1 Oct 24 7:00 PM,0,0,0
Year 1 Oct 24 8:00 PM,0,0,0
Year 1 Oct 24 9:00 PM,0,0,0
Year 1 Oct 24 10:00 PM,0,0,0
Year 1 Oct 24 11:00 PM,0,0,0
Year 1 Oct 25 12:00 AM,0,0,0
Year 1 Oct 25 1:00 AM,0,0,0
Year 1 Oct 25 2:00 AM,0,0,0
Year 1 Oct 25 3:00 AM,0,0,0
Year 1 Oct 25 4:00 AM,0,0,0
Year 1 Oct 25 5:00 AM,0,0,0
Year 1 Oct 25 6:00 AM,0,0,0
Year 1 Oct 25 7:00 AM,5.517262059,5.517262059,0
Year 1 Oct 25 8:00 AM,18.75701244,18.75701244,0
Year 1 Oct 25 9:00 AM,34.46829162,34.46829162,0
Year 1 Oct 25 10:00 AM,43.51367662,43.51367662,0
Year 1 Oct 25 11:00 AM,55.23250086,55.23250086,0
Year 1 Oct 25 12:00 PM,68.74921736,68.74921736,0
Year 1 Oct 25 1:00 PM,84.64535657,84.64535657,0
Year 1 Oct 25 2:00 PM,85.83194032,85.83194032,0
Year 1 Oct 25 3:00 PM,57.31566109,57.31566109,0
Year 1 Oct 25 4:00 PM,32.67791202,32.67791202,0
Year 1 Oct 25 5:00 PM,9.573237601,9.573237601,0
Year 1 Oct 25 6:00 PM,0,0,0
Year 1 Oct 25 7:00 PM,0,0,0
Year 1 Oct 25 8:00 PM,0,0,0
Year 1 Oct 25 9:00 PM,0,0,0
Year 1 Oct 25 10:00 PM,0,0,0
Year 1 Oct 25 11:00 PM,0,0,0
Year 1 Oct 26 12:00 AM,0,0,0
Year 1 Oct 26 1:00 AM,0,0,0
Year 1 Oct 26 2:00 AM,0,0,0
Year 1 Oct 26 3:00 AM,0,0,0
Year 1 Oct 26 4:00 AM,0,0,0
Year 1 Oct 26 5:00 AM,0,0,0
Year 1 Oct 26 6:00 AM,0,0,0
Year 1 Oct 26 7:00 AM,7.210843896,7.210843896,0
Year 1 Oct 26 8:00 AM,29.2551788,29.2551788,0
Year 1 Oct 26 9:00 AM,51.18196084,51.18196084,0
Year 1 Oct 26 10:00 AM,61.1997186,61.1997186,0
Year 1 Oct 26 11:00 AM,57.54054257,57.54054257,0
Year 1 Oct 26 12:00 PM,61.52601135,61.52601135,0
Year 1 Oct 26 1:00 PM,68.65703025,68.65703025,0
Year 1 Oct 26 2:00 PM,66.68332268,66.68332268,0
Year 1 Oct 26 3:00 PM,55.75025281,55.75025281,0
Year 1 Oct 26 4:00 PM,36.09661237,36.09661237,0
Year 1 Oct 26 5:00 PM,11.92837222,11.92837222,0
Year 1 Oct 26 6:00 PM,0,0,0
Year 1 Oct 26 7:00 PM,0,0,0
Year 1 Oct 26 8:00 PM,0,0,0
Year 1 Oct 26 9:00 PM,0,0,0
Year 1 Oct 26 10:00 PM,0,0,0
Year 1 Oct 26 11:00 PM,0,0,0
Year 1 Oct 27 12:00 AM,0,0,0
Year 1 Oct 27 1:00 AM,0,0,0
Year 1 Oct 27 2:00 AM,0,0,0
Year 1 Oct 27 3:00 AM,0,0,0
Year 1 Oct 27 4:00 AM,0,0,0
Year 1 Oct 27 5:00 AM,0,0,0
Year 1 Oct 27 6:00 AM,0,0,0
Year 1 Oct 27 7:00 AM,8.122116105,8.122116105,0
Year 1 Oct 27 8:00 AM,21.91892884,21.91892884,0
Year 1 Oct 27 9:00 AM,31.57091635,31.57091635,0
Year 1 Oct 27 10:00 AM,36.16290398,36.16290398,0
Year 1 Oct 27 11:00 AM,38.55141842,38.55141842,0
Year 1 Oct 27 12:00 PM,39.97981986,39.97981986,0
Year 1 Oct 27 1:00 PM,39.20266093,39.20266093,0
Year 1 Oct 27 2:00 PM,36.05013158,36.05013158,0
Year 1 Oct 27 3:00 PM,31.46902449,31.46902449,0
Year 1 Oct 27 4:00 PM,22.52396455,22.52396455,0
Year 1 Oct 27 5:00 PM,8.30926677,8.30926677,0
Year 1 Oct 27 6:00 PM,0,0,0
Year 1 Oct 27 7:00 PM,0,0,0
Year 1 Oct 27 8:00 PM,0,0,0
Year 1 Oct 27 9:00 PM,0,0,0
Year 1 Oct 27 10:00 PM,0,0,0
Year 1 Oct 27 11:00 PM,0,0,0
Year 1 Oct 28 12:00 AM,0,0,0
Year 1 Oct 28 1:00 AM,0,0,0
Year 1 Oct 28 2:00 AM,0,0,0
Year 1 Oct 28 3:00 AM,0,0,0
Year 1 Oct 28 4:00 AM,0,0,0
Year 1 Oct 28 5:00 AM,0,0,0
Year 1 Oct 28 6:00 AM,0,0,0
Year 1 Oct 28 7:00 AM,9.312002773,9.312002773,0
Year 1 Oct 28 8:00 AM,27.81794108,27.81794108,0
Year 1 Oct 28 9:00 AM,36.07579416,36.07579416,0
Year 1 Oct 28 10:00 AM,43.81726726,43.81726726,0
Year 1 Oct 28 11:00 AM,41.98780635,41.98780635,0
Year 1 Oct 28 12:00 PM,62.98930188,62.98930188,0
Year 1 Oct 28 1:00 PM,56.14506079,56.14506079,0
Year 1 Oct 28 2:00 PM,48.24095421,48.24095421,0
Year 1 Oct 28 3:00 PM,34.99870004,34.99870004,0
Year 1 Oct 28 4:00 PM,23.89203302,23.89203302,0
Year 1 Oct 28 5:00 PM,7.762269194,7.762269194,0
Year 1 Oct 28 6:00 PM,0,0,0
Year 1 Oct 28 7:00 PM,0,0,0
Year 1 Oct 28 8:00 PM,0,0,0
Year 1 Oct 28 9:00 PM,0,0,0
Year 1 Oct 28 10:00 PM,0,0,0
Year 1 Oct 28 11:00 PM,0,0,0
Year 1 Oct 29 12:00 AM,0,0,0
Year 1 Oct 29 1:00 AM,0,0,0
Year 1 Oct 29 2:00 AM,0,0,0
Year 1 Oct 29 3:00 AM,0,0,0
Year 1 Oct 29 4:00 AM,0,0,0
Year 1 Oct 29 5:00 AM,0,0,0
Year 1 Oct 29 6:00 AM,0,0,0
Year 1 Oct 29 7:00 AM,7.678967849,7.678967849,0
Year 1 Oct 29 8:00 AM,27.40415487,27.40415487,0
Year 1 Oct 29 9:00 AM,40.22594613,40.22594613,0
Year 1 Oct 29 10:00 AM,68.53912063,68.53912063,0
Year 1 Oct 29 11:00 AM,75.46712082,75.46712082,0
Year 1 Oct 29 12:00 PM,75.65043854,75.65043854,0
Year 1 Oct 29 1:00 PM,64.51073599,64.51073599,0
Year 1 Oct 29 2:00 PM,50.01276512,50.01276512,0
Year 1 Oct 29 3:00 PM,40.67774472,40.67774472,0
Year 1 Oct 29 4:00 PM,28.77486928,28.77486928,0
Year 1 Oct 29 5:00 PM,8.753437641,8.753437641,0
Year 1 Oct 29 6:00 PM,0,0,0
Year 1 Oct 29 7:00 PM,0,0,0
Year 1 Oct 29 8:00 PM,0,0,0
Year 1 Oct 29 9:00 PM,0,0,0
Year 1 Oct 29 10:00 PM,0,0,0
Year 1 Oct 29 11:00 PM,0,0,0
Year 1 Oct 30 12:00 AM,0,0,0
Year 1 Oct 30 1:00 AM,0,0,0
Year 1 Oct 30 2:00 AM,0,0,0
Year 1 Oct 30 3:00 AM,0,0,0
Year 1 Oct 30 4:00 AM,0,0,0
Year 1 Oct 30 5:00 AM,0,0,0
Year 1 Oct 30 6:00 AM,0,0,0
Year 1 Oct 30 7:00 AM,8.257609816,8.257609816,0
Year 1 Oct 30 8:00 AM,25.50774529,25.50774529,0
Year 1 Oct 30 9:00 AM,36.64353348,36.64353348,0
Year 1 Oct 30 10:00 AM,43.53844387,43.53844387,0
Year 1 Oct 30 11:00 AM,46.26146298,46.26146298,0
Year 1 Oct 30 12:00 PM,46.76718091,46.76718091,0
Year 1 Oct 30 1:00 PM,45.89233016,45.89233016,0
Year 1 Oct 30 2:00 PM,43.42577675,43.42577675,0
Year 1 Oct 30 3:00 PM,35.97116927,35.97116927,0
Year 1 Oct 30 4:00 PM,25.10954573,25.10954573,0
Year 1 Oct 30 5:00 PM,8.419364571,8.419364571,0
Year 1 Oct 30 6:00 PM,0,0,0
Year 1 Oct 30 7:00 PM,0,0,0
Year 1 Oct 30 8:00 PM,0,0,0
Year 1 Oct 30 9:00 PM,0,0,0
Year 1 Oct 30 10:00 PM,0,0,0
Year 1 Oct 30 11:00 PM,0,0,0
Year 1 Oct 31 12:00 AM,0,0,0
Year 1 Oct 31 1:00 AM,0,0,0
Year 1 Oct 31 2:00 AM,0,0,0
Year 1 Oct 31 3:00 AM,0,0,0
Year 1 Oct 31 4:00 AM,0,0,0
Year 1 Oct 31 5:00 AM,0,0,0
Year 1 Oct 31 6:00 AM,0,0,0
Year 1 Oct 31 7:00 AM,8.427312717,8.427312717,0
Year 1 Oct 31 8:00 AM,28.47687202,28.47687202,0
Year 1 Oct 31 9:00 AM,45.33083101,45.33083101,0
Year 1 Oct 31 10:00 AM,62.4293719,62.4293719,0
Year 1 Oct 31 11:00 AM,69.33963298,69.33963298,0
Year 1 Oct 31 12:00 PM,88.86436366,88.86436366,0
Year 1 Oct 31 1:00 PM,73.57418134,73.57418134,0
Year 1 Oct 31 2:00 PM,59.65263142,59.65263142,0
Year 1 Oct 31 3:00 PM,52.97605238,52.97605238,0
Year 1 Oct 31 4:00 PM,34.11176251,34.11176251,0
Year 1 Oct 31 5:00 PM,7.49650177,7.49650177,0
Year 1 Oct 31 6:00 PM,0,0,0
Year 1 Oct 31 7:00 PM,0,0,0
Year 1 Oct 31 8:00 PM,0,0,0
Year 1 Oct 31 9:00 PM,0,0,0
Year 1 Oct 31 10:00 PM,0,0,0
Year 1 Oct 31 11:00 PM,0,0,0
Year 1 Nov 01 12:00 AM,0,0,0
Year 1 Nov 01 1:00 AM,0,0,0
Year 1 Nov 01 2:00 AM,0,0,0
Year 1 Nov 01 3:00 AM,0,0,0
Year 1 Nov 01 4:00 AM,0,0,0
Year 1 Nov 01 5:00 AM,0,0,0
Year 1 Nov 01 6:00 AM,0,0,0
Year 1 Nov 01 7:00 AM,5.034025106,5.034025106,0
Year 1 Nov 01 8:00 AM,20.41032067,20.41032067,0
Year 1 Nov 01 9:00 AM,39.29492797,39.29492797,0
Year 1 Nov 01 10:00 AM,51.74661607,51.74661607,0
Year 1 Nov 01 11:00 AM,60.07933382,60.07933382,0
Year 1 Nov 01 12:00 PM,63.26139884,63.26139884,0
Year 1 Nov 01 1:00 PM,60.51074682,60.51074682,0
Year 1 Nov 01 2:00 PM,54.48445654,54.48445654,0
Year 1 Nov 01 3:00 PM,39.7690481,39.7690481,0
Year 1 Nov 01 4:00 PM,20.99744759,20.99744759,0
Year 1 Nov 01 5:00 PM,4.846297514,4.846297514,0
Year 1 Nov 01 6:00 PM,0,0,0
Year 1 Nov 01 7:00 PM,0,0,0
Year 1 Nov 01 8:00 PM,0,0,0
Year 1 Nov 01 9:00 PM,0,0,0
Year 1 Nov 01 10:00 PM,0,0,0
Year 1 Nov 01 11:00 PM,0,0,0
Year 1 Nov 02 12:00 AM,0,0,0
Year 1 Nov 02 1:00 AM,0,0,0
Year 1 Nov 02 2:00 AM,0,0,0
Year 1 Nov 02 3:00 AM,0,0,0
Year 1 Nov 02 4:00 AM,0,0,0
Year 1 Nov 02 5:00 AM,0,0,0
Year 1 Nov 02 6:00 AM,0,0,0
Year 1 Nov 02 7:00 AM,8.190699829,8.190699829,0
Year 1 Nov 02 8:00 AM,32.0887066,32.0887066,0
Year 1 Nov 02 9:00 AM,41.61484391,41.61484391,0
Year 1 Nov 02 10:00 AM,57.87452999,57.87452999,0
Year 1 Nov 02 11:00 AM,65.76965443,65.76965443,0
Year 1 Nov 02 12:00 PM,64.5037851,64.5037851,0
Year 1 Nov 02 1:00 PM,64.23196945,64.23196945,0
Year 1 Nov 02 2:00 PM,68.26623651,68.26623651,0
Year 1 Nov 02 3:00 PM,43.42971416,43.42971416,0
Year 1 Nov 02 4:00 PM,33.33953235,33.33953235,0
Year 1 Nov 02 5:00 PM,7.895447452,7.895447452,0
Year 1 Nov 02 6:00 PM,0,0,0
Year 1 Nov 02 7:00 PM,0,0,0
Year 1 Nov 02 8:00 PM,0,0,0
Year 1 Nov 02 9:00 PM,0,0,0
Year 1 Nov 02 10:00 PM,0,0,0
Year 1 Nov 02 11:00 PM,0,0,0
Year 1 Nov 03 12:00 AM,0,0,0
Year 1 Nov 03 1:00 AM,0,0,0
Year 1 Nov 03 2:00 AM,0,0,0
Year 1 Nov 03 3:00 AM,0,0,0
Year 1 Nov 03 4:00 AM,0,0,0
Year 1 Nov 03 5:00 AM,0,0,0
Year 1 Nov 03 6:00 AM,0,0,0
Year 1 Nov 03 7:00 AM,3.753081675,3.753081675,0
Year 1 Nov 03 8:00 AM,22.7325446,22.7325446,0
Year 1 Nov 03 9:00 AM,46.41917644,46.41917644,0
Year 1 Nov 03 10:00 AM,63.83381832,63.83381832,0
Year 1 Nov 03 11:00 AM,82.3707977,82.3707977,0
Year 1 Nov 03 12:00 PM,90.39799691,90.39799691,0
Year 1 Nov 03 1:00 PM,73.03440097,73.03440097,0
Year 1 Nov 03 2:00 PM,74.65957,74.65957,0
Year 1 Nov 03 3:00 PM,49.5691016,49.5691016,0
Year 1 Nov 03 4:00 PM,24.09081923,24.09081923,0
Year 1 Nov 03 5:00 PM,5.43416539,5.43416539,0
Year 1 Nov 03 6:00 PM,0,0,0
Year 1 Nov 03 7:00 PM,0,0,0
Year 1 Nov 03 8:00 PM,0,0,0
Year 1 Nov 03 9:00 PM,0,0,0
Year 1 Nov 03 10:00 PM,0,0,0
Year 1 Nov 03 11:00 PM,0,0,0
Year 1 Nov 04 12:00 AM,0,0,0
Year 1 Nov 04 1:00 AM,0,0,0
Year 1 Nov 04 2:00 AM,0,0,0
Year 1 Nov 04 3:00 AM,0,0,0
Year 1 Nov 04 4:00 AM,0,0,0
Year 1 Nov 04 5:00 AM,0,0,0
Year 1 Nov 04 6:00 AM,0,0,0
Year 1 Nov 04 7:00 AM,5.88184871,5.88184871,0
Year 1 Nov 04 8:00 AM,25.73193707,25.73193707,0
Year 1 Nov 04 9:00 AM,43.13221121,43.13221121,0
Year 1 Nov 04 10:00 AM,56.28619781,56.28619781,0
Year 1 Nov 04 11:00 AM,65.14301473,65.14301473,0
Year 1 Nov 04 12:00 PM,52.058125,52.058125,0
Year 1 Nov 04 1:00 PM,47.65508508,47.65508508,0
Year 1 Nov 04 2:00 PM,43.52379098,43.52379098,0
Year 1 Nov 04 3:00 PM,34.64615894,34.64615894,0
Year 1 Nov 04 4:00 PM,24.09396419,24.09396419,0
Year 1 Nov 04 5:00 PM,5.888771051,5.888771051,0
Year 1 Nov 04 6:00 PM,0,0,0
Year 1 Nov 04 7:00 PM,0,0,0
Year 1 Nov 04 8:00 PM,0,0,0
Year 1 Nov 04 9:00 PM,0,0,0
Year 1 Nov 04 10:00 PM,0,0,0
Year 1 Nov 04 11:00 PM,0,0,0
Year 1 Nov 05 12:00 AM,0,0,0
Year 1 Nov 05 1:00 AM,0,0,0
Year 1 Nov 05 2:00 AM,0,0,0
Year 1 Nov 05 3:00 AM,0,0,0
Year 1 Nov 05 4:00 AM,0,0,0
Year 1 Nov 05 5:00 AM,0,0,0
Year 1 Nov 05 6:00 AM,0,0,0
Year 1 Nov 05 7:00 AM,3.208812717,3.208812717,0
Year 1 Nov 05 8:00 AM,17.86922654,17.86922654,0
Year 1 Nov 05 9:00 AM,42.77709293,42.77709293,0
Year 1 Nov 05 10:00 AM,66.2196478,66.2196478,0
Year 1 Nov 05 11:00 AM,84.87677654,84.87677654,0
Year 1 Nov 05 12:00 PM,93.24827834,93.24827834,0
Year 1 Nov 05 1:00 PM,73.03428706,73.03428706,0
Year 1 Nov 05 2:00 PM,54.59181361,54.59181361,0
Year 1 Nov 05 3:00 PM,45.89839186,45.89839186,0
Year 1 Nov 05 4:00 PM,29.53057735,29.53057735,0
Year 1 Nov 05 5:00 PM,4.995405745,4.995405745,0
Year 1 Nov 05 6:00 PM,0,0,0
Year 1 Nov 05 7:00 PM,0,0,0
Year 1 Nov 05 8:00 PM,0,0,0
Year 1 Nov 05 9:00 PM,0,0,0
Year 1 Nov 05 10:00 PM,0,0,0
Year 1 Nov 05 11:00 PM,0,0,0
Year 1 Nov 06 12:00 AM,0,0,0
Year 1 Nov 06 1:00 AM,0,0,0
Year 1 Nov 06 2:00 AM,0,0,0
Year 1 Nov 06 3:00 AM,0,0,0
Year 1 Nov 06 4:00 AM,0,0,0
Year 1 Nov 06 5:00 AM,0,0,0
Year 1 Nov 06 6:00 AM,0,0,0
Year 1 Nov 06 7:00 AM,3.518422025,3.518422025,0
Year 1 Nov 06 8:00 AM,18.98294955,18.98294955,0
Year 1 Nov 06 9:00 AM,42.25934243,42.25934243,0
Year 1 Nov 06 10:00 AM,57.53125357,57.53125357,0
Year 1 Nov 06 11:00 AM,71.71156205,71.71156205,0
Year 1 Nov 06 12:00 PM,92.14714741,92.14714741,0
Year 1 Nov 06 1:00 PM,78.7914173,78.7914173,0
Year 1 Nov 06 2:00 PM,65.08098424,65.08098424,0
Year 1 Nov 06 3:00 PM,51.03165387,51.03165387,0
Year 1 Nov 06 4:00 PM,18.30727018,18.30727018,0
Year 1 Nov 06 5:00 PM,3.307096738,3.307096738,0
Year 1 Nov 06 6:00 PM,0,0,0
Year 1 Nov 06 7:00 PM,0,0,0
Year 1 Nov 06 8:00 PM,0,0,0
Year 1 Nov 06 9:00 PM,0,0,0
Year 1 Nov 06 10:00 PM,0,0,0
Year 1 Nov 06 11:00 PM,0,0,0
Year 1 Nov 07 12:00 AM,0,0,0
Year 1 Nov 07 1:00 AM,0,0,0
Year 1 Nov 07 2:00 AM,0,0,0
Year 1 Nov 07 3:00 AM,0,0,0
Year 1 Nov 07 4:00 AM,0,0,0
Year 1 Nov 07 5:00 AM,0,0,0
Year 1 Nov 07 6:00 AM,0,0,0
Year 1 Nov 07 7:00 AM,3.906671947,3.906671947,0
Year 1 Nov 07 8:00 AM,17.92201839,17.92201839,0
Year 1 Nov 07 9:00 AM,37.58866721,37.58866721,0
Year 1 Nov 07 10:00 AM,51.97656259,51.97656259,0
Year 1 Nov 07 11:00 AM,64.79358719,64.79358719,0
Year 1 Nov 07 12:00 PM,92.30968329,92.30968329,0
Year 1 Nov 07 1:00 PM,93.47163222,93.47163222,0
Year 1 Nov 07 2:00 PM,77.28719164,77.28719164,0
Year 1 Nov 07 3:00 PM,52.4352042,52.4352042,0
Year 1 Nov 07 4:00 PM,26.85296129,26.85296129,0
Year 1 Nov 07 5:00 PM,5.064493781,5.064493781,0
Year 1 Nov 07 6:00 PM,0,0,0
Year 1 Nov 07 7:00 PM,0,0,0
Year 1 Nov 07 8:00 PM,0,0,0
Year 1 Nov 07 9:00 PM,0,0,0
Year 1 Nov 07 10:00 PM,0,0,0
Year 1 Nov 07 11:00 PM,0,0,0
Year 1 Nov 08 12:00 AM,0,0,0
Year 1 Nov 08 1:00 AM,0,0,0
Year 1 Nov 08 2:00 AM,0,0,0
Year 1 Nov 08 3:00 AM,0,0,0
Year 1 Nov 08 4:00 AM,0,0,0
Year 1 Nov 08 5:00 AM,0,0,0
Year 1 Nov 08 6:00 AM,0,0,0
Year 1 Nov 08 7:00 AM,5.804259628,5.804259628,0
Year 1 Nov 08 8:00 AM,29.94963843,29.94963843,0
Year 1 Nov 08 9:00 AM,56.13072324,56.13072324,0
Year 1 Nov 08 10:00 AM,78.7756149,78.7756149,0
Year 1 Nov 08 11:00 AM,89.74849198,89.74849198,0
Year 1 Nov 08 12:00 PM,95.53681246,95.53681246,0
Year 1 Nov 08 1:00 PM,93.25633837,93.25633837,0
Year 1 Nov 08 2:00 PM,74.60852788,74.60852788,0
Year 1 Nov 08 3:00 PM,53.36373957,53.36373957,0
Year 1 Nov 08 4:00 PM,29.92042608,29.92042608,0
Year 1 Nov 08 5:00 PM,5.699067499,5.699067499,0
Year 1 Nov 08 6:00 PM,0,0,0
Year 1 Nov 08 7:00 PM,0,0,0
Year 1 Nov 08 8:00 PM,0,0,0
Year 1 Nov 08 9:00 PM,0,0,0
Year 1 Nov 08 10:00 PM,0,0,0
Year 1 Nov 08 11:00 PM,0,0,0
Year 1 Nov 09 12:00 AM,0,0,0
Year 1 Nov 09 1:00 AM,0,0,0
Year 1 Nov 09 2:00 AM,0,0,0
Year 1 Nov 09 3:00 AM,0,0,0
Year 1 Nov 09 4:00 AM,0,0,0
Year 1 Nov 09 5:00 AM,0,0,0
Year 1 Nov 09 6:00 AM,0,0,0
Year 1 Nov 09 7:00 AM,4.609898891,4.609898891,0
Year 1 Nov 09 8:00 AM,23.95081287,23.95081287,0
Year 1 Nov 09 9:00 AM,46.76016914,46.76016914,0
Year 1 Nov 09 10:00 AM,50.72574378,50.72574378,0
Year 1 Nov 09 11:00 AM,72.82896728,72.82896728,0
Year 1 Nov 09 12:00 PM,68.65631306,68.65631306,0
Year 1 Nov 09 1:00 PM,63.5845186,63.5845186,0
Year 1 Nov 09 2:00 PM,59.7224187,59.7224187,0
Year 1 Nov 09 3:00 PM,50.90159196,50.90159196,0
Year 1 Nov 09 4:00 PM,28.4843313,28.4843313,0
Year 1 Nov 09 5:00 PM,4.92531364,4.92531364,0
Year 1 Nov 09 6:00 PM,0,0,0
Year 1 Nov 09 7:00 PM,0,0,0
Year 1 Nov 09 8:00 PM,0,0,0
Year 1 Nov 09 9:00 PM,0,0,0
Year 1 Nov 09 10:00 PM,0,0,0
Year 1 Nov 09 11:00 PM,0,0,0
Year 1 Nov 10 12:00 AM,0,0,0
Year 1 Nov 10 1:00 AM,0,0,0
Year 1 Nov 10 2:00 AM,0,0,0
Year 1 Nov 10 3:00 AM,0,0,0
Year 1 Nov 10 4:00 AM,0,0,0
Year 1 Nov 10 5:00 AM,0,0,0
Year 1 Nov 10 6:00 AM,0,0,0
Year 1 Nov 10 7:00 AM,4.729197035,4.729197035,0
Year 1 Nov 10 8:00 AM,26.4187477,26.4187477,0
Year 1 Nov 10 9:00 AM,41.06151368,41.06151368,0
Year 1 Nov 10 10:00 AM,60.84932571,60.84932571,0
Year 1 Nov 10 11:00 AM,73.98144939,73.98144939,0
Year 1 Nov 10 12:00 PM,93.36988778,93.36988778,0
Year 1 Nov 10 1:00 PM,92.20655652,92.20655652,0
Year 1 Nov 10 2:00 PM,74.40364862,74.40364862,0
Year 1 Nov 10 3:00 PM,54.59389302,54.59389302,0
Year 1 Nov 10 4:00 PM,29.07825994,29.07825994,0
Year 1 Nov 10 5:00 PM,5.269646021,5.269646021,0
Year 1 Nov 10 6:00 PM,0,0,0
Year 1 Nov 10 7:00 PM,0,0,0
Year 1 Nov 10 8:00 PM,0,0,0
Year 1 Nov 10 9:00 PM,0,0,0
Year 1 Nov 10 10:00 PM,0,0,0
Year 1 Nov 10 11:00 PM,0,0,0
Year 1 Nov 11 12:00 AM,0,0,0
Year 1 Nov 11 1:00 AM,0,0,0
Year 1 Nov 11 2:00 AM,0,0,0
Year 1 Nov 11 3:00 AM,0,0,0
Year 1 Nov 11 4:00 AM,0,0,0
Year 1 Nov 11 5:00 AM,0,0,0
Year 1 Nov 11 6:00 AM,0,0,0
Year 1 Nov 11 7:00 AM,3.37884222,3.37884222,0
Year 1 Nov 11 8:00 AM,21.62364389,21.62364389,0
Year 1 Nov 11 9:00 AM,36.18495933,36.18495933,0
Year 1 Nov 11 10:00 AM,60.1089674,60.1089674,0
Year 1 Nov 11 11:00 AM,75.05546737,75.05546737,0
Year 1 Nov 11 12:00 PM,70.85284932,70.85284932,0
Year 1 Nov 11 1:00 PM,71.99796336,71.99796336,0
Year 1 Nov 11 2:00 PM,57.93216232,57.93216232,0
Year 1 Nov 11 3:00 PM,48.20181074,48.20181074,0
Year 1 Nov 11 4:00 PM,27.19479808,27.19479808,0
Year 1 Nov 11 5:00 PM,5.13679716,5.13679716,0
Year 1 Nov 11 6:00 PM,0,0,0
Year 1 Nov 11 7:00 PM,0,0,0
Year 1 Nov 11 8:00 PM,0,0,0
Year 1 Nov 11 9:00 PM,0,0,0
Year 1 Nov 11 10:00 PM,0,0,0
Year 1 Nov 11 11:00 PM,0,0,0
Year 1 Nov 12 12:00 AM,0,0,0
Year 1 Nov 12 1:00 AM,0,0,0
Year 1 Nov 12 2:00 AM,0,0,0
Year 1 Nov 12 3:00 AM,0,0,0
Year 1 Nov 12 4:00 AM,0,0,0
Year 1 Nov 12 5:00 AM,0,0,0
Year 1 Nov 12 6:00 AM,0,0,0
Year 1 Nov 12 7:00 AM,3.348927838,3.348927838,0
Year 1 Nov 12 8:00 AM,23.05674104,23.05674104,0
Year 1 Nov 12 9:00 AM,36.25101955,36.25101955,0
Year 1 Nov 12 10:00 AM,43.29936478,43.29936478,0
Year 1 Nov 12 11:00 AM,46.88903816,46.88903816,0
Year 1 Nov 12 12:00 PM,47.82682758,47.82682758,0
Year 1 Nov 12 1:00 PM,46.89560759,46.89560759,0
Year 1 Nov 12 2:00 PM,46.0074762,46.0074762,0
Year 1 Nov 12 3:00 PM,42.83510228,42.83510228,0
Year 1 Nov 12 4:00 PM,24.83985702,24.83985702,0
Year 1 Nov 12 5:00 PM,3.286632619,3.286632619,0
Year 1 Nov 12 6:00 PM,0,0,0
Year 1 Nov 12 7:00 PM,0,0,0
Year 1 Nov 12 8:00 PM,0,0,0
Year 1 Nov 12 9:00 PM,0,0,0
Year 1 Nov 12 10:00 PM,0,0,0
Year 1 Nov 12 11:00 PM,0,0,0
Year 1 Nov 13 12:00 AM,0,0,0
Year 1 Nov 13 1:00 AM,0,0,0
Year 1 Nov 13 2:00 AM,0,0,0
Year 1 Nov 13 3:00 AM,0,0,0
Year 1 Nov 13 4:00 AM,0,0,0
Year 1 Nov 13 5:00 AM,0,0,0
Year 1 Nov 13 6:00 AM,0,0,0
Year 1 Nov 13 7:00 AM,3.372340439,3.372340439,0
Year 1 Nov 13 8:00 AM,25.44081081,25.44081081,0
Year 1 Nov 13 9:00 AM,48.8864784,48.8864784,0
Year 1 Nov 13 10:00 AM,62.34941682,62.34941682,0
Year 1 Nov 13 11:00 AM,79.36956133,79.36956133,0
Year 1 Nov 13 12:00 PM,81.15910861,81.15910861,0
Year 1 Nov 13 1:00 PM,73.89685926,73.89685926,0
Year 1 Nov 13 2:00 PM,63.80978367,63.80978367,0
Year 1 Nov 13 3:00 PM,39.63486995,39.63486995,0
Year 1 Nov 13 4:00 PM,12.00501847,12.00501847,0
Year 1 Nov 13 5:00 PM,1.672003185,1.672003185,0
Year 1 Nov 13 6:00 PM,0,0,0
Year 1 Nov 13 7:00 PM,0,0,0
Year 1 Nov 13 8:00 PM,0,0,0
Year 1 Nov 13 9:00 PM,0,0,0
Year 1 Nov 13 10:00 PM,0,0,0
Year 1 Nov 13 11:00 PM,0,0,0
Year 1 Nov 14 12:00 AM,0,0,0
Year 1 Nov 14 1:00 AM,0,0,0
Year 1 Nov 14 2:00 AM,0,0,0
Year 1 Nov 14 3:00 AM,0,0,0
Year 1 Nov 14 4:00 AM,0,0,0
Year 1 Nov 14 5:00 AM,0,0,0
Year 1 Nov 14 6:00 AM,0,0,0
Year 1 Nov 14 7:00 AM,3.05276277,3.05276277,0
Year 1 Nov 14 8:00 AM,19.21943025,19.21943025,0
Year 1 Nov 14 9:00 AM,30.9908182,30.9908182,0
Year 1 Nov 14 10:00 AM,36.99555762,36.99555762,0
Year 1 Nov 14 11:00 AM,41.07092751,41.07092751,0
Year 1 Nov 14 12:00 PM,41.96145587,41.96145587,0
Year 1 Nov 14 1:00 PM,42.6747222,42.6747222,0
Year 1 Nov 14 2:00 PM,43.83576353,43.83576353,0
Year 1 Nov 14 3:00 PM,41.23290193,41.23290193,0
Year 1 Nov 14 4:00 PM,23.19104584,23.19104584,0
Year 1 Nov 14 5:00 PM,3.512992976,3.512992976,0
Year 1 Nov 14 6:00 PM,0,0,0
Year 1 Nov 14 7:00 PM,0,0,0
Year 1 Nov 14 8:00 PM,0,0,0
Year 1 Nov 14 9:00 PM,0,0,0
Year 1 Nov 14 10:00 PM,0,0,0
Year 1 Nov 14 11:00 PM,0,0,0
Year 1 Nov 15 12:00 AM,0,0,0
Year 1 Nov 15 1:00 AM,0,0,0
Year 1 Nov 15 2:00 AM,0,0,0
Year 1 Nov 15 3:00 AM,0,0,0
Year 1 Nov 15 4:00 AM,0,0,0
Year 1 Nov 15 5:00 AM,0,0,0
Year 1 Nov 15 6:00 AM,0,0,0
Year 1 Nov 15 7:00 AM,3.168510146,3.168510146,0
Year 1 Nov 15 8:00 AM,23.05183877,23.05183877,0
Year 1 Nov 15 9:00 AM,46.70979172,46.70979172,0
Year 1 Nov 15 10:00 AM,74.93428954,74.93428954,0
Year 1 Nov 15 11:00 AM,72.90802737,72.90802737,0
Year 1 Nov 15 12:00 PM,61.93502101,61.93502101,0
Year 1 Nov 15 1:00 PM,69.61689132,69.61689132,0
Year 1 Nov 15 2:00 PM,48.34349994,48.34349994,0
Year 1 Nov 15 3:00 PM,39.30278839,39.30278839,0
Year 1 Nov 15 4:00 PM,17.52362119,17.52362119,0
Year 1 Nov 15 5:00 PM,2.5355876,2.5355876,0
Year 1 Nov 15 6:00 PM,0,0,0
Year 1 Nov 15 7:00 PM,0,0,0
Year 1 Nov 15 8:00 PM,0,0,0
Year 1 Nov 15 9:00 PM,0,0,0
Year 1 Nov 15 10:00 PM,0,0,0
Year 1 Nov 15 11:00 PM,0,0,0
Year 1 Nov 16 12:00 AM,0,0,0
Year 1 Nov 16 1:00 AM,0,0,0
Year 1 Nov 16 2:00 AM,0,0,0
Year 1 Nov 16 3:00 AM,0,0,0
Year 1 Nov 16 4:00 AM,0,0,0
Year 1 Nov 16 5:00 AM,0,0,0
Year 1 Nov 16 6:00 AM,0,0,0
Year 1 Nov 16 7:00 AM,2.886070939,2.886070939,0
Year 1 Nov 16 8:00 AM,20.25149111,20.25149111,0
Year 1 Nov 16 9:00 AM,36.36045468,36.36045468,0
Year 1 Nov 16 10:00 AM,50.5910719,50.5910719,0
Year 1 Nov 16 11:00 AM,73.70034206,73.70034206,0
Year 1 Nov 16 12:00 PM,83.81507955,83.81507955,0
Year 1 Nov 16 1:00 PM,65.2977236,65.2977236,0
Year 1 Nov 16 2:00 PM,50.88952416,50.88952416,0
Year 1 Nov 16 3:00 PM,30.33873893,30.33873893,0
Year 1 Nov 16 4:00 PM,16.81148701,16.81148701,0
Year 1 Nov 16 5:00 PM,2.454455218,2.454455218,0
Year 1 Nov 16 6:00 PM,0,0,0
Year 1 Nov 16 7:00 PM,0,0,0
Year 1 Nov 16 8:00 PM,0,0,0
Year 1 Nov 16 9:00 PM,0,0,0
Year 1 Nov 16 10:00 PM,0,0,0
Year 1 Nov 16 11:00 PM,0,0,0
Year 1 Nov 17 12:00 AM,0,0,0
Year 1 Nov 17 1:00 AM,0,0,0
Year 1 Nov 17 2:00 AM,0,0,0
Year 1 Nov 17 3:00 AM,0,0,0
Year 1 Nov 17 4:00 AM,0,0,0
Year 1 Nov 17 5:00 AM,0,0,0
Year 1 Nov 17 6:00 AM,0,0,0
Year 1 Nov 17 7:00 AM,2.623855415,2.623855415,0
Year 1 Nov 17 8:00 AM,19.18145788,19.18145788,0
Year 1 Nov 17 9:00 AM,37.41626657,37.41626657,0
Year 1 Nov 17 10:00 AM,54.72731949,54.72731949,0
Year 1 Nov 17 11:00 AM,56.67910002,56.67910002,0
Year 1 Nov 17 12:00 PM,70.38585369,70.38585369,0
Year 1 Nov 17 1:00 PM,80.2349839,80.2349839,0
Year 1 Nov 17 2:00 PM,60.30828593,60.30828593,0
Year 1 Nov 17 3:00 PM,41.95382626,41.95382626,0
Year 1 Nov 17 4:00 PM,16.21938662,16.21938662,0
Year 1 Nov 17 5:00 PM,2.547493053,2.547493053,0
Year 1 Nov 17 6:00 PM,0,0,0
Year 1 Nov 17 7:00 PM,0,0,0
Year 1 Nov 17 8:00 PM,0,0,0
Year 1 Nov 17 9:00 PM,0,0,0
Year 1 Nov 17 10:00 PM,0,0,0
Year 1 Nov 17 11:00 PM,0,0,0
Year 1 Nov 18 12:00 AM,0,0,0
Year 1 Nov 18 1:00 AM,0,0,0
Year 1 Nov 18 2:00 AM,0,0,0
Year 1 Nov 18 3:00 AM,0,0,0
Year 1 Nov 18 4:00 AM,0,0,0
Year 1 Nov 18 5:00 AM,0,0,0
Year 1 Nov 18 6:00 AM,0,0,0
Year 1 Nov 18 7:00 AM,1.562217915,1.562217915,0
Year 1 Nov 18 8:00 AM,16.31400755,16.31400755,0
Year 1 Nov 18 9:00 AM,44.85064104,44.85064104,0
Year 1 Nov 18 10:00 AM,53.43628865,53.43628865,0
Year 1 Nov 18 11:00 AM,44.07155268,44.07155268,0
Year 1 Nov 18 12:00 PM,55.48689535,55.48689535,0
Year 1 Nov 18 1:00 PM,58.29085857,58.29085857,0
Year 1 Nov 18 2:00 PM,41.14807068,41.14807068,0
Year 1 Nov 18 3:00 PM,29.95591806,29.95591806,0
Year 1 Nov 18 4:00 PM,18.46054864,18.46054864,0
Year 1 Nov 18 5:00 PM,3.096225265,3.096225265,0
Year 1 Nov 18 6:00 PM,0,0,0
Year 1 Nov 18 7:00 PM,0,0,0
Year 1 Nov 18 8:00 PM,0,0,0
Year 1 Nov 18 9:00 PM,0,0,0
Year 1 Nov 18 10:00 PM,0,0,0
Year 1 Nov 18 11:00 PM,0,0,0
Year 1 Nov 19 12:00 AM,0,0,0
Year 1 Nov 19 1:00 AM,0,0,0
Year 1 Nov 19 2:00 AM,0,0,0
Year 1 Nov 19 3:00 AM,0,0,0
Year 1 Nov 19 4:00 AM,0,0,0
Year 1 Nov 19 5:00 AM,0,0,0
Year 1 Nov 19 6:00 AM,0,0,0
Year 1 Nov 19 7:00 AM,1.396277509,1.396277509,0
Year 1 Nov 19 8:00 AM,18.85072333,18.85072333,0
Year 1 Nov 19 9:00 AM,36.85995347,36.85995347,0
Year 1 Nov 19 10:00 AM,57.7365567,57.7365567,0
Year 1 Nov 19 11:00 AM,69.75141894,69.75141894,0
Year 1 Nov 19 12:00 PM,71.74863406,71.74863406,0
Year 1 Nov 19 1:00 PM,71.1066144,71.1066144,0
Year 1 Nov 19 2:00 PM,61.70809849,61.70809849,0
Year 1 Nov 19 3:00 PM,43.33012161,43.33012161,0
Year 1 Nov 19 4:00 PM,22.46479164,22.46479164,0
Year 1 Nov 19 5:00 PM,2.644803872,2.644803872,0
Year 1 Nov 19 6:00 PM,0,0,0
Year 1 Nov 19 7:00 PM,0,0,0
Year 1 Nov 19 8:00 PM,0,0,0
Year 1 Nov 19 9:00 PM,0,0,0
Year 1 Nov 19 10:00 PM,0,0,0
Year 1 Nov 19 11:00 PM,0,0,0
Year 1 Nov 20 12:00 AM,0,0,0
Year 1 Nov 20 1:00 AM,0,0,0
Year 1 Nov 20 2:00 AM,0,0,0
Year 1 Nov 20 3:00 AM,0,0,0
Year 1 Nov 20 4:00 AM,0,0,0
Year 1 Nov 20 5:00 AM,0,0,0
Year 1 Nov 20 6:00 AM,0,0,0
Year 1 Nov 20 7:00 AM,1.402724191,1.402724191,0
Year 1 Nov 20 8:00 AM,20.2046779,20.2046779,0
Year 1 Nov 20 9:00 AM,42.37418415,42.37418415,0
Year 1 Nov 20 10:00 AM,43.3143264,43.3143264,0
Year 1 Nov 20 11:00 AM,58.14397743,58.14397743,0
Year 1 Nov 20 12:00 PM,85.02851443,85.02851443,0
Year 1 Nov 20 1:00 PM,79.85562521,79.85562521,0
Year 1 Nov 20 2:00 PM,67.05055058,67.05055058,0
Year 1 Nov 20 3:00 PM,49.52971579,49.52971579,0
Year 1 Nov 20 4:00 PM,21.82628189,21.82628189,0
Year 1 Nov 20 5:00 PM,2.419002095,2.419002095,0
Year 1 Nov 20 6:00 PM,0,0,0
Year 1 Nov 20 7:00 PM,0,0,0
Year 1 Nov 20 8:00 PM,0,0,0
Year 1 Nov 20 9:00 PM,0,0,0
Year 1 Nov 20 10:00 PM,0,0,0
Year 1 Nov 20 11:00 PM,0,0,0
Year 1 Nov 21 12:00 AM,0,0,0
Year 1 Nov 21 1:00 AM,0,0,0
Year 1 Nov 21 2:00 AM,0,0,0
Year 1 Nov 21 3:00 AM,0,0,0
Year 1 Nov 21 4:00 AM,0,0,0
Year 1 Nov 21 5:00 AM,0,0,0
Year 1 Nov 21 6:00 AM,0,0,0
Year 1 Nov 21 7:00 AM,1.488010896,1.488010896,0
Year 1 Nov 21 8:00 AM,19.15947584,19.15947584,0
Year 1 Nov 21 9:00 AM,38.09233494,38.09233494,0
Year 1 Nov 21 10:00 AM,49.28932966,49.28932966,0
Year 1 Nov 21 11:00 AM,46.61468448,46.61468448,0
Year 1 Nov 21 12:00 PM,45.35005445,45.35005445,0
Year 1 Nov 21 1:00 PM,45.52605725,45.52605725,0
Year 1 Nov 21 2:00 PM,47.70669878,47.70669878,0
Year 1 Nov 21 3:00 PM,43.14519051,43.14519051,0
Year 1 Nov 21 4:00 PM,22.20455712,22.20455712,0
Year 1 Nov 21 5:00 PM,2.746179404,2.746179404,0
Year 1 Nov 21 6:00 PM,0,0,0
Year 1 Nov 21 7:00 PM,0,0,0
Year 1 Nov 21 8:00 PM,0,0,0
Year 1 Nov 21 9:00 PM,0,0,0
Year 1 Nov 21 10:00 PM,0,0,0
Year 1 Nov 21 11:00 PM,0,0,0
Year 1 Nov 22 12:00 AM,0,0,0
Year 1 Nov 22 1:00 AM,0,0,0
Year 1 Nov 22 2:00 AM,0,0,0
Year 1 Nov 22 3:00 AM,0,0,0
Year 1 Nov 22 4:00 AM,0,0,0
Year 1 Nov 22 5:00 AM,0,0,0
Year 1 Nov 22 6:00 AM,0,0,0
Year 1 Nov 22 7:00 AM,0.967899608,0.967899608,0
Year 1 Nov 22 8:00 AM,14.35692565,14.35692565,0
Year 1 Nov 22 9:00 AM,32.23530949,32.23530949,0
Year 1 Nov 22 10:00 AM,47.56524267,47.56524267,0
Year 1 Nov 22 11:00 AM,62.89824919,62.89824919,0
Year 1 Nov 22 12:00 PM,67.37663726,67.37663726,0
Year 1 Nov 22 1:00 PM,62.61174087,62.61174087,0
Year 1 Nov 22 2:00 PM,56.25778721,56.25778721,0
Year 1 Nov 22 3:00 PM,43.34794913,43.34794913,0
Year 1 Nov 22 4:00 PM,21.38167421,21.38167421,0
Year 1 Nov 22 5:00 PM,2.533502,2.533502,0
Year 1 Nov 22 6:00 PM,0,0,0
Year 1 Nov 22 7:00 PM,0,0,0
Year 1 Nov 22 8:00 PM,0,0,0
Year 1 Nov 22 9:00 PM,0,0,0
Year 1 Nov 22 10:00 PM,0,0,0
Year 1 Nov 22 11:00 PM,0,0,0
Year 1 Nov 23 12:00 AM,0,0,0
Year 1 Nov 23 1:00 AM,0,0,0
Year 1 Nov 23 2:00 AM,0,0,0
Year 1 Nov 23 3:00 AM,0,0,0
Year 1 Nov 23 4:00 AM,0,0,0
Year 1 Nov 23 5:00 AM,0,0,0
Year 1 Nov 23 6:00 AM,0,0,0
Year 1 Nov 23 7:00 AM,0.688619305,0.688619305,0
Year 1 Nov 23 8:00 AM,9.345011381,9.345011381,0
Year 1 Nov 23 9:00 AM,20.71108494,20.71108494,0
Year 1 Nov 23 10:00 AM,40.48536862,40.48536862,0
Year 1 Nov 23 11:00 AM,65.69600498,65.69600498,0
Year 1 Nov 23 12:00 PM,67.15655372,67.15655372,0
Year 1 Nov 23 1:00 PM,72.99217109,72.99217109,0
Year 1 Nov 23 2:00 PM,57.57641213,57.57641213,0
Year 1 Nov 23 3:00 PM,40.72387924,40.72387924,0
Year 1 Nov 23 4:00 PM,20.25609758,20.25609758,0
Year 1 Nov 23 5:00 PM,2.582425055,2.582425055,0
Year 1 Nov 23 6:00 PM,0,0,0
Year 1 Nov 23 7:00 PM,0,0,0
Year 1 Nov 23 8:00 PM,0,0,0
Year 1 Nov 23 9:00 PM,0,0,0
Year 1 Nov 23 10:00 PM,0,0,0
Year 1 Nov 23 11:00 PM,0,0,0
Year 1 Nov 24 12:00 AM,0,0,0
Year 1 Nov 24 1:00 AM,0,0,0
Year 1 Nov 24 2:00 AM,0,0,0
Year 1 Nov 24 3:00 AM,0,0,0
Year 1 Nov 24 4:00 AM,0,0,0
Year 1 Nov 24 5:00 AM,0,0,0
Year 1 Nov 24 6:00 AM,0,0,0
Year 1 Nov 24 7:00 AM,1.066006957,1.066006957,0
Year 1 Nov 24 8:00 AM,16.91118108,16.91118108,0
Year 1 Nov 24 9:00 AM,41.48470536,41.48470536,0
Year 1 Nov 24 10:00 AM,53.79200726,53.79200726,0
Year 1 Nov 24 11:00 AM,46.13134861,46.13134861,0
Year 1 Nov 24 12:00 PM,58.00403995,58.00403995,0
Year 1 Nov 24 1:00 PM,55.44021835,55.44021835,0
Year 1 Nov 24 2:00 PM,35.67561365,35.67561365,0
Year 1 Nov 24 3:00 PM,32.24544594,32.24544594,0
Year 1 Nov 24 4:00 PM,20.56340207,20.56340207,0
Year 1 Nov 24 5:00 PM,2.638559295,2.638559295,0
Year 1 Nov 24 6:00 PM,0,0,0
Year 1 Nov 24 7:00 PM,0,0,0
Year 1 Nov 24 8:00 PM,0,0,0
Year 1 Nov 24 9:00 PM,0,0,0
Year 1 Nov 24 10:00 PM,0,0,0
Year 1 Nov 24 11:00 PM,0,0,0
Year 1 Nov 25 12:00 AM,0,0,0
Year 1 Nov 25 1:00 AM,0,0,0
Year 1 Nov 25 2:00 AM,0,0,0
Year 1 Nov 25 3:00 AM,0,0,0
Year 1 Nov 25 4:00 AM,0,0,0
Year 1 Nov 25 5:00 AM,0,0,0
Year 1 Nov 25 6:00 AM,0,0,0
Year 1 Nov 25 7:00 AM,0.874939432,0.874939432,0
Year 1 Nov 25 8:00 AM,15.65641881,15.65641881,0
Year 1 Nov 25 9:00 AM,41.84493648,41.84493648,0
Year 1 Nov 25 10:00 AM,53.39016866,53.39016866,0
Year 1 Nov 25 11:00 AM,68.84562134,68.84562134,0
Year 1 Nov 25 12:00 PM,72.11889286,72.11889286,0
Year 1 Nov 25 1:00 PM,75.86730257,75.86730257,0
Year 1 Nov 25 2:00 PM,51.13908875,51.13908875,0
Year 1 Nov 25 3:00 PM,46.79244853,46.79244853,0
Year 1 Nov 25 4:00 PM,15.70192239,15.70192239,0
Year 1 Nov 25 5:00 PM,0.953135518,0.953135518,0
Year 1 Nov 25 6:00 PM,0,0,0
Year 1 Nov 25 7:00 PM,0,0,0
Year 1 Nov 25 8:00 PM,0,0,0
Year 1 Nov 25 9:00 PM,0,0,0
Year 1 Nov 25 10:00 PM,0,0,0
Year 1 Nov 25 11:00 PM,0,0,0
Year 1 Nov 26 12:00 AM,0,0,0
Year 1 Nov 26 1:00 AM,0,0,0
Year 1 Nov 26 2:00 AM,0,0,0
Year 1 Nov 26 3:00 AM,0,0,0
Year 1 Nov 26 4:00 AM,0,0,0
Year 1 Nov 26 5:00 AM,0,0,0
Year 1 Nov 26 6:00 AM,0,0,0
Year 1 Nov 26 7:00 AM,1.156485813,1.156485813,0
Year 1 Nov 26 8:00 AM,16.69027488,16.69027488,0
Year 1 Nov 26 9:00 AM,30.69814608,30.69814608,0
Year 1 Nov 26 10:00 AM,38.154383,38.154383,0
Year 1 Nov 26 11:00 AM,46.09603661,46.09603661,0
Year 1 Nov 26 12:00 PM,46.89827978,46.89827978,0
Year 1 Nov 26 1:00 PM,48.974135,48.974135,0
Year 1 Nov 26 2:00 PM,52.39637756,52.39637756,0
Year 1 Nov 26 3:00 PM,41.33171726,41.33171726,0
Year 1 Nov 26 4:00 PM,20.50485947,20.50485947,0
Year 1 Nov 26 5:00 PM,1.452275887,1.452275887,0
Year 1 Nov 26 6:00 PM,0,0,0
Year 1 Nov 26 7:00 PM,0,0,0
Year 1 Nov 26 8:00 PM,0,0,0
Year 1 Nov 26 9:00 PM,0,0,0
Year 1 Nov 26 10:00 PM,0,0,0
Year 1 Nov 26 11:00 PM,0,0,0
Year 1 Nov 27 12:00 AM,0,0,0
Year 1 Nov 27 1:00 AM,0,0,0
Year 1 Nov 27 2:00 AM,0,0,0
Year 1 Nov 27 3:00 AM,0,0,0
Year 1 Nov 27 4:00 AM,0,0,0
Year 1 Nov 27 5:00 AM,0,0,0
Year 1 Nov 27 6:00 AM,0,0,0
Year 1 Nov 27 7:00 AM,0.995731874,0.995731874,0
Year 1 Nov 27 8:00 AM,14.44350335,14.44350335,0
Year 1 Nov 27 9:00 AM,29.50935514,29.50935514,0
Year 1 Nov 27 10:00 AM,49.21861712,49.21861712,0
Year 1 Nov 27 11:00 AM,70.04243034,70.04243034,0
Year 1 Nov 27 12:00 PM,70.98280085,70.98280085,0
Year 1 Nov 27 1:00 PM,69.73965132,69.73965132,0
Year 1 Nov 27 2:00 PM,55.27738349,55.27738349,0
Year 1 Nov 27 3:00 PM,39.13398815,39.13398815,0
Year 1 Nov 27 4:00 PM,18.91751311,18.91751311,0
Year 1 Nov 27 5:00 PM,1.406891763,1.406891763,0
Year 1 Nov 27 6:00 PM,0,0,0
Year 1 Nov 27 7:00 PM,0,0,0
Year 1 Nov 27 8:00 PM,0,0,0
Year 1 Nov 27 9:00 PM,0,0,0
Year 1 Nov 27 10:00 PM,0,0,0
Year 1 Nov 27 11:00 PM,0,0,0
Year 1 Nov 28 12:00 AM,0,0,0
Year 1 Nov 28 1:00 AM,0,0,0
Year 1 Nov 28 2:00 AM,0,0,0
Year 1 Nov 28 3:00 AM,0,0,0
Year 1 Nov 28 4:00 AM,0,0,0
Year 1 Nov 28 5:00 AM,0,0,0
Year 1 Nov 28 6:00 AM,0,0,0
Year 1 Nov 28 7:00 AM,0,0,0
Year 1 Nov 28 8:00 AM,16.45637622,16.45637622,0
Year 1 Nov 28 9:00 AM,31.69637932,31.69637932,0
Year 1 Nov 28 10:00 AM,40.17264544,40.17264544,0
Year 1 Nov 28 11:00 AM,50.38493249,50.38493249,0
Year 1 Nov 28 12:00 PM,65.13884823,65.13884823,0
Year 1 Nov 28 1:00 PM,71.3087635,71.3087635,0
Year 1 Nov 28 2:00 PM,59.61409026,59.61409026,0
Year 1 Nov 28 3:00 PM,45.97198159,45.97198159,0
Year 1 Nov 28 4:00 PM,22.97456866,22.97456866,0
Year 1 Nov 28 5:00 PM,1.489976821,1.489976821,0
Year 1 Nov 28 6:00 PM,0,0,0
Year 1 Nov 28 7:00 PM,0,0,0
Year 1 Nov 28 8:00 PM,0,0,0
Year 1 Nov 28 9:00 PM,0,0,0
Year 1 Nov 28 10:00 PM,0,0,0
Year 1 Nov 28 11:00 PM,0,0,0
Year 1 Nov 29 12:00 AM,0,0,0
Year 1 Nov 29 1:00 AM,0,0,0
Year 1 Nov 29 2:00 AM,0,0,0
Year 1 Nov 29 3:00 AM,0,0,0
Year 1 Nov 29 4:00 AM,0,0,0
Year 1 Nov 29 5:00 AM,0,0,0
Year 1 Nov 29 6:00 AM,0,0,0
Year 1 Nov 29 7:00 AM,0,0,0
Year 1 Nov 29 8:00 AM,17.08569543,17.08569543,0
Year 1 Nov 29 9:00 AM,40.59840884,40.59840884,0
Year 1 Nov 29 10:00 AM,62.3029971,62.3029971,0
Year 1 Nov 29 11:00 AM,71.4690911,71.4690911,0
Year 1 Nov 29 12:00 PM,76.56674294,76.56674294,0
Year 1 Nov 29 1:00 PM,76.6311481,76.6311481,0
Year 1 Nov 29 2:00 PM,62.55766574,62.55766574,0
Year 1 Nov 29 3:00 PM,48.01735967,48.01735967,0
Year 1 Nov 29 4:00 PM,23.78167534,23.78167534,0
Year 1 Nov 29 5:00 PM,1.540842204,1.540842204,0
Year 1 Nov 29 6:00 PM,0,0,0
Year 1 Nov 29 7:00 PM,0,0,0
Year 1 Nov 29 8:00 PM,0,0,0
Year 1 Nov 29 9:00 PM,0,0,0
Year 1 Nov 29 10:00 PM,0,0,0
Year 1 Nov 29 11:00 PM,0,0,0
Year 1 Nov 30 12:00 AM,0,0,0
Year 1 Nov 30 1:00 AM,0,0,0
Year 1 Nov 30 2:00 AM,0,0,0
Year 1 Nov 30 3:00 AM,0,0,0
Year 1 Nov 30 4:00 AM,0,0,0
Year 1 Nov 30 5:00 AM,0,0,0
Year 1 Nov 30 6:00 AM,0,0,0
Year 1 Nov 30 7:00 AM,0,0,0
Year 1 Nov 30 8:00 AM,10.48092371,10.48092371,0
Year 1 Nov 30 9:00 AM,34.30259582,34.30259582,0
Year 1 Nov 30 10:00 AM,53.37332058,53.37332058,0
Year 1 Nov 30 11:00 AM,72.77139266,72.77139266,0
Year 1 Nov 30 12:00 PM,72.91135254,72.91135254,0
Year 1 Nov 30 1:00 PM,73.87226278,73.87226278,0
Year 1 Nov 30 2:00 PM,65.61074493,65.61074493,0
Year 1 Nov 30 3:00 PM,39.53756911,39.53756911,0
Year 1 Nov 30 4:00 PM,17.95338307,17.95338307,0
Year 1 Nov 30 5:00 PM,1.305075124,1.305075124,0
Year 1 Nov 30 6:00 PM,0,0,0
Year 1 Nov 30 7:00 PM,0,0,0
Year 1 Nov 30 8:00 PM,0,0,0
Year 1 Nov 30 9:00 PM,0,0,0
Year 1 Nov 30 10:00 PM,0,0,0
Year 1 Nov 30 11:00 PM,0,0,0
Year 1 Dec 01 12:00 AM,0,0,0
Year 1 Dec 01 1:00 AM,0,0,0
Year 1 Dec 01 2:00 AM,0,0,0
Year 1 Dec 01 3:00 AM,0,0,0
Year 1 Dec 01 4:00 AM,0,0,0
Year 1 Dec 01 5:00 AM,0,0,0
Year 1 Dec 01 6:00 AM,0,0,0
Year 1 Dec 01 7:00 AM,0,0,0
Year 1 Dec 01 8:00 AM,8.023717888,8.023717888,0
Year 1 Dec 01 9:00 AM,23.44207995,23.44207995,0
Year 1 Dec 01 10:00 AM,39.87459782,39.87459782,0
Year 1 Dec 01 11:00 AM,50.13289222,50.13289222,0
Year 1 Dec 01 12:00 PM,50.22565185,50.22565185,0
Year 1 Dec 01 1:00 PM,46.22485911,46.22485911,0
Year 1 Dec 01 2:00 PM,38.64903379,38.64903379,0
Year 1 Dec 01 3:00 PM,25.19440913,25.19440913,0
Year 1 Dec 01 4:00 PM,11.67446684,11.67446684,0
Year 1 Dec 01 5:00 PM,0.876280618,0.876280618,0
Year 1 Dec 01 6:00 PM,0,0,0
Year 1 Dec 01 7:00 PM,0,0,0
Year 1 Dec 01 8:00 PM,0,0,0
Year 1 Dec 01 9:00 PM,0,0,0
Year 1 Dec 01 10:00 PM,0,0,0
Year 1 Dec 01 11:00 PM,0,0,0
Year 1 Dec 02 12:00 AM,0,0,0
Year 1 Dec 02 1:00 AM,0,0,0
Year 1 Dec 02 2:00 AM,0,0,0
Year 1 Dec 02 3:00 AM,0,0,0
Year 1 Dec 02 4:00 AM,0,0,0
Year 1 Dec 02 5:00 AM,0,0,0
Year 1 Dec 02 6:00 AM,0,0,0
Year 1 Dec 02 7:00 AM,0,0,0
Year 1 Dec 02 8:00 AM,13.88784077,13.88784077,0
Year 1 Dec 02 9:00 AM,39.19242477,39.19242477,0
Year 1 Dec 02 10:00 AM,60.29872124,60.29872124,0
Year 1 Dec 02 11:00 AM,73.10567001,73.10567001,0
Year 1 Dec 02 12:00 PM,75.33187198,75.33187198,0
Year 1 Dec 02 1:00 PM,74.67285131,74.67285131,0
Year 1 Dec 02 2:00 PM,58.88653637,58.88653637,0
Year 1 Dec 02 3:00 PM,39.94129334,39.94129334,0
Year 1 Dec 02 4:00 PM,17.03456467,17.03456467,0
Year 1 Dec 02 5:00 PM,1.077517613,1.077517613,0
Year 1 Dec 02 6:00 PM,0,0,0
Year 1 Dec 02 7:00 PM,0,0,0
Year 1 Dec 02 8:00 PM,0,0,0
Year 1 Dec 02 9:00 PM,0,0,0
Year 1 Dec 02 10:00 PM,0,0,0
Year 1 Dec 02 11:00 PM,0,0,0
Year 1 Dec 03 12:00 AM,0,0,0
Year 1 Dec 03 1:00 AM,0,0,0
Year 1 Dec 03 2:00 AM,0,0,0
Year 1 Dec 03 3:00 AM,0,0,0
Year 1 Dec 03 4:00 AM,0,0,0
Year 1 Dec 03 5:00 AM,0,0,0
Year 1 Dec 03 6:00 AM,0,0,0
Year 1 Dec 03 7:00 AM,0,0,0
Year 1 Dec 03 8:00 AM,13.9642125,13.9642125,0
Year 1 Dec 03 9:00 AM,27.20896836,27.20896836,0
Year 1 Dec 03 10:00 AM,40.43866338,40.43866338,0
Year 1 Dec 03 11:00 AM,53.39369947,53.39369947,0
Year 1 Dec 03 12:00 PM,69.2028987,69.2028987,0
Year 1 Dec 03 1:00 PM,65.80716725,65.80716725,0
Year 1 Dec 03 2:00 PM,54.47226096,54.47226096,0
Year 1 Dec 03 3:00 PM,33.72886413,33.72886413,0
Year 1 Dec 03 4:00 PM,11.10659384,11.10659384,0
Year 1 Dec 03 5:00 PM,0.671690189,0.671690189,0
Year 1 Dec 03 6:00 PM,0,0,0
Year 1 Dec 03 7:00 PM,0,0,0
Year 1 Dec 03 8:00 PM,0,0,0
Year 1 Dec 03 9:00 PM,0,0,0
Year 1 Dec 03 10:00 PM,0,0,0
Year 1 Dec 03 11:00 PM,0,0,0
Year 1 Dec 04 12:00 AM,0,0,0
Year 1 Dec 04 1:00 AM,0,0,0
Year 1 Dec 04 2:00 AM,0,0,0
Year 1 Dec 04 3:00 AM,0,0,0
Year 1 Dec 04 4:00 AM,0,0,0
Year 1 Dec 04 5:00 AM,0,0,0
Year 1 Dec 04 6:00 AM,0,0,0
Year 1 Dec 04 7:00 AM,0,0,0
Year 1 Dec 04 8:00 AM,14.15868966,14.15868966,0
Year 1 Dec 04 9:00 AM,36.33874557,36.33874557,0
Year 1 Dec 04 10:00 AM,54.04372253,54.04372253,0
Year 1 Dec 04 11:00 AM,65.72063195,65.72063195,0
Year 1 Dec 04 12:00 PM,58.1357214,58.1357214,0
Year 1 Dec 04 1:00 PM,45.2392565,45.2392565,0
Year 1 Dec 04 2:00 PM,47.73790108,47.73790108,0
Year 1 Dec 04 3:00 PM,33.74982182,33.74982182,0
Year 1 Dec 04 4:00 PM,18.85582087,18.85582087,0
Year 1 Dec 04 5:00 PM,1.279459632,1.279459632,0
Year 1 Dec 04 6:00 PM,0,0,0
Year 1 Dec 04 7:00 PM,0,0,0
Year 1 Dec 04 8:00 PM,0,0,0
Year 1 Dec 04 9:00 PM,0,0,0
Year 1 Dec 04 10:00 PM,0,0,0
Year 1 Dec 04 11:00 PM,0,0,0
Year 1 Dec 05 12:00 AM,0,0,0
Year 1 Dec 05 1:00 AM,0,0,0
Year 1 Dec 05 2:00 AM,0,0,0
Year 1 Dec 05 3:00 AM,0,0,0
Year 1 Dec 05 4:00 AM,0,0,0
Year 1 Dec 05 5:00 AM,0,0,0
Year 1 Dec 05 6:00 AM,0,0,0
Year 1 Dec 05 7:00 AM,0,0,0
Year 1 Dec 05 8:00 AM,11.51125247,11.51125247,0
Year 1 Dec 05 9:00 AM,21.99074011,21.99074011,0
Year 1 Dec 05 10:00 AM,27.62080131,27.62080131,0
Year 1 Dec 05 11:00 AM,30.50531788,30.50531788,0
Year 1 Dec 05 12:00 PM,31.67863078,31.67863078,0
Year 1 Dec 05 1:00 PM,31.10600613,31.10600613,0
Year 1 Dec 05 2:00 PM,28.72203682,28.72203682,0
Year 1 Dec 05 3:00 PM,24.35565548,24.35565548,0
Year 1 Dec 05 4:00 PM,14.36245,14.36245,0
Year 1 Dec 05 5:00 PM,1.214967319,1.214967319,0
Year 1 Dec 05 6:00 PM,0,0,0
Year 1 Dec 05 7:00 PM,0,0,0
Year 1 Dec 05 8:00 PM,0,0,0
Year 1 Dec 05 9:00 PM,0,0,0
Year 1 Dec 05 10:00 PM,0,0,0
Year 1 Dec 05 11:00 PM,0,0,0
Year 1 Dec 06 12:00 AM,0,0,0
Year 1 Dec 06 1:00 AM,0,0,0
Year 1 Dec 06 2:00 AM,0,0,0
Year 1 Dec 06 3:00 AM,0,0,0
Year 1 Dec 06 4:00 AM,0,0,0
Year 1 Dec 06 5:00 AM,0,0,0
Year 1 Dec 06 6:00 AM,0,0,0
Year 1 Dec 06 7:00 AM,0,0,0
Year 1 Dec 06 8:00 AM,11.69067546,11.69067546,0
Year 1 Dec 06 9:00 AM,34.97539568,34.97539568,0
Year 1 Dec 06 10:00 AM,47.51984688,47.51984688,0
Year 1 Dec 06 11:00 AM,57.85229056,57.85229056,0
Year 1 Dec 06 12:00 PM,63.06738581,63.06738581,0
Year 1 Dec 06 1:00 PM,71.34456208,71.34456208,0
Year 1 Dec 06 2:00 PM,50.67619464,50.67619464,0
Year 1 Dec 06 3:00 PM,36.661845,36.661845,0
Year 1 Dec 06 4:00 PM,20.44196094,20.44196094,0
Year 1 Dec 06 5:00 PM,1.289061279,1.289061279,0
Year 1 Dec 06 6:00 PM,0,0,0
Year 1 Dec 06 7:00 PM,0,0,0
Year 1 Dec 06 8:00 PM,0,0,0
Year 1 Dec 06 9:00 PM,0,0,0
Year 1 Dec 06 10:00 PM,0,0,0
Year 1 Dec 06 11:00 PM,0,0,0
Year 1 Dec 07 12:00 AM,0,0,0
Year 1 Dec 07 1:00 AM,0,0,0
Year 1 Dec 07 2:00 AM,0,0,0
Year 1 Dec 07 3:00 AM,0,0,0
Year 1 Dec 07 4:00 AM,0,0,0
Year 1 Dec 07 5:00 AM,0,0,0
Year 1 Dec 07 6:00 AM,0,0,0
Year 1 Dec 07 7:00 AM,0,0,0
Year 1 Dec 07 8:00 AM,9.709627812,9.709627812,0
Year 1 Dec 07 9:00 AM,29.60009653,29.60009653,0
Year 1 Dec 07 10:00 AM,51.08346378,51.08346378,0
Year 1 Dec 07 11:00 AM,56.95087092,56.95087092,0
Year 1 Dec 07 12:00 PM,60.64829848,60.64829848,0
Year 1 Dec 07 1:00 PM,49.8390868,49.8390868,0
Year 1 Dec 07 2:00 PM,54.22108155,54.22108155,0
Year 1 Dec 07 3:00 PM,37.67833348,37.67833348,0
Year 1 Dec 07 4:00 PM,17.65970536,17.65970536,0
Year 1 Dec 07 5:00 PM,1.143499653,1.143499653,0
Year 1 Dec 07 6:00 PM,0,0,0
Year 1 Dec 07 7:00 PM,0,0,0
Year 1 Dec 07 8:00 PM,0,0,0
Year 1 Dec 07 9:00 PM,0,0,0
Year 1 Dec 07 10:00 PM,0,0,0
Year 1 Dec 07 11:00 PM,0,0,0
Year 1 Dec 08 12:00 AM,0,0,0
Year 1 Dec 08 1:00 AM,0,0,0
Year 1 Dec 08 2:00 AM,0,0,0
Year 1 Dec 08 3:00 AM,0,0,0
Year 1 Dec 08 4:00 AM,0,0,0
Year 1 Dec 08 5:00 AM,0,0,0
Year 1 Dec 08 6:00 AM,0,0,0
Year 1 Dec 08 7:00 AM,0,0,0
Year 1 Dec 08 8:00 AM,9.938180078,9.938180078,0
Year 1 Dec 08 9:00 AM,31.07552504,31.07552504,0
Year 1 Dec 08 10:00 AM,43.73714448,43.73714448,0
Year 1 Dec 08 11:00 AM,66.15677545,66.15677545,0
Year 1 Dec 08 12:00 PM,65.89016411,65.89016411,0
Year 1 Dec 08 1:00 PM,68.29438476,68.29438476,0
Year 1 Dec 08 2:00 PM,54.98688511,54.98688511,0
Year 1 Dec 08 3:00 PM,37.44403159,37.44403159,0
Year 1 Dec 08 4:00 PM,17.60544201,17.60544201,0
Year 1 Dec 08 5:00 PM,1.21088873,1.21088873,0
Year 1 Dec 08 6:00 PM,0,0,0
Year 1 Dec 08 7:00 PM,0,0,0
Year 1 Dec 08 8:00 PM,0,0,0
Year 1 Dec 08 9:00 PM,0,0,0
Year 1 Dec 08 10:00 PM,0,0,0
Year 1 Dec 08 11:00 PM,0,0,0
Year 1 Dec 09 12:00 AM,0,0,0
Year 1 Dec 09 1:00 AM,0,0,0
Year 1 Dec 09 2:00 AM,0,0,0
Year 1 Dec 09 3:00 AM,0,0,0
Year 1 Dec 09 4:00 AM,0,0,0
Year 1 Dec 09 5:00 AM,0,0,0
Year 1 Dec 09 6:00 AM,0,0,0
Year 1 Dec 09 7:00 AM,0,0,0
Year 1 Dec 09 8:00 AM,10.95815598,10.95815598,0
Year 1 Dec 09 9:00 AM,30.05953255,30.05953255,0
Year 1 Dec 09 10:00 AM,46.24147136,46.24147136,0
Year 1 Dec 09 11:00 AM,59.5234759,59.5234759,0
Year 1 Dec 09 12:00 PM,44.85465545,44.85465545,0
Year 1 Dec 09 1:00 PM,52.55675341,52.55675341,0
Year 1 Dec 09 2:00 PM,44.00472704,44.00472704,0
Year 1 Dec 09 3:00 PM,34.58585799,34.58585799,0
Year 1 Dec 09 4:00 PM,15.81401446,15.81401446,0
Year 1 Dec 09 5:00 PM,0.919198012,0.919198012,0
Year 1 Dec 09 6:00 PM,0,0,0
Year 1 Dec 09 7:00 PM,0,0,0
Year 1 Dec 09 8:00 PM,0,0,0
Year 1 Dec 09 9:00 PM,0,0,0
Year 1 Dec 09 10:00 PM,0,0,0
Year 1 Dec 09 11:00 PM,0,0,0
Year 1 Dec 10 12:00 AM,0,0,0
Year 1 Dec 10 1:00 AM,0,0,0
Year 1 Dec 10 2:00 AM,0,0,0
Year 1 Dec 10 3:00 AM,0,0,0
Year 1 Dec 10 4:00 AM,0,0,0
Year 1 Dec 10 5:00 AM,0,0,0
Year 1 Dec 10 6:00 AM,0,0,0
Year 1 Dec 10 7:00 AM,0,0,0
Year 1 Dec 10 8:00 AM,10.03654974,10.03654974,0
Year 1 Dec 10 9:00 AM,21.63575895,21.63575895,0
Year 1 Dec 10 10:00 AM,29.12780275,29.12780275,0
Year 1 Dec 10 11:00 AM,33.5766593,33.5766593,0
Year 1 Dec 10 12:00 PM,35.37767024,35.37767024,0
Year 1 Dec 10 1:00 PM,33.75618552,33.75618552,0
Year 1 Dec 10 2:00 PM,34.33895021,34.33895021,0
Year 1 Dec 10 3:00 PM,34.63507444,34.63507444,0
Year 1 Dec 10 4:00 PM,19.5173614,19.5173614,0
Year 1 Dec 10 5:00 PM,1.358767197,1.358767197,0
Year 1 Dec 10 6:00 PM,0,0,0
Year 1 Dec 10 7:00 PM,0,0,0
Year 1 Dec 10 8:00 PM,0,0,0
Year 1 Dec 10 9:00 PM,0,0,0
Year 1 Dec 10 10:00 PM,0,0,0
Year 1 Dec 10 11:00 PM,0,0,0
Year 1 Dec 11 12:00 AM,0,0,0
Year 1 Dec 11 1:00 AM,0,0,0
Year 1 Dec 11 2:00 AM,0,0,0
Year 1 Dec 11 3:00 AM,0,0,0
Year 1 Dec 11 4:00 AM,0,0,0
Year 1 Dec 11 5:00 AM,0,0,0
Year 1 Dec 11 6:00 AM,0,0,0
Year 1 Dec 11 7:00 AM,0,0,0
Year 1 Dec 11 8:00 AM,9.242234797,9.242234797,0
Year 1 Dec 11 9:00 AM,29.28286347,29.28286347,0
Year 1 Dec 11 10:00 AM,47.81275342,47.81275342,0
Year 1 Dec 11 11:00 AM,54.49060838,54.49060838,0
Year 1 Dec 11 12:00 PM,58.07222392,58.07222392,0
Year 1 Dec 11 1:00 PM,60.55439992,60.55439992,0
Year 1 Dec 11 2:00 PM,36.98644731,36.98644731,0
Year 1 Dec 11 3:00 PM,26.50009251,26.50009251,0
Year 1 Dec 11 4:00 PM,15.80701014,15.80701014,0
Year 1 Dec 11 5:00 PM,1.33059135,1.33059135,0
Year 1 Dec 11 6:00 PM,0,0,0
Year 1 Dec 11 7:00 PM,0,0,0
Year 1 Dec 11 8:00 PM,0,0,0
Year 1 Dec 11 9:00 PM,0,0,0
Year 1 Dec 11 10:00 PM,0,0,0
Year 1 Dec 11 11:00 PM,0,0,0
Year 1 Dec 12 12:00 AM,0,0,0
Year 1 Dec 12 1:00 AM,0,0,0
Year 1 Dec 12 2:00 AM,0,0,0
Year 1 Dec 12 3:00 AM,0,0,0
Year 1 Dec 12 4:00 AM,0,0,0
Year 1 Dec 12 5:00 AM,0,0,0
Year 1 Dec 12 6:00 AM,0,0,0
Year 1 Dec 12 7:00 AM,0,0,0
Year 1 Dec 12 8:00 AM,10.62523514,10.62523514,0
Year 1 Dec 12 9:00 AM,30.87437316,30.87437316,0
Year 1 Dec 12 10:00 AM,44.45242729,44.45242729,0
Year 1 Dec 12 11:00 AM,59.38954428,59.38954428,0
Year 1 Dec 12 12:00 PM,58.49201132,58.49201132,0
Year 1 Dec 12 1:00 PM,61.99362681,61.99362681,0
Year 1 Dec 12 2:00 PM,54.31028211,54.31028211,0
Year 1 Dec 12 3:00 PM,34.01534035,34.01534035,0
Year 1 Dec 12 4:00 PM,14.85886463,14.85886463,0
Year 1 Dec 12 5:00 PM,0.957932639,0.957932639,0
Year 1 Dec 12 6:00 PM,0,0,0
Year 1 Dec 12 7:00 PM,0,0,0
Year 1 Dec 12 8:00 PM,0,0,0
Year 1 Dec 12 9:00 PM,0,0,0
Year 1 Dec 12 10:00 PM,0,0,0
Year 1 Dec 12 11:00 PM,0,0,0
Year 1 Dec 13 12:00 AM,0,0,0
Year 1 Dec 13 1:00 AM,0,0,0
Year 1 Dec 13 2:00 AM,0,0,0
Year 1 Dec 13 3:00 AM,0,0,0
Year 1 Dec 13 4:00 AM,0,0,0
Year 1 Dec 13 5:00 AM,0,0,0
Year 1 Dec 13 6:00 AM,0,0,0
Year 1 Dec 13 7:00 AM,0,0,0
Year 1 Dec 13 8:00 AM,8.065772234,8.065772234,0
Year 1 Dec 13 9:00 AM,22.18247351,22.18247351,0
Year 1 Dec 13 10:00 AM,43.28796358,43.28796358,0
Year 1 Dec 13 11:00 AM,59.67429967,59.67429967,0
Year 1 Dec 13 12:00 PM,64.75890219,64.75890219,0
Year 1 Dec 13 1:00 PM,62.86569094,62.86569094,0
Year 1 Dec 13 2:00 PM,57.9623977,57.9623977,0
Year 1 Dec 13 3:00 PM,37.6335157,37.6335157,0
Year 1 Dec 13 4:00 PM,17.70338773,17.70338773,0
Year 1 Dec 13 5:00 PM,1.163744451,1.163744451,0
Year 1 Dec 13 6:00 PM,0,0,0
Year 1 Dec 13 7:00 PM,0,0,0
Year 1 Dec 13 8:00 PM,0,0,0
Year 1 Dec 13 9:00 PM,0,0,0
Year 1 Dec 13 10:00 PM,0,0,0
Year 1 Dec 13 11:00 PM,0,0,0
Year 1 Dec 14 12:00 AM,0,0,0
Year 1 Dec 14 1:00 AM,0,0,0
Year 1 Dec 14 2:00 AM,0,0,0
Year 1 Dec 14 3:00 AM,0,0,0
Year 1 Dec 14 4:00 AM,0,0,0
Year 1 Dec 14 5:00 AM,0,0,0
Year 1 Dec 14 6:00 AM,0,0,0
Year 1 Dec 14 7:00 AM,0,0,0
Year 1 Dec 14 8:00 AM,11.14293598,11.14293598,0
Year 1 Dec 14 9:00 AM,35.41415869,35.41415869,0
Year 1 Dec 14 10:00 AM,58.12398938,58.12398938,0
Year 1 Dec 14 11:00 AM,68.98961199,68.98961199,0
Year 1 Dec 14 12:00 PM,76.41703424,76.41703424,0
Year 1 Dec 14 1:00 PM,72.36838848,72.36838848,0
Year 1 Dec 14 2:00 PM,60.8988179,60.8988179,0
Year 1 Dec 14 3:00 PM,38.01205391,38.01205391,0
Year 1 Dec 14 4:00 PM,14.73329635,14.73329635,0
Year 1 Dec 14 5:00 PM,0.976803206,0.976803206,0
Year 1 Dec 14 6:00 PM,0,0,0
Year 1 Dec 14 7:00 PM,0,0,0
Year 1 Dec 14 8:00 PM,0,0,0
Year 1 Dec 14 9:00 PM,0,0,0
Year 1 Dec 14 10:00 PM,0,0,0
Year 1 Dec 14 11:00 PM,0,0,0
Year 1 Dec 15 12:00 AM,0,0,0
Year 1 Dec 15 1:00 AM,0,0,0
Year 1 Dec 15 2:00 AM,0,0,0
Year 1 Dec 15 3:00 AM,0,0,0
Year 1 Dec 15 4:00 AM,0,0,0
Year 1 Dec 15 5:00 AM,0,0,0
Year 1 Dec 15 6:00 AM,0,0,0
Year 1 Dec 15 7:00 AM,0,0,0
Year 1 Dec 15 8:00 AM,9.137728408,9.137728408,0
Year 1 Dec 15 9:00 AM,31.36042337,31.36042337,0
Year 1 Dec 15 10:00 AM,47.67390078,47.67390078,0
Year 1 Dec 15 11:00 AM,54.7711317,54.7711317,0
Year 1 Dec 15 12:00 PM,55.66434205,55.66434205,0
Year 1 Dec 15 1:00 PM,51.73124357,51.73124357,0
Year 1 Dec 15 2:00 PM,47.0419687,47.0419687,0
Year 1 Dec 15 3:00 PM,38.09768476,38.09768476,0
Year 1 Dec 15 4:00 PM,18.05581052,18.05581052,0
Year 1 Dec 15 5:00 PM,1.297925436,1.297925436,0
Year 1 Dec 15 6:00 PM,0,0,0
Year 1 Dec 15 7:00 PM,0,0,0
Year 1 Dec 15 8:00 PM,0,0,0
Year 1 Dec 15 9:00 PM,0,0,0
Year 1 Dec 15 10:00 PM,0,0,0
Year 1 Dec 15 11:00 PM,0,0,0
Year 1 Dec 16 12:00 AM,0,0,0
Year 1 Dec 16 1:00 AM,0,0,0
Year 1 Dec 16 2:00 AM,0,0,0
Year 1 Dec 16 3:00 AM,0,0,0
Year 1 Dec 16 4:00 AM,0,0,0
Year 1 Dec 16 5:00 AM,0,0,0
Year 1 Dec 16 6:00 AM,0,0,0
Year 1 Dec 16 7:00 AM,0,0,0
Year 1 Dec 16 8:00 AM,9.296802499,9.296802499,0
Year 1 Dec 16 9:00 AM,21.39257102,21.39257102,0
Year 1 Dec 16 10:00 AM,32.56636917,32.56636917,0
Year 1 Dec 16 11:00 AM,51.01767378,51.01767378,0
Year 1 Dec 16 12:00 PM,61.69681523,61.69681523,0
Year 1 Dec 16 1:00 PM,70.86956481,70.86956481,0
Year 1 Dec 16 2:00 PM,49.60276029,49.60276029,0
Year 1 Dec 16 3:00 PM,36.38160336,36.38160336,0
Year 1 Dec 16 4:00 PM,13.44483422,13.44483422,0
Year 1 Dec 16 5:00 PM,0.771688022,0.771688022,0
Year 1 Dec 16 6:00 PM,0,0,0
Year 1 Dec 16 7:00 PM,0,0,0
Year 1 Dec 16 8:00 PM,0,0,0
Year 1 Dec 16 9:00 PM,0,0,0
Year 1 Dec 16 10:00 PM,0,0,0
Year 1 Dec 16 11:00 PM,0,0,0
Year 1 Dec 17 12:00 AM,0,0,0
Year 1 Dec 17 1:00 AM,0,0,0
Year 1 Dec 17 2:00 AM,0,0,0
Year 1 Dec 17 3:00 AM,0,0,0
Year 1 Dec 17 4:00 AM,0,0,0
Year 1 Dec 17 5:00 AM,0,0,0
Year 1 Dec 17 6:00 AM,0,0,0
Year 1 Dec 17 7:00 AM,0,0,0
Year 1 Dec 17 8:00 AM,4.850333292,4.850333292,0
Year 1 Dec 17 9:00 AM,23.0994269,23.0994269,0
Year 1 Dec 17 10:00 AM,47.73648509,47.73648509,0
Year 1 Dec 17 11:00 AM,48.15890041,48.15890041,0
Year 1 Dec 17 12:00 PM,51.83459338,51.83459338,0
Year 1 Dec 17 1:00 PM,55.89485871,55.89485871,0
Year 1 Dec 17 2:00 PM,45.99552921,45.99552921,0
Year 1 Dec 17 3:00 PM,33.35409808,33.35409808,0
Year 1 Dec 17 4:00 PM,17.9004471,17.9004471,0
Year 1 Dec 17 5:00 PM,1.268705091,1.268705091,0
Year 1 Dec 17 6:00 PM,0,0,0
Year 1 Dec 17 7:00 PM,0,0,0
Year 1 Dec 17 8:00 PM,0,0,0
Year 1 Dec 17 9:00 PM,0,0,0
Year 1 Dec 17 10:00 PM,0,0,0
Year 1 Dec 17 11:00 PM,0,0,0
Year 1 Dec 18 12:00 AM,0,0,0
Year 1 Dec 18 1:00 AM,0,0,0
Year 1 Dec 18 2:00 AM,0,0,0
Year 1 Dec 18 3:00 AM,0,0,0
Year 1 Dec 18 4:00 AM,0,0,0
Year 1 Dec 18 5:00 AM,0,0,0
Year 1 Dec 18 6:00 AM,0,0,0
Year 1 Dec 18 7:00 AM,0,0,0
Year 1 Dec 18 8:00 AM,9.736835674,9.736835674,0
Year 1 Dec 18 9:00 AM,26.91333436,26.91333436,0
Year 1 Dec 18 10:00 AM,35.51956116,35.51956116,0
Year 1 Dec 18 11:00 AM,40.36131952,40.36131952,0
Year 1 Dec 18 12:00 PM,42.23713641,42.23713641,0
Year 1 Dec 18 1:00 PM,41.39469655,41.39469655,0
Year 1 Dec 18 2:00 PM,38.14037821,38.14037821,0
Year 1 Dec 18 3:00 PM,31.2290058,31.2290058,0
Year 1 Dec 18 4:00 PM,18.71275908,18.71275908,0
Year 1 Dec 18 5:00 PM,1.372276168,1.372276168,0
Year 1 Dec 18 6:00 PM,0,0,0
Year 1 Dec 18 7:00 PM,0,0,0
Year 1 Dec 18 8:00 PM,0,0,0
Year 1 Dec 18 9:00 PM,0,0,0
Year 1 Dec 18 10:00 PM,0,0,0
Year 1 Dec 18 11:00 PM,0,0,0
Year 1 Dec 19 12:00 AM,0,0,0
Year 1 Dec 19 1:00 AM,0,0,0
Year 1 Dec 19 2:00 AM,0,0,0
Year 1 Dec 19 3:00 AM,0,0,0
Year 1 Dec 19 4:00 AM,0,0,0
Year 1 Dec 19 5:00 AM,0,0,0
Year 1 Dec 19 6:00 AM,0,0,0
Year 1 Dec 19 7:00 AM,0,0,0
Year 1 Dec 19 8:00 AM,7.881993371,7.881993371,0
Year 1 Dec 19 9:00 AM,21.0197132,21.0197132,0
Year 1 Dec 19 10:00 AM,28.88055335,28.88055335,0
Year 1 Dec 19 11:00 AM,32.70689334,32.70689334,0
Year 1 Dec 19 12:00 PM,36.58400761,36.58400761,0
Year 1 Dec 19 1:00 PM,47.90964428,47.90964428,0
Year 1 Dec 19 2:00 PM,39.01471954,39.01471954,0
Year 1 Dec 19 3:00 PM,28.1421815,28.1421815,0
Year 1 Dec 19 4:00 PM,15.55305442,15.55305442,0
Year 1 Dec 19 5:00 PM,1.221632877,1.221632877,0
Year 1 Dec 19 6:00 PM,0,0,0
Year 1 Dec 19 7:00 PM,0,0,0
Year 1 Dec 19 8:00 PM,0,0,0
Year 1 Dec 19 9:00 PM,0,0,0
Year 1 Dec 19 10:00 PM,0,0,0
Year 1 Dec 19 11:00 PM,0,0,0
Year 1 Dec 20 12:00 AM,0,0,0
Year 1 Dec 20 1:00 AM,0,0,0
Year 1 Dec 20 2:00 AM,0,0,0
Year 1 Dec 20 3:00 AM,0,0,0
Year 1 Dec 20 4:00 AM,0,0,0
Year 1 Dec 20 5:00 AM,0,0,0
Year 1 Dec 20 6:00 AM,0,0,0
Year 1 Dec 20 7:00 AM,0,0,0
Year 1 Dec 20 8:00 AM,8.669718072,8.669718072,0
Year 1 Dec 20 9:00 AM,26.9016536,26.9016536,0
Year 1 Dec 20 10:00 AM,36.8358839,36.8358839,0
Year 1 Dec 20 11:00 AM,45.09146582,45.09146582,0
Year 1 Dec 20 12:00 PM,52.36590066,52.36590066,0
Year 1 Dec 20 1:00 PM,53.79934173,53.79934173,0
Year 1 Dec 20 2:00 PM,44.01645276,44.01645276,0
Year 1 Dec 20 3:00 PM,38.08861955,38.08861955,0
Year 1 Dec 20 4:00 PM,21.20952793,21.20952793,0
Year 1 Dec 20 5:00 PM,1.561587399,1.561587399,0
Year 1 Dec 20 6:00 PM,0,0,0
Year 1 Dec 20 7:00 PM,0,0,0
Year 1 Dec 20 8:00 PM,0,0,0
Year 1 Dec 20 9:00 PM,0,0,0
Year 1 Dec 20 10:00 PM,0,0,0
Year 1 Dec 20 11:00 PM,0,0,0
Year 1 Dec 21 12:00 AM,0,0,0
Year 1 Dec 21 1:00 AM,0,0,0
Year 1 Dec 21 2:00 AM,0,0,0
Year 1 Dec 21 3:00 AM,0,0,0
Year 1 Dec 21 4:00 AM,0,0,0
Year 1 Dec 21 5:00 AM,0,0,0
Year 1 Dec 21 6:00 AM,0,0,0
Year 1 Dec 21 7:00 AM,0,0,0
Year 1 Dec 21 8:00 AM,6.154965671,6.154965671,0
Year 1 Dec 21 9:00 AM,25.40643809,25.40643809,0
Year 1 Dec 21 10:00 AM,48.61791534,48.61791534,0
Year 1 Dec 21 11:00 AM,69.26184548,69.26184548,0
Year 1 Dec 21 12:00 PM,60.70869614,60.70869614,0
Year 1 Dec 21 1:00 PM,63.73313052,63.73313052,0
Year 1 Dec 21 2:00 PM,54.2801745,54.2801745,0
Year 1 Dec 21 3:00 PM,36.57823754,36.57823754,0
Year 1 Dec 21 4:00 PM,17.10189721,17.10189721,0
Year 1 Dec 21 5:00 PM,1.207014553,1.207014553,0
Year 1 Dec 21 6:00 PM,0,0,0
Year 1 Dec 21 7:00 PM,0,0,0
Year 1 Dec 21 8:00 PM,0,0,0
Year 1 Dec 21 9:00 PM,0,0,0
Year 1 Dec 21 10:00 PM,0,0,0
Year 1 Dec 21 11:00 PM,0,0,0
Year 1 Dec 22 12:00 AM,0,0,0
Year 1 Dec 22 1:00 AM,0,0,0
Year 1 Dec 22 2:00 AM,0,0,0
Year 1 Dec 22 3:00 AM,0,0,0
Year 1 Dec 22 4:00 AM,0,0,0
Year 1 Dec 22 5:00 AM,0,0,0
Year 1 Dec 22 6:00 AM,0,0,0
Year 1 Dec 22 7:00 AM,0,0,0
Year 1 Dec 22 8:00 AM,6.974019207,6.974019207,0
Year 1 Dec 22 9:00 AM,22.51874349,22.51874349,0
Year 1 Dec 22 10:00 AM,53.20703113,53.20703113,0
Year 1 Dec 22 11:00 AM,64.64909221,64.64909221,0
Year 1 Dec 22 12:00 PM,72.90819582,72.90819582,0
Year 1 Dec 22 1:00 PM,74.59536695,74.59536695,0
Year 1 Dec 22 2:00 PM,64.11885768,64.11885768,0
Year 1 Dec 22 3:00 PM,42.95598362,42.95598362,0
Year 1 Dec 22 4:00 PM,20.48342684,20.48342684,0
Year 1 Dec 22 5:00 PM,1.451449678,1.451449678,0
Year 1 Dec 22 6:00 PM,0,0,0
Year 1 Dec 22 7:00 PM,0,0,0
Year 1 Dec 22 8:00 PM,0,0,0
Year 1 Dec 22 9:00 PM,0,0,0
Year 1 Dec 22 10:00 PM,0,0,0
Year 1 Dec 22 11:00 PM,0,0,0
Year 1 Dec 23 12:00 AM,0,0,0
Year 1 Dec 23 1:00 AM,0,0,0
Year 1 Dec 23 2:00 AM,0,0,0
Year 1 Dec 23 3:00 AM,0,0,0
Year 1 Dec 23 4:00 AM,0,0,0
Year 1 Dec 23 5:00 AM,0,0,0
Year 1 Dec 23 6:00 AM,0,0,0
Year 1 Dec 23 7:00 AM,0,0,0
Year 1 Dec 23 8:00 AM,8.870249949,8.870249949,0
Year 1 Dec 23 9:00 AM,25.89480044,25.89480044,0
Year 1 Dec 23 10:00 AM,30.69699064,30.69699064,0
Year 1 Dec 23 11:00 AM,32.01399802,32.01399802,0
Year 1 Dec 23 12:00 PM,31.57963082,31.57963082,0
Year 1 Dec 23 1:00 PM,30.75899863,30.75899863,0
Year 1 Dec 23 2:00 PM,28.518594,28.518594,0
Year 1 Dec 23 3:00 PM,23.50493404,23.50493404,0
Year 1 Dec 23 4:00 PM,14.92502347,14.92502347,0
Year 1 Dec 23 5:00 PM,1.292151797,1.292151797,0
Year 1 Dec 23 6:00 PM,0,0,0
Year 1 Dec 23 7:00 PM,0,0,0
Year 1 Dec 23 8:00 PM,0,0,0
Year 1 Dec 23 9:00 PM,0,0,0
Year 1 Dec 23 10:00 PM,0,0,0
Year 1 Dec 23 11:00 PM,0,0,0
Year 1 Dec 24 12:00 AM,0,0,0
Year 1 Dec 24 1:00 AM,0,0,0
Year 1 Dec 24 2:00 AM,0,0,0
Year 1 Dec 24 3:00 AM,0,0,0
Year 1 Dec 24 4:00 AM,0,0,0
Year 1 Dec 24 5:00 AM,0,0,0
Year 1 Dec 24 6:00 AM,0,0,0
Year 1 Dec 24 7:00 AM,0,0,0
Year 1 Dec 24 8:00 AM,7.60905246,7.60905246,0
Year 1 Dec 24 9:00 AM,22.85300668,22.85300668,0
Year 1 Dec 24 10:00 AM,32.73420452,32.73420452,0
Year 1 Dec 24 11:00 AM,36.4171219,36.4171219,0
Year 1 Dec 24 12:00 PM,37.72275535,37.72275535,0
Year 1 Dec 24 1:00 PM,37.17394953,37.17394953,0
Year 1 Dec 24 2:00 PM,34.53116532,34.53116532,0
Year 1 Dec 24 3:00 PM,28.37024057,28.37024057,0
Year 1 Dec 24 4:00 PM,16.95142723,16.95142723,0
Year 1 Dec 24 5:00 PM,1.492501129,1.492501129,0
Year 1 Dec 24 6:00 PM,0,0,0
Year 1 Dec 24 7:00 PM,0,0,0
Year 1 Dec 24 8:00 PM,0,0,0
Year 1 Dec 24 9:00 PM,0,0,0
Year 1 Dec 24 10:00 PM,0,0,0
Year 1 Dec 24 11:00 PM,0,0,0
Year 1 Dec 25 12:00 AM,0,0,0
Year 1 Dec 25 1:00 AM,0,0,0
Year 1 Dec 25 2:00 AM,0,0,0
Year 1 Dec 25 3:00 AM,0,0,0
Year 1 Dec 25 4:00 AM,0,0,0
Year 1 Dec 25 5:00 AM,0,0,0
Year 1 Dec 25 6:00 AM,0,0,0
Year 1 Dec 25 7:00 AM,0,0,0
Year 1 Dec 25 8:00 AM,8.321774956,8.321774956,0
Year 1 Dec 25 9:00 AM,25.9977801,25.9977801,0
Year 1 Dec 25 10:00 AM,32.04241742,32.04241742,0
Year 1 Dec 25 11:00 AM,39.85753881,39.85753881,0
Year 1 Dec 25 12:00 PM,41.73215032,41.73215032,0
Year 1 Dec 25 1:00 PM,44.67289905,44.67289905,0
Year 1 Dec 25 2:00 PM,53.34152369,53.34152369,0
Year 1 Dec 25 3:00 PM,33.70861713,33.70861713,0
Year 1 Dec 25 4:00 PM,19.83046673,19.83046673,0
Year 1 Dec 25 5:00 PM,1.45627607,1.45627607,0
Year 1 Dec 25 6:00 PM,0,0,0
Year 1 Dec 25 7:00 PM,0,0,0
Year 1 Dec 25 8:00 PM,0,0,0
Year 1 Dec 25 9:00 PM,0,0,0
Year 1 Dec 25 10:00 PM,0,0,0
Year 1 Dec 25 11:00 PM,0,0,0
Year 1 Dec 26 12:00 AM,0,0,0
Year 1 Dec 26 1:00 AM,0,0,0
Year 1 Dec 26 2:00 AM,0,0,0
Year 1 Dec 26 3:00 AM,0,0,0
Year 1 Dec 26 4:00 AM,0,0,0
Year 1 Dec 26 5:00 AM,0,0,0
Year 1 Dec 26 6:00 AM,0,0,0
Year 1 Dec 26 7:00 AM,0,0,0
Year 1 Dec 26 8:00 AM,7.718043395,7.718043395,0
Year 1 Dec 26 9:00 AM,25.43676579,25.43676579,0
Year 1 Dec 26 10:00 AM,45.5589798,45.5589798,0
Year 1 Dec 26 11:00 AM,56.35327161,56.35327161,0
Year 1 Dec 26 12:00 PM,69.05977979,69.05977979,0
Year 1 Dec 26 1:00 PM,64.07817996,64.07817996,0
Year 1 Dec 26 2:00 PM,54.45458463,54.45458463,0
Year 1 Dec 26 3:00 PM,39.71719252,39.71719252,0
Year 1 Dec 26 4:00 PM,18.61888038,18.61888038,0
Year 1 Dec 26 5:00 PM,1.380422756,1.380422756,0
Year 1 Dec 26 6:00 PM,0,0,0
Year 1 Dec 26 7:00 PM,0,0,0
Year 1 Dec 26 8:00 PM,0,0,0
Year 1 Dec 26 9:00 PM,0,0,0
Year 1 Dec 26 10:00 PM,0,0,0
Year 1 Dec 26 11:00 PM,0,0,0
Year 1 Dec 27 12:00 AM,0,0,0
Year 1 Dec 27 1:00 AM,0,0,0
Year 1 Dec 27 2:00 AM,0,0,0
Year 1 Dec 27 3:00 AM,0,0,0
Year 1 Dec 27 4:00 AM,0,0,0
Year 1 Dec 27 5:00 AM,0,0,0
Year 1 Dec 27 6:00 AM,0,0,0
Year 1 Dec 27 7:00 AM,0,0,0
Year 1 Dec 27 8:00 AM,4.697899747,4.697899747,0
Year 1 Dec 27 9:00 AM,21.58312351,21.58312351,0
Year 1 Dec 27 10:00 AM,47.63969541,47.63969541,0
Year 1 Dec 27 11:00 AM,60.45608013,60.45608013,0
Year 1 Dec 27 12:00 PM,64.48605145,64.48605145,0
Year 1 Dec 27 1:00 PM,72.81192918,72.81192918,0
Year 1 Dec 27 2:00 PM,52.37704143,52.37704143,0
Year 1 Dec 27 3:00 PM,29.78709738,29.78709738,0
Year 1 Dec 27 4:00 PM,16.04139176,16.04139176,0
Year 1 Dec 27 5:00 PM,2.064139896,2.064139896,0
Year 1 Dec 27 6:00 PM,0,0,0
Year 1 Dec 27 7:00 PM,0,0,0
Year 1 Dec 27 8:00 PM,0,0,0
Year 1 Dec 27 9:00 PM,0,0,0
Year 1 Dec 27 10:00 PM,0,0,0
Year 1 Dec 27 11:00 PM,0,0,0
Year 1 Dec 28 12:00 AM,0,0,0
Year 1 Dec 28 1:00 AM,0,0,0
Year 1 Dec 28 2:00 AM,0,0,0
Year 1 Dec 28 3:00 AM,0,0,0
Year 1 Dec 28 4:00 AM,0,0,0
Year 1 Dec 28 5:00 AM,0,0,0
Year 1 Dec 28 6:00 AM,0,0,0
Year 1 Dec 28 7:00 AM,0,0,0
Year 1 Dec 28 8:00 AM,5.54900371,5.54900371,0
Year 1 Dec 28 9:00 AM,22.56793411,22.56793411,0
Year 1 Dec 28 10:00 AM,39.22714915,39.22714915,0
Year 1 Dec 28 11:00 AM,66.11000242,66.11000242,0
Year 1 Dec 28 12:00 PM,70.22355831,70.22355831,0
Year 1 Dec 28 1:00 PM,64.08232971,64.08232971,0
Year 1 Dec 28 2:00 PM,62.15801645,62.15801645,0
Year 1 Dec 28 3:00 PM,43.96475588,43.96475588,0
Year 1 Dec 28 4:00 PM,22.28173999,22.28173999,0
Year 1 Dec 28 5:00 PM,2.47084752,2.47084752,0
Year 1 Dec 28 6:00 PM,0,0,0
Year 1 Dec 28 7:00 PM,0,0,0
Year 1 Dec 28 8:00 PM,0,0,0
Year 1 Dec 28 9:00 PM,0,0,0
Year 1 Dec 28 10:00 PM,0,0,0
Year 1 Dec 28 11:00 PM,0,0,0
Year 1 Dec 29 12:00 AM,0,0,0
Year 1 Dec 29 1:00 AM,0,0,0
Year 1 Dec 29 2:00 AM,0,0,0
Year 1 Dec 29 3:00 AM,0,0,0
Year 1 Dec 29 4:00 AM,0,0,0
Year 1 Dec 29 5:00 AM,0,0,0
Year 1 Dec 29 6:00 AM,0,0,0
Year 1 Dec 29 7:00 AM,0,0,0
Year 1 Dec 29 8:00 AM,7.367573144,7.367573144,0
Year 1 Dec 29 9:00 AM,21.91652572,21.91652572,0
Year 1 Dec 29 10:00 AM,28.5326998,28.5326998,0
Year 1 Dec 29 11:00 AM,35.91058033,35.91058033,0
Year 1 Dec 29 12:00 PM,37.88902794,37.88902794,0
Year 1 Dec 29 1:00 PM,37.28558079,37.28558079,0
Year 1 Dec 29 2:00 PM,32.87167873,32.87167873,0
Year 1 Dec 29 3:00 PM,27.8393047,27.8393047,0
Year 1 Dec 29 4:00 PM,20.18072312,20.18072312,0
Year 1 Dec 29 5:00 PM,2.990775788,2.990775788,0
Year 1 Dec 29 6:00 PM,0,0,0
Year 1 Dec 29 7:00 PM,0,0,0
Year 1 Dec 29 8:00 PM,0,0,0
Year 1 Dec 29 9:00 PM,0,0,0
Year 1 Dec 29 10:00 PM,0,0,0
Year 1 Dec 29 11:00 PM,0,0,0
Year 1 Dec 30 12:00 AM,0,0,0
Year 1 Dec 30 1:00 AM,0,0,0
Year 1 Dec 30 2:00 AM,0,0,0
Year 1 Dec 30 3:00 AM,0,0,0
Year 1 Dec 30 4:00 AM,0,0,0
Year 1 Dec 30 5:00 AM,0,0,0
Year 1 Dec 30 6:00 AM,0,0,0
Year 1 Dec 30 7:00 AM,0,0,0
Year 1 Dec 30 8:00 AM,7.573750597,7.573750597,0
Year 1 Dec 30 9:00 AM,27.82854174,27.82854174,0
Year 1 Dec 30 10:00 AM,44.42096808,44.42096808,0
Year 1 Dec 30 11:00 AM,58.42862363,58.42862363,0
Year 1 Dec 30 12:00 PM,65.42712102,65.42712102,0
Year 1 Dec 30 1:00 PM,61.78586789,61.78586789,0
Year 1 Dec 30 2:00 PM,49.58061101,49.58061101,0
Year 1 Dec 30 3:00 PM,38.06900112,38.06900112,0
Year 1 Dec 30 4:00 PM,20.70247776,20.70247776,0
Year 1 Dec 30 5:00 PM,2.576450663,2.576450663,0
Year 1 Dec 30 6:00 PM,0,0,0
Year 1 Dec 30 7:00 PM,0,0,0
Year 1 Dec 30 8:00 PM,0,0,0
Year 1 Dec 30 9:00 PM,0,0,0
Year 1 Dec 30 10:00 PM,0,0,0
Year 1 Dec 30 11:00 PM,0,0,0
Year 1 Dec 31 12:00 AM,0,0,0
Year 1 Dec 31 1:00 AM,0,0,0
Year 1 Dec 31 2:00 AM,0,0,0
Year 1 Dec 31 3:00 AM,0,0,0
Year 1 Dec 31 4:00 AM,0,0,0
Year 1 Dec 31 5:00 AM,0,0,0
Year 1 Dec 31 6:00 AM,0,0,0
Year 1 Dec 31 7:00 AM,0,0,0
Year 1 Dec 31 8:00 AM,5.838429167,5.838429167,0
Year 1 Dec 31 9:00 AM,23.64975473,23.64975473,0
Year 1 Dec 31 10:00 AM,43.67200489,43.67200489,0
Year 1 Dec 31 11:00 AM,58.01177752,58.01177752,0
Year 1 Dec 31 12:00 PM,49.99937019,49.99937019,0
Year 1 Dec 31 1:00 PM,41.79115544,41.79115544,0
Year 1 Dec 31 2:00 PM,36.48672126,36.48672126,0
Year 1 Dec 31 3:00 PM,27.05239815,27.05239815,0
Year 1 Dec 31 4:00 PM,20.67860625,20.67860625,0
Year 1 Dec 31 5:00 PM,2.816146288,2.816146288,0
Year 1 Dec 31 6:00 PM,0,0,0
Year 1 Dec 31 7:00 PM,0,0,0
Year 1 Dec 31 8:00 PM,0,0,0
Year 1 Dec 31 9:00 PM,0,0,0
Year 1 Dec 31 10:00 PM,0,0,0
Year 1 Dec 31 11:00 PM,0,0,0
Year 2 Jan 01 12:00 AM,0,0,0
,,,0
